;FLAVOR:Marlin
;TIME:821
;Filament used: 0.496391m
;Layer height: 0.2
;MINX:192.824
;MINY:160.555
;MINZ:0.2
;MAXX:234.493
;MAXY:212.341
;MAXZ:7.6
;TARGET_MACHINE.NAME:Creality K1 Max
;Generated with Cura_SteamEngine 5.13.0
M140 S0
M104 S0 
START_PRINT EXTRUDER_TEMP=200 BED_TEMP=60

M82 ;absolute extrusion mode
G92 E0
G92 E0
G1 F2400 E-0.5
;LAYER_COUNT:38
;LAYER:0
M107
G0 F6000 X204.001 Y166.472 Z0.2
;TYPE:SKIRT
G1 F2400 E0
G1 F1200 X204.569 Y165.794 E0.02942
G1 X205.015 Y165.316 E0.05116
G1 X205.511 Y164.825 E0.07438
G1 X206.044 Y164.34 E0.09834
G1 X206.303 Y164.121 E0.10962
G1 X206.823 Y163.706 E0.13175
G1 X207.229 Y163.402 E0.14862
G1 X208.01 Y162.872 E0.18001
G1 X208.746 Y162.434 E0.2085
G1 X209.323 Y162.129 E0.23021
G1 X210.123 Y161.761 E0.2595
G1 X210.959 Y161.432 E0.28938
G1 X211.914 Y161.126 E0.32273
G1 X212.483 Y160.972 E0.34234
G1 X213.241 Y160.797 E0.36821
G1 X214.402 Y160.632 E0.40722
G1 X215.325 Y160.562 E0.438
G1 X216.23 Y160.555 E0.4681
G1 X216.952 Y160.584 E0.49214
G1 X217.621 Y160.644 E0.51448
G1 X218.365 Y160.753 E0.53949
G1 X218.99 Y160.876 E0.56067
G1 X219.867 Y161.098 E0.59076
G1 X220.905 Y161.437 E0.62708
G1 X221.726 Y161.771 E0.65656
G1 X222.536 Y162.159 E0.68643
G1 X223.296 Y162.583 E0.71538
G1 X223.9 Y162.96 E0.73906
G1 X224.582 Y163.442 E0.76684
G1 X225.067 Y163.822 E0.78733
G1 X225.517 Y164.203 E0.80694
G1 X225.833 Y164.492 E0.82118
G1 X226.163 Y164.812 E0.83647
G1 X226.639 Y165.308 E0.85934
G1 X227.144 Y165.89 E0.88497
G1 X227.543 Y166.396 E0.9064
G1 X228.029 Y167.064 E0.93387
G1 X228.472 Y167.747 E0.96095
G1 X228.902 Y168.507 E0.98999
G1 X229.475 Y169.642 E1.03228
G1 X229.715 Y170.18 E1.05188
G1 X229.894 Y170.618 E1.06761
G1 X230.113 Y171.199 E1.08826
G1 X230.405 Y172.046 E1.11806
G1 X230.74 Y173.127 E1.1557
G1 X231.099 Y174.449 E1.20127
G1 X231.484 Y175.968 E1.25339
G1 X232.193 Y178.558 E1.3427
G1 X233.269 Y182.142 E1.46716
G1 X233.631 Y183.479 E1.51323
G1 X233.878 Y184.506 E1.54836
G1 X234.054 Y185.322 E1.57613
G1 X234.131 Y185.729 E1.5899
G1 X234.27 Y186.596 E1.61911
G1 X234.338 Y187.113 E1.63645
G1 X234.4 Y187.688 E1.65569
G1 X234.442 Y188.185 E1.67228
G1 X234.482 Y188.97 E1.69842
G1 X234.493 Y189.77 E1.72503
G1 X234.484 Y190.264 E1.74146
G1 X234.459 Y190.78 E1.75865
G1 X234.42 Y191.294 E1.77579
G1 X234.312 Y192.221 E1.80683
G1 X234.247 Y192.647 E1.82116
G1 X234.124 Y193.29 E1.84294
G1 X233.914 Y194.199 E1.87397
G1 X233.785 Y194.672 E1.89027
G1 X233.656 Y195.091 E1.90486
G1 X233.314 Y196.069 E1.93932
G1 X232.986 Y196.859 E1.96777
G1 X232.611 Y197.651 E1.99691
G1 X232.365 Y198.123 E2.01461
G1 X231.989 Y198.791 E2.04011
G1 X231.725 Y199.222 E2.05692
G1 X231.228 Y199.976 E2.08696
G1 X230.957 Y200.364 E2.1027
G1 X230.429 Y201.068 E2.13197
G1 X229.066 Y202.736 E2.20361
G1 X227.438 Y204.601 E2.28595
G1 X226.846 Y205.258 E2.31536
G1 X226.165 Y205.985 E2.3485
G1 X225.874 Y206.282 E2.36233
G1 X224.713 Y207.392 E2.41575
G1 X224.376 Y207.701 E2.43096
G1 X223.951 Y208.061 E2.44948
G1 X222.995 Y208.82 E2.49008
G1 X222.587 Y209.114 E2.50681
G1 X221.641 Y209.742 E2.54457
G1 X221.226 Y209.988 E2.56062
G1 X220.752 Y210.253 E2.57868
G1 X219.958 Y210.661 E2.60837
G1 X219.496 Y210.874 E2.62529
G1 X218.974 Y211.094 E2.64413
G1 X217.913 Y211.479 E2.68167
G1 X217.249 Y211.691 E2.70486
G1 X216.551 Y211.872 E2.72884
G1 X215.75 Y212.044 E2.75609
G1 X215.189 Y212.141 E2.77502
G1 X214.445 Y212.238 E2.79998
G1 X214.04 Y212.279 E2.81352
G1 X213.329 Y212.322 E2.83721
G1 X212.554 Y212.341 E2.86299
G1 X211.667 Y212.325 E2.8925
G1 X210.827 Y212.267 E2.92051
G1 X210.037 Y212.176 E2.94696
G1 X209.075 Y212.026 E2.97934
G1 X208.46 Y211.9 E3.00022
G1 X207.674 Y211.716 E3.02707
G1 X207.15 Y211.58 E3.04507
G1 X206.09 Y211.262 E3.08188
G1 X205.607 Y211.104 E3.09878
G1 X204.854 Y210.831 E3.12542
G1 X203.634 Y210.327 E3.16933
G1 X202.569 Y209.837 E3.20832
G1 X202.147 Y209.624 E3.22404
G1 X201.197 Y209.107 E3.26001
G1 X200.699 Y208.806 E3.27937
G1 X199.975 Y208.341 E3.30799
G1 X199.198 Y207.79 E3.33967
G1 X198.582 Y207.312 E3.3656
G1 X197.931 Y206.763 E3.39393
G1 X197.416 Y206.279 E3.41743
G1 X197.04 Y205.896 E3.43528
G1 X196.671 Y205.496 E3.45338
G1 X196.314 Y205.084 E3.47152
G1 X195.837 Y204.482 E3.49706
G1 X195.116 Y203.428 E3.53954
G1 X194.851 Y202.986 E3.55668
G1 X194.39 Y202.13 E3.58901
G1 X194.212 Y201.758 E3.60273
G1 X193.964 Y201.201 E3.62301
G1 X193.721 Y200.557 E3.6459
G1 X193.521 Y199.973 E3.66643
G1 X193.32 Y199.317 E3.68925
G1 X193.133 Y198.52 E3.71648
G1 X192.998 Y197.747 E3.74258
G1 X192.922 Y197.152 E3.76253
G1 X192.853 Y196.403 E3.78755
G1 X192.824 Y195.421 E3.82022
G1 X192.836 Y194.786 E3.84135
G1 X192.874 Y194.048 E3.86593
G1 X192.908 Y193.691 E3.87785
G1 X192.988 Y193.061 E3.89898
G1 X193.109 Y192.333 E3.92352
G1 X193.349 Y191.223 E3.96129
G1 X193.511 Y190.592 E3.98296
G1 X193.772 Y189.735 E4.01276
G1 X193.975 Y189.157 E4.03313
G1 X194.481 Y187.848 E4.07981
G1 X194.877 Y186.935 E4.11291
G1 X195.546 Y185.515 E4.16512
G1 X196.379 Y183.81 E4.22823
G1 X197.422 Y181.519 E4.31196
G1 X198.396 Y179.207 E4.3954
G1 X199.29 Y176.904 E4.47757
G1 X201.055 Y171.816 E4.65669
G1 X201.26 Y171.27 E4.67609
G1 X201.525 Y170.627 E4.69922
G1 X201.759 Y170.103 E4.7183
G1 X202.166 Y169.286 E4.74866
G1 X202.551 Y168.603 E4.77474
G1 X202.985 Y167.908 E4.80199
G1 X203.291 Y167.454 E4.8202
G1 X204.001 Y166.472 E4.86051
G0 F6000 X204.308 Y166.729
G1 F1200 X204.876 Y166.051 E4.88992
G1 X205.297 Y165.6 E4.91044
G1 X205.78 Y165.121 E4.93307
G1 X206.303 Y164.645 E4.95659
G1 X206.553 Y164.433 E4.96749
G1 X207.062 Y164.026 E4.98917
G1 X207.454 Y163.733 E5.00545
G1 X208.235 Y163.203 E5.03684
G1 X208.933 Y162.788 E5.06385
G1 X209.51 Y162.483 E5.08556
G1 X210.27 Y162.133 E5.11338
G1 X211.081 Y161.813 E5.14238
G1 X212.018 Y161.512 E5.17512
G1 X212.574 Y161.362 E5.19427
G1 X213.298 Y161.193 E5.219
G1 X214.432 Y161.031 E5.2571
G1 X215.355 Y160.961 E5.28788
G1 X216.214 Y160.955 E5.31646
G1 X216.936 Y160.984 E5.34049
G1 X217.563 Y161.04 E5.36143
G1 X218.307 Y161.149 E5.38644
G1 X218.892 Y161.264 E5.40627
G1 X219.769 Y161.486 E5.43635
G1 X220.754 Y161.808 E5.47082
G1 X221.575 Y162.142 E5.5003
G1 X222.341 Y162.508 E5.52854
G1 X223.084 Y162.922 E5.55683
G1 X223.669 Y163.287 E5.57976
G1 X224.335 Y163.757 E5.60687
G1 X224.809 Y164.128 E5.62689
G1 X225.247 Y164.498 E5.64596
G1 X225.555 Y164.779 E5.65983
G1 X225.875 Y165.089 E5.67465
G1 X226.337 Y165.57 E5.69683
G1 X226.83 Y166.138 E5.72185
G1 X227.22 Y166.631 E5.74275
G1 X227.694 Y167.282 E5.76954
G1 X228.124 Y167.944 E5.79579
G1 X228.545 Y168.687 E5.8242
G1 X229.11 Y169.805 E5.86586
G1 X229.345 Y170.331 E5.88502
G1 X229.52 Y170.759 E5.9004
G1 X229.735 Y171.33 E5.92069
G1 X230.023 Y172.164 E5.95004
G1 X230.354 Y173.232 E5.98723
G1 X230.711 Y174.547 E6.03255
G1 X231.098 Y176.074 E6.08494
G1 X231.807 Y178.664 E6.17426
G1 X232.883 Y182.247 E6.29869
G1 X233.242 Y183.573 E6.34438
G1 X233.487 Y184.591 E6.3792
G1 X233.661 Y185.396 E6.40659
G1 X233.736 Y185.792 E6.42
G1 X233.873 Y186.648 E6.44883
G1 X233.94 Y187.156 E6.46587
G1 X234.001 Y187.722 E6.48481
G1 X234.043 Y188.219 E6.5014
G1 X234.082 Y188.976 E6.52661
G1 X234.093 Y189.763 E6.55279
G1 X234.084 Y190.245 E6.56882
G1 X234.06 Y190.75 E6.58564
G1 X234.023 Y191.247 E6.60221
G1 X233.916 Y192.161 E6.63282
G1 X233.854 Y192.572 E6.64665
G1 X233.734 Y193.2 E6.66791
G1 X233.528 Y194.094 E6.69842
G1 X233.403 Y194.554 E6.71428
G1 X233.278 Y194.959 E6.72838
G1 X232.944 Y195.916 E6.76209
G1 X232.624 Y196.688 E6.78988
G1 X232.256 Y197.466 E6.81851
G1 X232.016 Y197.927 E6.8358
G1 X231.648 Y198.582 E6.86078
G1 X231.391 Y199.002 E6.87716
G1 X230.9 Y199.747 E6.90684
G1 X230.637 Y200.124 E6.92213
G1 X230.119 Y200.815 E6.95085
G1 X228.765 Y202.473 E7.02205
G1 X227.141 Y204.333 E7.10417
G1 X226.554 Y204.985 E7.13335
G1 X225.88 Y205.705 E7.16616
G1 X225.597 Y205.993 E7.17958
G1 X224.443 Y207.097 E7.2327
G1 X224.117 Y207.396 E7.24742
G1 X223.702 Y207.748 E7.26551
G1 X222.761 Y208.495 E7.30548
G1 X222.353 Y208.789 E7.3222
G1 X221.437 Y209.398 E7.35879
G1 X221.031 Y209.639 E7.37449
G1 X220.569 Y209.897 E7.39209
G1 X219.79 Y210.298 E7.42123
G1 X219.34 Y210.506 E7.43772
G1 X218.838 Y210.718 E7.45584
G1 X217.791 Y211.098 E7.49289
G1 X217.148 Y211.304 E7.51535
G1 X216.467 Y211.481 E7.53875
G1 X215.682 Y211.65 E7.56546
G1 X215.137 Y211.744 E7.58385
G1 X214.404 Y211.84 E7.60844
G1 X214.016 Y211.88 E7.62141
G1 X213.319 Y211.922 E7.64464
G1 X212.561 Y211.941 E7.66986
G1 X211.694 Y211.926 E7.6987
G1 X210.873 Y211.87 E7.72607
G1 X210.099 Y211.781 E7.75198
G1 X209.155 Y211.634 E7.78376
G1 X208.551 Y211.511 E7.80426
G1 X207.774 Y211.329 E7.8308
G1 X207.265 Y211.197 E7.84829
G1 X206.214 Y210.882 E7.88478
G1 X205.743 Y210.728 E7.90126
G1 X205.007 Y210.461 E7.9273
G1 X203.801 Y209.963 E7.9707
G1 X202.749 Y209.48 E8.0092
G1 X202.338 Y209.273 E8.02451
G1 X201.404 Y208.764 E8.05989
G1 X200.915 Y208.469 E8.07888
G1 X200.206 Y208.014 E8.1069
G1 X199.443 Y207.474 E8.13799
G1 X198.84 Y207.006 E8.16338
G1 X198.205 Y206.471 E8.191
G1 X197.701 Y205.998 E8.21398
G1 X197.334 Y205.625 E8.23139
G1 X196.973 Y205.234 E8.24909
G1 X196.628 Y204.836 E8.26661
G1 X196.151 Y204.234 E8.29215
G1 X195.446 Y203.202 E8.33372
G1 X195.203 Y202.796 E8.34946
G1 X194.751 Y201.957 E8.38116
G1 X194.577 Y201.595 E8.39452
G1 X194.338 Y201.06 E8.41401
G1 X194.099 Y200.428 E8.43648
G1 X193.903 Y199.855 E8.45662
G1 X193.709 Y199.225 E8.47855
G1 X193.527 Y198.451 E8.50499
G1 X193.395 Y197.696 E8.53048
G1 X193.32 Y197.115 E8.54997
G1 X193.253 Y196.391 E8.57415
G1 X193.224 Y195.428 E8.6062
G1 X193.235 Y194.807 E8.62685
G1 X193.272 Y194.086 E8.65087
G1 X193.305 Y193.741 E8.66239
G1 X193.383 Y193.126 E8.68301
G1 X193.5 Y192.418 E8.70688
G1 X193.737 Y191.322 E8.74417
G1 X193.894 Y190.708 E8.76525
G1 X194.15 Y189.867 E8.79449
G1 X194.348 Y189.301 E8.81444
G1 X194.848 Y188.007 E8.86058
G1 X195.239 Y187.105 E8.89327
G1 X195.905 Y185.691 E8.94526
G1 X196.738 Y183.986 E9.00837
G1 X197.786 Y181.685 E9.09247
G1 X198.765 Y179.362 E9.17631
G1 X199.663 Y177.049 E9.25884
G1 X200.959 Y173.331 E9.3898
G1 X201.152 Y172.747 E9.41025
G1 X201.429 Y171.957 E9.4381
G1 X201.63 Y171.422 E9.45711
G1 X201.89 Y170.79 E9.47984
G1 X202.117 Y170.281 E9.49837
G1 X202.514 Y169.482 E9.52805
G1 X202.89 Y168.815 E9.55351
G1 X203.317 Y168.131 E9.58033
G1 X203.615 Y167.688 E9.59809
G1 X204.308 Y166.729 E9.63744
G0 F6000 X204.632 Y166.963
G1 F1200 X205.168 Y166.324 E9.66518
G1 X205.579 Y165.884 E9.68521
G1 X206.049 Y165.417 E9.70725
G1 X206.562 Y164.95 E9.73032
G1 X206.803 Y164.745 E9.74084
G1 X207.302 Y164.346 E9.76209
G1 X207.679 Y164.064 E9.77775
G1 X208.46 Y163.534 E9.80915
G1 X209.12 Y163.142 E9.83468
G1 X209.697 Y162.837 E9.85638
G1 X210.417 Y162.505 E9.88276
G1 X211.204 Y162.194 E9.9109
G1 X212.123 Y161.898 E9.94301
G1 X212.665 Y161.751 E9.96169
G1 X213.355 Y161.589 E9.98526
G1 X214.462 Y161.43 E10.02246
G1 X215.385 Y161.36 E10.05325
G1 X216.198 Y161.355 E10.08029
G1 X216.92 Y161.384 E10.10432
G1 X217.505 Y161.436 E10.12386
G1 X218.23 Y161.542 E10.14823
G1 X218.794 Y161.652 E10.16734
G1 X219.649 Y161.868 E10.19667
G1 X220.604 Y162.179 E10.23008
G1 X221.403 Y162.503 E10.25875
G1 X222.146 Y162.857 E10.28613
G1 X222.873 Y163.262 E10.3138
G1 X223.439 Y163.614 E10.33597
G1 X224.089 Y164.072 E10.36242
G1 X224.551 Y164.433 E10.38192
G1 X224.978 Y164.794 E10.40052
G1 X225.277 Y165.066 E10.41396
G1 X225.587 Y165.366 E10.42831
G1 X226.035 Y165.832 E10.44981
G1 X226.516 Y166.386 E10.47421
G1 X226.897 Y166.867 E10.49462
G1 X227.359 Y167.5 E10.52069
G1 X227.776 Y168.141 E10.54612
G1 X228.188 Y168.868 E10.57391
G1 X228.745 Y169.969 E10.61495
G1 X228.975 Y170.482 E10.63365
G1 X229.146 Y170.9 E10.64867
G1 X229.357 Y171.461 E10.66861
G1 X229.641 Y172.282 E10.6975
G1 X229.968 Y173.337 E10.73424
G1 X230.323 Y174.645 E10.77932
G1 X230.712 Y176.18 E10.83198
G1 X231.421 Y178.77 E10.9213
G1 X232.497 Y182.351 E11.04566
G1 X232.853 Y183.667 E11.09101
G1 X233.096 Y184.675 E11.12549
G1 X233.268 Y185.471 E11.15258
G1 X233.341 Y185.855 E11.16558
G1 X233.476 Y186.701 E11.19407
G1 X233.542 Y187.199 E11.21078
G1 X233.602 Y187.756 E11.22942
G1 X233.644 Y188.253 E11.246
G1 X233.682 Y188.982 E11.27028
G1 X233.693 Y189.755 E11.296
G1 X233.684 Y190.226 E11.31167
G1 X233.661 Y190.721 E11.32815
G1 X233.626 Y191.2 E11.34412
G1 X233.52 Y192.102 E11.37433
G1 X233.461 Y192.497 E11.38761
G1 X233.344 Y193.11 E11.40837
G1 X233.142 Y193.989 E11.43837
G1 X233.021 Y194.436 E11.45377
G1 X232.9 Y194.827 E11.46738
G1 X232.574 Y195.763 E11.50035
G1 X232.262 Y196.517 E11.52749
G1 X231.901 Y197.281 E11.55559
G1 X231.667 Y197.731 E11.57246
G1 X231.307 Y198.373 E11.59694
G1 X231.057 Y198.782 E11.61289
G1 X230.572 Y199.518 E11.6422
G1 X230.317 Y199.884 E11.65704
G1 X229.809 Y200.562 E11.68522
G1 X228.464 Y202.21 E11.75597
G1 X226.844 Y204.065 E11.83788
G1 X226.262 Y204.712 E11.86683
G1 X225.594 Y205.425 E11.89932
G1 X225.321 Y205.704 E11.9123
G1 X224.173 Y206.802 E11.96514
G1 X223.858 Y207.091 E11.97936
G1 X223.453 Y207.435 E11.99703
G1 X222.527 Y208.171 E12.03637
G1 X222.132 Y208.456 E12.05257
G1 X221.232 Y209.054 E12.08851
G1 X220.836 Y209.29 E12.10385
G1 X220.386 Y209.541 E12.12098
G1 X219.622 Y209.935 E12.14958
G1 X219.184 Y210.138 E12.16563
G1 X218.701 Y210.342 E12.18307
G1 X217.669 Y210.717 E12.21959
G1 X217.047 Y210.917 E12.24132
G1 X216.383 Y211.09 E12.26414
G1 X215.614 Y211.256 E12.29031
G1 X215.085 Y211.347 E12.30816
G1 X214.362 Y211.442 E12.33242
G1 X213.992 Y211.481 E12.34479
G1 X213.309 Y211.522 E12.36755
G1 X212.568 Y211.541 E12.3922
G1 X211.721 Y211.527 E12.42038
G1 X210.919 Y211.473 E12.44711
G1 X210.16 Y211.386 E12.47252
G1 X209.234 Y211.242 E12.50369
G1 X208.642 Y211.122 E12.52378
G1 X207.874 Y210.942 E12.55002
G1 X207.38 Y210.814 E12.56699
G1 X206.338 Y210.502 E12.60317
G1 X205.879 Y210.352 E12.61923
G1 X205.16 Y210.091 E12.64467
G1 X203.968 Y209.599 E12.68756
G1 X202.929 Y209.123 E12.72557
G1 X202.529 Y208.922 E12.74046
G1 X201.611 Y208.422 E12.77523
G1 X201.131 Y208.132 E12.79388
G1 X200.437 Y207.687 E12.8213
G1 X199.688 Y207.158 E12.8518
G1 X199.098 Y206.7 E12.87664
G1 X198.479 Y206.179 E12.90355
G1 X197.986 Y205.717 E12.92602
G1 X197.628 Y205.354 E12.94298
G1 X197.275 Y204.972 E12.96028
G1 X196.942 Y204.588 E12.97719
G1 X196.465 Y203.986 E13.00273
G1 X195.789 Y202.996 E13.0426
G1 X195.555 Y202.606 E13.05773
G1 X195.111 Y201.783 E13.08883
G1 X194.942 Y201.432 E13.10179
G1 X194.712 Y200.918 E13.12052
G1 X194.477 Y200.298 E13.14257
G1 X194.285 Y199.737 E13.16229
G1 X194.091 Y199.107 E13.18422
G1 X193.921 Y198.382 E13.20899
G1 X193.792 Y197.644 E13.23391
G1 X193.718 Y197.078 E13.25289
G1 X193.653 Y196.379 E13.27624
G1 X193.624 Y195.435 E13.30765
G1 X193.634 Y194.827 E13.32788
G1 X193.67 Y194.124 E13.35129
G1 X193.702 Y193.791 E13.36242
G1 X193.778 Y193.191 E13.38253
G1 X193.891 Y192.503 E13.40572
G1 X194.125 Y191.421 E13.44254
G1 X194.277 Y190.824 E13.46303
G1 X194.528 Y189.999 E13.49171
G1 X194.721 Y189.445 E13.51122
G1 X195.215 Y188.166 E13.55683
G1 X195.601 Y187.275 E13.58912
G1 X196.264 Y185.867 E13.64089
G1 X197.097 Y184.162 E13.704
G1 X198.15 Y181.851 E13.78847
G1 X199.134 Y179.517 E13.87271
G1 X200.036 Y177.194 E13.9556
G1 X201.337 Y173.463 E14.08702
G1 X201.529 Y172.88 E14.10743
G1 X201.804 Y172.097 E14.13504
G1 X202 Y171.574 E14.15361
G1 X202.256 Y170.952 E14.17598
G1 X202.475 Y170.459 E14.19393
G1 X202.863 Y169.678 E14.22293
G1 X203.229 Y169.027 E14.24777
G1 X203.649 Y168.354 E14.27416
G1 X203.939 Y167.922 E14.29146
G1 X204.632 Y166.963 E14.33081
G1 F2400 E13.83081
;MESH:Rock Wall Hold Knob 1.stl
G0 F6000 X213.622 Y187.081
G0 X214.285 Y189.396
;TYPE:WALL-INNER
G1 F2400 E14.33081
G1 F1200 X213.864 Y188.992 E14.35022
G1 X213.619 Y188.395 E14.37169
G1 X213.562 Y187.738 E14.39362
G1 X213.783 Y187.165 E14.41405
G1 X214.029 Y186.81 E14.42841
G1 X214.499 Y186.449 E14.44812
G1 X214.994 Y186.251 E14.46585
G1 X215.64 Y186.244 E14.48734
G1 X216.185 Y186.458 E14.50682
G1 X216.582 Y186.771 E14.52363
G1 X216.78 Y187.021 E14.53424
G1 X216.985 Y187.441 E14.54978
G1 X217.094 Y188.007 E14.56895
G1 X216.984 Y188.54 E14.58705
G1 X216.837 Y188.865 E14.59892
G1 X216.549 Y189.229 E14.61436
G1 X216.102 Y189.552 E14.6327
G1 X215.664 Y189.71 E14.64818
G1 X215.149 Y189.732 E14.66533
G1 X214.723 Y189.626 E14.67993
G1 X214.285 Y189.396 E14.69638
G1 F2400 E14.19638
G0 F6000 X207.215 Y198.735
G0 X206.814 Y198.721
G1 F2400 E14.69638
G1 F1200 X207.114 Y198.908 E14.70814
G1 X207.989 Y199.381 E14.74123
G1 X208.004 Y199.371 E14.74182
G1 X208.449 Y199.581 E14.75819
G1 X209.112 Y199.848 E14.78196
G1 X209.913 Y200.117 E14.81007
G1 X210.734 Y200.335 E14.83832
G1 X211.115 Y200.413 E14.85125
G1 X211.49 Y200.472 E14.86388
G1 X212.04 Y200.528 E14.88227
G1 X212.413 Y200.539 E14.89468
G1 X212.668 Y200.536 E14.90316
G1 X213.039 Y200.507 E14.91554
G1 X213.49 Y200.444 E14.93068
G1 X213.849 Y200.366 E14.9429
G1 X214.121 Y200.288 E14.95231
G1 X214.482 Y200.16 E14.96505
G1 X214.845 Y200.006 E14.97817
G1 X215.109 Y199.876 E14.98796
G1 X215.436 Y199.694 E15.0004
G1 X215.998 Y199.32 E15.02286
G1 X216.372 Y199.035 E15.0385
G1 X216.839 Y198.641 E15.05882
G1 X217.24 Y198.275 E15.07688
G1 X217.642 Y197.885 E15.0955
G1 X218.432 Y197.058 E15.13354
G1 X220.137 Y195.18 E15.21791
G1 X220.603 Y194.646 E15.24148
G1 X221.016 Y194.151 E15.26292
G1 X221.352 Y193.72 E15.2811
G1 X221.767 Y193.122 E15.30531
G1 X222.067 Y192.617 E15.32485
G1 X222.25 Y192.246 E15.33861
G1 X222.403 Y191.883 E15.35171
G1 X222.489 Y191.638 E15.36034
G1 X222.58 Y191.335 E15.37087
G1 X222.674 Y190.94 E15.38437
G1 X222.763 Y190.363 E15.40379
G1 X222.784 Y190.092 E15.41283
G1 X222.795 Y189.632 E15.42813
G1 X222.78 Y188.944 E15.45102
G1 X222.751 Y188.825 E15.4551
G1 X222.687 Y188.153 E15.47755
G1 X222.657 Y188.064 E15.48067
G1 X222.571 Y187.521 E15.49896
G1 X222.497 Y187.146 E15.51167
G1 X222.385 Y186.653 E15.52848
G1 X222.367 Y186.611 E15.53
G1 X222.289 Y186.258 E15.54203
G1 X222.168 Y185.837 E15.5566
G1 X222.097 Y185.545 E15.56659
G1 X222.054 Y185.43 E15.57068
G1 X221.895 Y184.853 E15.59058
G1 X221.844 Y184.703 E15.59585
G1 X221.699 Y184.182 E15.61384
G1 X221.681 Y184.145 E15.61521
G1 X221.462 Y183.429 E15.64011
G1 X221.297 Y182.847 E15.66023
G1 X221.237 Y182.68 E15.66613
G1 X221.089 Y182.144 E15.68463
G1 X221.027 Y181.972 E15.69071
G1 X220.893 Y181.457 E15.70841
G1 X220.827 Y181.26 E15.71532
G1 X220.69 Y180.733 E15.73343
G1 X220.64 Y180.586 E15.73859
G1 X220.46 Y179.912 E15.7618
G1 X220.392 Y179.62 E15.77177
G1 X220.355 Y179.514 E15.7755
G1 X220.287 Y179.215 E15.7857
G1 X220.246 Y179.081 E15.79036
G1 X220.19 Y178.822 E15.79918
G1 X220.138 Y178.676 E15.80433
G1 X220.082 Y178.404 E15.81357
G1 X219.985 Y178.018 E15.8268
G1 X219.94 Y177.877 E15.83173
G1 X219.887 Y177.624 E15.84032
G1 X219.84 Y177.479 E15.84539
G1 X219.687 Y176.862 E15.86654
G1 X219.595 Y176.534 E15.87787
G1 X219.557 Y176.431 E15.88152
G1 X219.491 Y176.179 E15.89018
G1 X219.189 Y175.25 E15.92267
G1 X219.008 Y174.809 E15.93853
G1 X218.84 Y174.432 E15.95226
G1 X218.638 Y174.053 E15.96654
G1 X218.48 Y173.792 E15.97669
G1 X218.288 Y173.518 E15.98782
G1 X218.095 Y173.279 E15.99803
G1 X217.762 Y172.95 E16.0136
G1 X217.529 Y172.761 E16.02358
G1 X217.294 Y172.613 E16.03282
G1 X216.852 Y172.395 E16.04921
G1 X216.319 Y172.254 E16.06755
G1 X215.9 Y172.233 E16.0815
G1 X215.489 Y172.25 E16.09518
G1 X215.07 Y172.347 E16.10949
G1 X214.676 Y172.476 E16.12328
G1 X214.156 Y172.741 E16.14269
G1 X213.58 Y173.165 E16.16648
G1 X213.172 Y173.578 E16.18579
G1 X212.837 Y174.006 E16.20386
G1 X212.632 Y174.318 E16.21628
G1 X212.335 Y174.839 E16.23623
G1 X212.009 Y175.608 E16.26401
G1 X211.713 Y176.469 E16.29429
G1 X211.455 Y177.363 E16.32524
G1 X211.422 Y177.452 E16.32839
G1 X211.283 Y177.999 E16.34717
G1 X211.21 Y178.235 E16.35538
G1 X211.053 Y178.853 E16.37659
G1 X211.039 Y178.863 E16.37716
G1 X210.893 Y179.41 E16.39599
G1 X210.687 Y180.127 E16.4208
G1 X210.159 Y181.742 E16.47732
G1 X209.979 Y182.259 E16.49553
G1 X209.464 Y183.577 E16.54259
G1 X209.024 Y184.603 E16.57972
G1 X208.565 Y185.582 E16.61568
G1 X207.704 Y187.295 E16.67945
G1 X206.568 Y189.468 E16.761
G1 X205.896 Y190.836 E16.8117
G1 X205.504 Y191.708 E16.8435
G1 X205.208 Y192.436 E16.86963
G1 X205.014 Y192.971 E16.88856
G1 X204.827 Y193.605 E16.91055
G1 X204.698 Y194.192 E16.93054
G1 X204.639 Y194.534 E16.94208
G1 X204.6 Y194.908 E16.95459
G1 X204.593 Y195.428 E16.97188
G1 X204.655 Y195.951 E16.9894
G1 X204.78 Y196.398 E17.00484
G1 X204.887 Y196.687 E17.01509
G1 X205.058 Y197.025 E17.02769
G1 X205.224 Y197.283 E17.03789
G1 X205.498 Y197.646 E17.05302
G1 X205.839 Y197.982 E17.06894
G1 X206.229 Y198.316 E17.08602
G1 X206.492 Y198.508 E17.09685
G1 X206.767 Y198.692 E17.10785
G1 X206.814 Y198.721 E17.10969
G0 F6000 X206.618 Y199.071
;TYPE:WALL-OUTER
G1 F1200 X206.913 Y199.254 E17.12124
G1 X207.825 Y199.747 E17.15572
G1 X207.842 Y199.737 E17.15637
G1 X208.289 Y199.948 E17.17281
G1 X208.974 Y200.224 E17.19738
G1 X209.798 Y200.5 E17.22628
G1 X210.642 Y200.725 E17.25533
G1 X211.044 Y200.807 E17.26898
G1 X211.438 Y200.869 E17.28224
G1 X212.014 Y200.928 E17.3015
G1 X212.41 Y200.939 E17.31468
G1 X212.686 Y200.936 E17.32386
G1 X213.082 Y200.905 E17.33707
G1 X213.56 Y200.838 E17.35312
G1 X213.947 Y200.754 E17.3663
G1 X214.243 Y200.669 E17.37654
G1 X214.627 Y200.533 E17.39009
G1 X215.012 Y200.37 E17.40399
G1 X215.295 Y200.23 E17.41449
G1 X215.644 Y200.036 E17.42777
G1 X216.231 Y199.645 E17.45123
G1 X216.622 Y199.347 E17.46758
G1 X217.103 Y198.941 E17.48852
G1 X217.514 Y198.566 E17.50702
G1 X217.926 Y198.167 E17.5261
G1 X218.725 Y197.331 E17.56456
G1 X220.438 Y195.443 E17.64935
G1 X220.91 Y194.902 E17.67323
G1 X221.328 Y194.402 E17.69491
G1 X221.674 Y193.957 E17.71366
G1 X222.103 Y193.339 E17.73868
G1 X222.419 Y192.808 E17.75923
G1 X222.614 Y192.412 E17.77391
G1 X222.777 Y192.027 E17.78782
G1 X222.869 Y191.762 E17.79715
G1 X222.966 Y191.439 E17.80836
G1 X223.067 Y191.017 E17.8228
G1 X223.161 Y190.409 E17.84326
G1 X223.184 Y190.113 E17.85313
G1 X223.195 Y189.624 E17.8694
G1 X223.184 Y189.118 E17.88624
G1 X223.162 Y188.82 E17.89617
G1 X223.144 Y188.751 E17.89855
G1 X223.08 Y188.06 E17.92163
G1 X223.048 Y187.979 E17.92452
G1 X222.961 Y187.432 E17.94295
G1 X222.888 Y187.06 E17.95555
G1 X222.771 Y186.544 E17.97315
G1 X222.751 Y186.5 E17.97476
G1 X222.673 Y186.143 E17.98691
G1 X222.549 Y185.714 E18.00177
G1 X222.48 Y185.427 E18.01158
G1 X222.436 Y185.312 E18.01568
G1 X222.277 Y184.733 E18.03565
G1 X222.23 Y184.6 E18.04034
G1 X222.078 Y184.053 E18.05922
G1 X222.055 Y184.003 E18.06105
G1 X221.677 Y182.723 E18.10545
G1 X221.623 Y182.574 E18.11072
G1 X221.469 Y182.019 E18.12987
G1 X221.414 Y181.871 E18.13512
G1 X221.276 Y181.342 E18.15331
G1 X221.214 Y181.159 E18.15973
G1 X221.072 Y180.615 E18.17843
G1 X221.029 Y180.492 E18.18277
G1 X220.866 Y179.857 E18.20457
G1 X220.846 Y179.808 E18.20633
G1 X220.776 Y179.503 E18.21674
G1 X220.74 Y179.405 E18.22021
G1 X220.674 Y179.112 E18.2302
G1 X220.628 Y178.959 E18.23552
G1 X220.575 Y178.712 E18.24392
G1 X220.524 Y178.572 E18.24887
G1 X220.47 Y178.303 E18.258
G1 X220.371 Y177.91 E18.27148
G1 X220.332 Y177.794 E18.27555
G1 X220.274 Y177.52 E18.28487
G1 X220.221 Y177.357 E18.29057
G1 X220.07 Y176.744 E18.31156
G1 X219.977 Y176.413 E18.323
G1 X219.937 Y176.307 E18.32677
G1 X219.873 Y176.056 E18.33538
G1 X219.853 Y176.014 E18.33693
G1 X219.769 Y175.724 E18.34697
G1 X219.564 Y175.11 E18.3685
G1 X219.376 Y174.651 E18.385
G1 X219.2 Y174.256 E18.39938
G1 X218.986 Y173.855 E18.4145
G1 X218.816 Y173.574 E18.42542
G1 X218.608 Y173.277 E18.43748
G1 X218.319 Y172.92 E18.45276
G1 X218.024 Y172.648 E18.46611
G1 X217.763 Y172.435 E18.47731
G1 X217.49 Y172.263 E18.48804
G1 X216.993 Y172.018 E18.50647
G1 X216.387 Y171.857 E18.52733
G1 X215.902 Y171.833 E18.54348
G1 X215.435 Y171.852 E18.55902
G1 X214.962 Y171.961 E18.57517
G1 X214.522 Y172.106 E18.59058
G1 X213.946 Y172.399 E18.61207
G1 X213.421 Y172.785 E18.63374
G1 X213.221 Y172.959 E18.64256
G1 X212.871 Y173.313 E18.65912
G1 X212.511 Y173.773 E18.67855
G1 X212.291 Y174.109 E18.6919
G1 X211.976 Y174.661 E18.71304
G1 X211.635 Y175.464 E18.74206
G1 X211.331 Y176.349 E18.77318
G1 X211.072 Y177.247 E18.80427
G1 X211.04 Y177.332 E18.80729
G1 X210.895 Y177.9 E18.82679
G1 X210.825 Y178.127 E18.83469
G1 X210.674 Y178.725 E18.8552
G1 X210.659 Y178.735 E18.8558
G1 X210.509 Y179.3 E18.87524
G1 X210.307 Y180.003 E18.89957
G1 X209.781 Y181.612 E18.95587
G1 X209.607 Y182.113 E18.97351
G1 X209.096 Y183.419 E19.02016
G1 X208.662 Y184.433 E19.05684
G1 X208.207 Y185.402 E19.09245
G1 X207.35 Y187.109 E19.15598
G1 X206.211 Y189.287 E19.23773
G1 X205.534 Y190.666 E19.28882
G1 X205.136 Y191.551 E19.32109
G1 X204.835 Y192.292 E19.3477
G1 X204.634 Y192.844 E19.36724
G1 X204.439 Y193.509 E19.39028
G1 X204.305 Y194.115 E19.41093
G1 X204.243 Y194.48 E19.42324
G1 X204.2 Y194.884 E19.43675
G1 X204.193 Y195.449 E19.45555
G1 X204.261 Y196.029 E19.47497
G1 X204.399 Y196.522 E19.492
G1 X204.52 Y196.847 E19.50353
G1 X204.71 Y197.224 E19.51757
G1 X204.896 Y197.513 E19.529
G1 X205.1 Y197.782 E19.54023
G1 X205.275 Y197.987 E19.5492
G1 X205.568 Y198.276 E19.56289
G1 X205.981 Y198.63 E19.58098
G1 X206.263 Y198.836 E19.59259
G1 X206.549 Y199.028 E19.60405
G1 X206.618 Y199.071 E19.60675
G1 F2400 E19.10675
G0 F6000 X206.779 Y198.81
G0 X207.215 Y198.735
G0 X214.174 Y189.54
G0 X214.535 Y189.077
G1 F2400 E19.60675
G1 F1200 X214.207 Y188.762 E19.62188
G1 X214.01 Y188.296 E19.63871
G1 X213.973 Y187.802 E19.65518
G1 X214.134 Y187.363 E19.67074
G1 X214.338 Y187.074 E19.6825
G1 X214.707 Y186.794 E19.69791
G1 X215.096 Y186.646 E19.71175
G1 X215.565 Y186.646 E19.72735
G1 X215.965 Y186.8 E19.74161
G1 X216.282 Y187.043 E19.75489
G1 X216.45 Y187.247 E19.76368
G1 X216.603 Y187.57 E19.77557
G1 X216.688 Y188 E19.79015
G1 X216.605 Y188.401 E19.80377
G1 X216.5 Y188.641 E19.81248
G1 X216.271 Y188.936 E19.8249
G1 X215.927 Y189.186 E19.83904
G1 X215.564 Y189.317 E19.85188
G1 X215.206 Y189.329 E19.86379
G1 X214.855 Y189.248 E19.87578
G1 X214.535 Y189.077 E19.88784
G1 F2400 E19.38784
G0 F6000 X214.388 Y189.35
G0 X214.174 Y189.54
G0 X207.215 Y198.735
G0 X206.99 Y198.407
;TYPE:SKIN
G1 F2400 E19.88784
G1 F1200 X206.965 Y198.392 E19.88881
G1 X206.691 Y198.208 E19.89979
G1 X206.449 Y198.031 E19.90976
G1 X206.088 Y197.72 E19.92561
G1 X205.767 Y197.403 E19.94062
G1 X205.521 Y197.081 E19.95409
G1 X205.367 Y196.837 E19.96369
G1 X205.22 Y196.548 E19.97447
G1 X205.119 Y196.27 E19.98431
G1 X205.009 Y195.88 E19.99779
G1 X204.953 Y195.405 E20.0137
G1 X204.96 Y194.925 E20.02966
G1 X204.995 Y194.596 E20.04067
G1 X205.053 Y194.25 E20.05234
G1 X205.17 Y193.702 E20.07097
G1 X205.35 Y193.095 E20.09203
G1 X205.543 Y192.568 E20.1107
G1 X205.837 Y191.843 E20.13672
G1 X206.217 Y190.994 E20.16766
G1 X206.887 Y189.635 E20.21805
G1 X208.026 Y187.457 E20.2998
G1 X208.887 Y185.738 E20.36374
G1 X209.35 Y184.754 E20.39991
G1 X209.796 Y183.716 E20.43749
G1 X210.311 Y182.393 E20.48471
G1 X210.497 Y181.858 E20.50355
G1 X211.031 Y180.231 E20.5605
G1 X211.269 Y179.404 E20.58913
G1 X211.381 Y178.974 E20.6039
G1 X211.394 Y178.955 E20.60467
G1 X211.553 Y178.34 E20.6258
G1 X211.631 Y178.093 E20.63441
G1 X211.765 Y177.561 E20.65266
G1 X212.055 Y176.585 E20.68652
G1 X212.347 Y175.724 E20.71676
G1 X212.656 Y174.997 E20.74304
G1 X212.931 Y174.513 E20.76155
G1 X213.123 Y174.221 E20.77318
G1 X213.447 Y173.809 E20.79061
G1 X213.816 Y173.436 E20.80806
G1 X214.346 Y173.047 E20.82993
G1 X214.814 Y172.81 E20.84737
G1 X215.163 Y172.693 E20.85962
G1 X215.535 Y172.608 E20.87231
G1 X215.895 Y172.593 E20.88429
G1 X216.272 Y172.611 E20.89685
G1 X216.721 Y172.733 E20.91232
G1 X217.221 Y172.975 E20.9308
G1 X217.518 Y173.214 E20.94348
G1 X217.827 Y173.519 E20.95792
G1 X217.992 Y173.725 E20.9667
G1 X218.184 Y173.998 E20.9778
G1 X218.317 Y174.219 E20.98637
G1 X218.519 Y174.598 E21.00066
G1 X218.852 Y175.387 E21.02914
G1 X219.025 Y175.907 E21.04737
G1 X219.338 Y176.953 E21.08368
G1 X219.489 Y177.568 E21.10475
G1 X219.538 Y177.721 E21.11009
G1 X219.596 Y177.987 E21.11915
G1 X219.635 Y178.107 E21.12334
G1 X219.793 Y178.782 E21.1464
G1 X219.847 Y178.941 E21.15198
G1 X219.997 Y179.571 E21.17352
G1 X220.044 Y179.713 E21.1785
G1 X220.298 Y180.698 E21.21233
G1 X220.475 Y181.342 E21.23455
G1 X220.544 Y181.549 E21.2418
G1 X220.677 Y182.07 E21.25969
G1 X220.749 Y182.265 E21.2666
G1 X220.886 Y182.773 E21.2841
G1 X220.949 Y182.95 E21.29035
G1 X221.111 Y183.519 E21.31003
G1 X221.291 Y184.077 E21.32953
G1 X221.543 Y184.931 E21.35914
G1 X221.941 Y186.357 E21.40838
G1 X222.135 Y187.177 E21.43641
G1 X222.215 Y187.583 E21.45017
G1 X222.304 Y188.136 E21.4688
G1 X222.331 Y188.224 E21.47186
G1 X222.424 Y189.144 E21.50262
G1 X222.431 Y189.584 E21.51726
G1 X222.424 Y190.061 E21.53312
G1 X222.401 Y190.332 E21.54217
G1 X222.319 Y190.857 E21.55984
G1 X222.227 Y191.25 E21.57327
G1 X222.072 Y191.738 E21.5903
G1 X221.918 Y192.1 E21.60338
G1 X221.748 Y192.444 E21.61614
G1 X221.467 Y192.915 E21.63439
G1 X221.055 Y193.513 E21.65854
G1 X220.684 Y193.982 E21.67843
G1 X220.354 Y194.379 E21.6956
G1 X219.886 Y194.916 E21.71929
G1 X218.169 Y196.807 E21.80424
G1 X217.39 Y197.626 E21.84184
G1 X216.991 Y198.01 E21.86026
G1 X216.604 Y198.365 E21.87772
G1 X216.138 Y198.756 E21.89796
G1 X215.795 Y199.021 E21.91237
G1 X215.244 Y199.388 E21.93439
G1 X214.692 Y199.678 E21.95513
G1 X214.339 Y199.825 E21.96785
G1 X214.014 Y199.941 E21.97933
G1 X213.763 Y200.013 E21.98801
G1 X213.42 Y200.087 E21.99968
G1 X212.826 Y200.171 E22.01963
G1 X212.059 Y200.168 E22.04515
G1 X211.542 Y200.113 E22.06244
G1 X211.184 Y200.059 E22.07448
G1 X210.806 Y199.981 E22.08732
G1 X210.006 Y199.768 E22.11485
G1 X209.246 Y199.512 E22.14152
G1 X208.588 Y199.248 E22.16511
G1 X208.173 Y199.052 E22.18037
G1 X208.142 Y199.056 E22.18141
G1 X207.297 Y198.599 E22.21336
G1 X206.99 Y198.407 E22.22541
G1 F2400 E21.72541
G0 F6000 X206.853 Y198.627
G0 X207.215 Y198.735
G0 X214.174 Y189.54
G0 X214.077 Y189.69
G1 F2400 E22.22541
G1 F1200 X214.601 Y189.972 E22.2452
G1 X215.089 Y190.085 E22.26186
G1 X215.707 Y190.075 E22.28242
G1 X216.258 Y189.877 E22.30189
G1 X216.819 Y189.469 E22.32496
G1 X217.147 Y189.045 E22.34279
G1 X217.33 Y188.639 E22.3576
G1 X217.457 Y188.015 E22.37878
G1 X217.337 Y187.354 E22.40113
G1 X217.109 Y186.862 E22.41916
G1 X216.853 Y186.539 E22.43287
G1 X216.353 Y186.138 E22.45419
G1 X215.702 Y185.886 E22.47741
G1 X214.944 Y185.887 E22.50262
G1 X214.312 Y186.131 E22.52515
G1 X213.763 Y186.558 E22.54828
G1 X213.454 Y187.007 E22.56641
G1 X213.196 Y187.685 E22.59054
G1 X213.263 Y188.483 E22.61717
G1 X213.563 Y189.198 E22.64296
G1 X214.077 Y189.69 E22.66663
G1 F2400 E22.16663
G0 F6000 X214.221 Y189.476
G0 X213.711 Y189.097
G0 X204.793 Y195.418
G0 X205.337 Y196.286
G1 F2400 E22.66663
G1 F1200 X207.57 Y198.519 E22.77166
G0 F6000 X207.352 Y198.921
G0 X208.519 Y199.501
G0 X208.691 Y199.075
G1 F1200 X205.171 Y195.555 E22.93723
G0 F6000 X205.159 Y194.977
G1 F1200 X209.603 Y199.42 E23.14624
G0 F6000 X210.418 Y199.67
G1 F1200 X205.218 Y194.47 E23.39083
G0 F6000 X205.311 Y193.998
G1 F1200 X211.163 Y199.85 E23.66609
G0 F6000 X211.821 Y199.942
G1 F1200 X205.424 Y193.545 E23.96699
G0 F6000 X205.557 Y193.112
G1 F1200 X212.414 Y199.969 E24.28952
G0 F6000 X212.961 Y199.95
G1 F1200 X205.708 Y192.697 E24.63068
G0 F6000 X205.87 Y192.293
G1 F1200 X213.452 Y199.876 E24.98734
G0 F6000 X213.908 Y199.766
G1 F1200 X206.033 Y191.891 E25.35775
G0 F6000 X206.209 Y191.501
G1 F1200 X214.323 Y199.615 E25.73941
G0 F6000 X214.714 Y199.44
G1 F1200 X206.384 Y191.11 E26.13123
G0 F6000 X206.569 Y190.73
G1 F1200 X215.085 Y199.246 E26.53179
G0 F6000 X215.429 Y199.024
G1 F1200 X206.756 Y190.351 E26.93975
G0 F6000 X206.943 Y189.972
G1 F1200 X215.762 Y198.792 E27.35459
G0 F6000 X216.08 Y198.544
G1 F1200 X207.133 Y189.597 E27.77543
G0 F6000 X207.327 Y189.225
G1 F1200 X216.387 Y198.285 E28.20158
G0 F6000 X216.686 Y198.018
G1 F1200 X207.521 Y188.853 E28.63268
G0 F6000 X207.715 Y188.482
G1 F1200 X216.978 Y197.745 E29.06838
G0 F6000 X217.266 Y197.467
G1 F1200 X207.91 Y188.111 E29.50846
G0 F6000 X208.104 Y187.739
G1 F1200 X217.542 Y197.177 E29.95239
G0 F6000 X217.818 Y196.888
G1 F1200 X208.295 Y187.365 E30.40032
G0 F6000 X208.484 Y186.988
G1 F1200 X218.092 Y196.596 E30.85225
G0 F6000 X218.361 Y196.299
G1 F1200 X208.673 Y186.611 E31.30795
G0 F6000 X208.862 Y186.234
G1 F1200 X218.63 Y196.003 E31.76743
G0 F6000 X218.9 Y195.707
G1 F1200 X209.05 Y185.857 E32.23074
G0 F6000 X209.232 Y185.473
G1 F1200 X219.169 Y195.41 E32.69815
G0 F6000 X219.438 Y195.113
G1 F1200 X214.427 Y190.102 E32.93385
G0 F6000 X215.178 Y190.287
G1 F1200 X219.707 Y194.817 E33.1469
G0 F6000 X219.971 Y194.515
G1 F1200 X215.726 Y190.27 E33.34658
G0 F6000 X216.149 Y190.128
G1 F1200 X220.233 Y194.212 E33.53867
G0 F6000 X220.49 Y193.903
G1 F1200 X216.524 Y189.937 E33.72522
G0 F6000 X216.85 Y189.697
G1 F1200 X220.741 Y193.588 E33.90824
G0 F6000 X220.984 Y193.265
G1 F1200 X217.123 Y189.404 E34.08985
G0 F6000 X217.356 Y189.072
G1 F1200 X221.215 Y192.931 E34.27137
G0 F6000 X221.433 Y192.583
G1 F1200 X217.527 Y188.677 E34.4551
G0 F6000 X217.624 Y188.208
G1 F1200 X221.636 Y192.22 E34.64381
G0 F6000 X221.814 Y191.833
G1 F1200 X217.587 Y187.606 E34.84263
G0 F6000 X217.135 Y187.686
G0 X216.829 Y186.922
G0 X217.184 Y186.637
G1 F1200 X221.964 Y191.417 E35.06747
G0 F6000 X222.087 Y190.974
G1 F1200 X211.262 Y180.149 E35.57664
G0 F6000 X211.127 Y180.58
G1 F1200 X216.719 Y186.172 E35.83967
G0 F6000 X216.432 Y186.528
G0 X215.669 Y186.144
G0 X215.67 Y185.688
G1 F1200 X210.987 Y181.005 E36.05995
G0 F6000 X210.847 Y181.432
G1 F1200 X215.105 Y185.689 E36.26021
G0 F6000 X214.638 Y185.788
G1 F1200 X210.707 Y181.857 E36.44511
G0 F6000 X210.562 Y182.278
G1 F1200 X214.233 Y185.949 E36.61778
G0 F6000 X213.909 Y186.19
G1 F1200 X210.409 Y182.69 E36.78241
G0 F6000 X210.25 Y183.098
G1 F1200 X213.598 Y186.445 E36.93987
G0 F6000 X213.369 Y186.782
G1 F1200 X210.092 Y183.505 E37.09401
G0 F6000 X209.931 Y183.909
G1 F1200 X213.183 Y187.161 E37.24697
G0 F6000 X213.027 Y187.571
G1 F1200 X209.76 Y184.305 E37.40062
G0 F6000 X209.591 Y184.701
G1 F1200 X213.034 Y188.144 E37.56257
G0 F6000 X213.215 Y188.89
G1 F1200 X209.413 Y185.089 E37.74138
G1 F2400 E37.24138
G0 F6000 X208.999 Y184.894
G0 X210.947 Y179.584
G0 X211.388 Y179.71
G1 F2400 E37.74138
G1 F1200 X222.174 Y190.495 E38.24869
G0 F6000 X222.225 Y189.981
G1 F1200 X211.51 Y179.266 E38.7527
G0 F6000 X211.634 Y178.824
G1 F1200 X222.229 Y189.419 E39.25105
G0 F6000 X222.191 Y188.815
G1 F1200 X211.751 Y178.375 E39.74212
G0 F6000 X211.877 Y177.936
G1 F1200 X222.106 Y188.165 E40.22326
G0 F6000 X221.993 Y187.486
G1 F1200 X211.995 Y177.488 E40.69353
G0 F6000 X212.125 Y177.052
G1 F1200 X221.831 Y186.758 E41.15007
G0 F6000 X221.633 Y185.995
G1 F1200 X212.255 Y176.617 E41.59119
G0 F6000 X212.398 Y176.194
G1 F1200 X221.414 Y185.21 E42.01527
G0 F6000 X221.182 Y184.412
G1 F1200 X212.543 Y175.773 E42.42162
G0 F6000 X212.712 Y175.377
G1 F1200 X220.924 Y183.589 E42.80789
G0 F6000 X220.681 Y182.78
G1 F1200 X212.89 Y174.989 E43.17436
G0 F6000 X213.095 Y174.629
G1 F1200 X220.448 Y181.982 E43.52022
G0 F6000 X220.227 Y181.195
G1 F1200 X213.323 Y174.291 E43.84496
G0 F6000 X213.571 Y173.973
G1 F1200 X220.02 Y180.422 E44.1483
G0 F6000 X219.813 Y179.649
G1 F1200 X213.85 Y173.686 E44.42878
G0 F6000 X214.161 Y173.431
G1 F1200 X219.617 Y178.888 E44.68544
G0 F6000 X219.436 Y178.141
G1 F1200 X214.492 Y173.197 E44.91799
G0 F6000 X214.868 Y173.007
G1 F1200 X219.236 Y177.376 E45.12347
G0 F6000 X219.022 Y176.596
G1 F1200 X215.295 Y172.869 E45.29878
G0 F6000 X215.79 Y172.798
G1 F1200 X218.772 Y175.78 E45.43904
G0 F6000 X218.409 Y174.851
G1 F1200 X216.416 Y172.858 E45.53279
M104 S200
G1 F2400 E45.03279
;MESH:NONMESH
G0 F300 Z0.4
G0 F6000 X216.534 Y172.415
G0 X214.615 Y172.318
G0 X214.12 Y171.343
G0 X204.632 Y166.963
;TIME_ELAPSED:81.620924
;LAYER:1
M106 S85
;TYPE:SKIRT
G1 F2400 E45.53279
G1 F1200 X205.168 Y166.324 E45.56053
G1 X205.579 Y165.884 E45.58055
G1 X206.049 Y165.417 E45.60259
G1 X206.562 Y164.95 E45.62566
G1 X206.803 Y164.745 E45.63619
G1 X207.302 Y164.346 E45.65744
G1 X207.679 Y164.064 E45.6731
G1 X208.46 Y163.534 E45.70449
G1 X209.12 Y163.142 E45.73002
G1 X209.697 Y162.837 E45.75173
G1 X210.417 Y162.505 E45.7781
G1 X211.204 Y162.194 E45.80624
G1 X212.123 Y161.898 E45.83836
G1 X212.665 Y161.751 E45.85703
G1 X213.355 Y161.589 E45.88061
G1 X214.462 Y161.43 E45.9178
G1 X215.385 Y161.36 E45.94859
G1 X216.198 Y161.355 E45.97563
G1 X216.92 Y161.384 E45.99967
G1 X217.505 Y161.436 E46.0192
G1 X218.23 Y161.542 E46.04357
G1 X218.794 Y161.652 E46.06268
G1 X219.649 Y161.868 E46.09201
G1 X220.604 Y162.179 E46.12542
G1 X221.403 Y162.503 E46.15409
G1 X222.146 Y162.857 E46.18147
G1 X222.873 Y163.262 E46.20915
G1 X223.439 Y163.614 E46.23132
G1 X224.089 Y164.072 E46.25776
G1 X224.551 Y164.433 E46.27726
G1 X224.978 Y164.794 E46.29586
G1 X225.277 Y165.066 E46.30931
G1 X225.587 Y165.366 E46.32365
G1 X226.035 Y165.832 E46.34515
G1 X226.516 Y166.386 E46.36956
G1 X226.897 Y166.867 E46.38996
G1 X227.359 Y167.5 E46.41603
G1 X227.776 Y168.141 E46.44146
G1 X228.188 Y168.868 E46.46926
G1 X228.745 Y169.969 E46.5103
G1 X228.975 Y170.482 E46.52899
G1 X229.146 Y170.9 E46.54402
G1 X229.357 Y171.461 E46.56395
G1 X229.641 Y172.282 E46.59284
G1 X229.968 Y173.337 E46.62958
G1 X230.323 Y174.645 E46.67466
G1 X230.712 Y176.18 E46.72733
G1 X231.421 Y178.77 E46.81664
G1 X232.497 Y182.351 E46.94101
G1 X232.853 Y183.667 E46.98635
G1 X233.096 Y184.675 E47.02084
G1 X233.268 Y185.471 E47.04792
G1 X233.341 Y185.855 E47.06092
G1 X233.476 Y186.701 E47.08942
G1 X233.542 Y187.199 E47.10613
G1 X233.602 Y187.756 E47.12476
G1 X233.644 Y188.253 E47.14135
G1 X233.682 Y188.982 E47.16563
G1 X233.693 Y189.755 E47.19134
G1 X233.684 Y190.226 E47.20701
G1 X233.661 Y190.721 E47.22349
G1 X233.626 Y191.2 E47.23946
G1 X233.52 Y192.102 E47.26967
G1 X233.461 Y192.497 E47.28295
G1 X233.344 Y193.11 E47.30371
G1 X233.142 Y193.989 E47.33371
G1 X233.021 Y194.436 E47.34911
G1 X232.9 Y194.827 E47.36272
G1 X232.574 Y195.763 E47.39569
G1 X232.262 Y196.517 E47.42283
G1 X231.901 Y197.281 E47.45093
G1 X231.667 Y197.731 E47.4678
G1 X231.307 Y198.373 E47.49229
G1 X231.057 Y198.782 E47.50823
G1 X230.572 Y199.518 E47.53755
G1 X230.317 Y199.884 E47.55238
G1 X229.809 Y200.562 E47.58056
G1 X228.464 Y202.21 E47.65131
G1 X226.844 Y204.065 E47.73322
G1 X226.262 Y204.712 E47.76217
G1 X225.594 Y205.425 E47.79466
G1 X225.321 Y205.704 E47.80765
G1 X224.173 Y206.802 E47.86048
G1 X223.858 Y207.091 E47.8747
G1 X223.453 Y207.435 E47.89237
G1 X222.527 Y208.171 E47.93172
G1 X222.132 Y208.456 E47.94792
G1 X221.232 Y209.054 E47.98386
G1 X220.836 Y209.29 E47.99919
G1 X220.386 Y209.541 E48.01633
G1 X219.622 Y209.935 E48.04492
G1 X219.184 Y210.138 E48.06097
G1 X218.701 Y210.342 E48.07841
G1 X217.669 Y210.717 E48.11493
G1 X217.047 Y210.917 E48.13666
G1 X216.383 Y211.09 E48.15949
G1 X215.614 Y211.256 E48.18565
G1 X215.085 Y211.347 E48.20351
G1 X214.362 Y211.442 E48.22776
G1 X213.992 Y211.481 E48.24013
G1 X213.309 Y211.522 E48.26289
G1 X212.568 Y211.541 E48.28755
G1 X211.721 Y211.527 E48.31572
G1 X210.919 Y211.473 E48.34246
G1 X210.16 Y211.386 E48.36787
G1 X209.234 Y211.242 E48.39903
G1 X208.642 Y211.122 E48.41913
G1 X207.874 Y210.942 E48.44536
G1 X207.38 Y210.814 E48.46233
G1 X206.338 Y210.502 E48.49851
G1 X205.879 Y210.352 E48.51457
G1 X205.16 Y210.091 E48.54001
G1 X203.968 Y209.599 E48.5829
G1 X202.929 Y209.123 E48.62092
G1 X202.529 Y208.922 E48.6358
G1 X201.611 Y208.422 E48.67057
G1 X201.131 Y208.132 E48.68922
G1 X200.437 Y207.687 E48.71664
G1 X199.688 Y207.158 E48.74714
G1 X199.098 Y206.7 E48.77199
G1 X198.479 Y206.179 E48.7989
G1 X197.986 Y205.717 E48.82137
G1 X197.628 Y205.354 E48.83832
G1 X197.275 Y204.972 E48.85562
G1 X196.942 Y204.588 E48.87253
G1 X196.465 Y203.986 E48.89808
G1 X195.789 Y202.996 E48.93795
G1 X195.555 Y202.606 E48.95307
G1 X195.111 Y201.783 E48.98418
G1 X194.942 Y201.432 E48.99713
G1 X194.712 Y200.918 E49.01586
G1 X194.477 Y200.298 E49.03792
G1 X194.285 Y199.737 E49.05764
G1 X194.091 Y199.107 E49.07956
G1 X193.921 Y198.382 E49.10433
G1 X193.792 Y197.644 E49.12925
G1 X193.718 Y197.078 E49.14823
G1 X193.653 Y196.379 E49.17158
G1 X193.624 Y195.435 E49.203
G1 X193.634 Y194.827 E49.22322
G1 X193.67 Y194.124 E49.24663
G1 X193.702 Y193.791 E49.25776
G1 X193.778 Y193.191 E49.27787
G1 X193.891 Y192.503 E49.30106
G1 X194.125 Y191.421 E49.33788
G1 X194.277 Y190.824 E49.35837
G1 X194.528 Y189.999 E49.38706
G1 X194.721 Y189.445 E49.40657
G1 X195.215 Y188.166 E49.45217
G1 X195.601 Y187.275 E49.48447
G1 X196.264 Y185.867 E49.53623
G1 X197.097 Y184.162 E49.59934
G1 X198.15 Y181.851 E49.68381
G1 X199.134 Y179.517 E49.76806
G1 X200.036 Y177.194 E49.85094
G1 X201.337 Y173.463 E49.98236
G1 X201.529 Y172.88 E50.00278
G1 X201.804 Y172.097 E50.03038
G1 X202 Y171.574 E50.04896
G1 X202.256 Y170.952 E50.07133
G1 X202.475 Y170.459 E50.08927
G1 X202.863 Y169.678 E50.11827
G1 X203.229 Y169.027 E50.14311
G1 X203.649 Y168.354 E50.1695
G1 X203.939 Y167.922 E50.1868
G1 X204.632 Y166.963 E50.22616
G1 F2400 E49.72616
;MESH:Rock Wall Hold Knob 1.stl
G0 F7500 X213.67 Y186.99
G0 X214.479 Y189.51
;TYPE:WALL-INNER
G1 F2400 E50.22616
G1 F1350 X214.117 Y189.242 E50.24114
G1 X213.854 Y188.92 E50.25497
G1 X213.682 Y188.585 E50.26749
G1 X213.583 Y188.067 E50.28503
G1 X213.623 Y187.609 E50.30032
G1 X213.829 Y187.078 E50.31927
G1 X214.12 Y186.731 E50.33433
G1 X214.456 Y186.471 E50.34846
G1 X214.821 Y186.322 E50.36157
G1 X215.302 Y186.235 E50.37783
G1 X215.824 Y186.318 E50.39541
G1 X216.24 Y186.495 E50.41045
G1 X216.709 Y186.877 E50.43056
G1 X216.988 Y187.451 E50.45179
G1 X217.064 Y187.86 E50.46563
G1 X217.023 Y188.394 E50.48344
G1 X216.888 Y188.757 E50.49632
G1 X216.591 Y189.194 E50.5139
G1 X216.147 Y189.525 E50.53232
G1 X215.593 Y189.741 E50.55209
G1 X214.93 Y189.689 E50.57421
G1 X214.479 Y189.51 E50.59035
G1 F2400 E50.09035
G0 F7500 X213.987 Y189.379
G0 X207.303 Y198.911
G0 X206.763 Y198.812
G1 F2400 E50.59035
G1 F1350 X206.877 Y198.888 E50.59491
G1 X207.207 Y199.086 E50.60771
G1 X207.937 Y199.455 E50.63491
G1 X208.369 Y199.654 E50.65073
G1 X208.734 Y199.806 E50.66388
G1 X209.518 Y200.102 E50.69176
G1 X209.527 Y200.095 E50.69214
G1 X209.91 Y200.221 E50.70555
G1 X210.576 Y200.403 E50.72851
G1 X211.305 Y200.552 E50.75326
G1 X211.918 Y200.634 E50.77383
G1 X211.928 Y200.625 E50.77427
G1 X212.242 Y200.648 E50.78475
G1 X212.496 Y200.651 E50.79319
G1 X212.872 Y200.637 E50.80571
G1 X213.306 Y200.597 E50.82021
G1 X213.804 Y200.499 E50.83709
G1 X214.147 Y200.407 E50.8489
G1 X214.574 Y200.251 E50.86402
G1 X215.039 Y200.042 E50.88097
G1 X215.416 Y199.834 E50.8953
G1 X215.687 Y199.665 E50.90592
G1 X215.973 Y199.469 E50.91745
G1 X216.278 Y199.239 E50.93016
G1 X216.661 Y198.928 E50.94656
G1 X217.063 Y198.564 E50.9646
G1 X217.502 Y198.145 E50.98479
G1 X217.893 Y197.745 E51.00339
G1 X218.535 Y197.053 E51.03479
G1 X220.004 Y195.408 E51.10814
G1 X220.963 Y194.292 E51.15708
G1 X221.356 Y193.787 E51.17836
G1 X221.659 Y193.37 E51.19551
G1 X221.949 Y192.914 E51.21348
G1 X222.117 Y192.618 E51.2248
G1 X222.359 Y192.132 E51.24286
G1 X222.591 Y191.485 E51.26572
G1 X222.68 Y191.166 E51.27674
G1 X222.753 Y190.817 E51.28859
G1 X222.792 Y190.562 E51.29717
G1 X222.848 Y189.859 E51.32063
G1 X222.851 Y189.508 E51.3323
G1 X222.798 Y188.664 E51.36043
G1 X222.755 Y188.317 E51.37206
G1 X222.668 Y187.763 E51.39071
G1 X222.576 Y187.28 E51.40707
G1 X222.393 Y186.486 E51.43417
G1 X222.087 Y185.35 E51.4733
G1 X221.159 Y182.281 E51.57994
G1 X220.663 Y180.549 E51.63986
G1 X220.245 Y178.957 E51.6946
G1 X219.878 Y177.471 E51.74551
G1 X219.671 Y176.695 E51.77223
G1 X219.486 Y176.05 E51.79454
G1 X219.196 Y175.178 E51.82511
G1 X219.016 Y174.724 E51.84135
G1 X218.83 Y174.32 E51.85615
G1 X218.596 Y173.884 E51.8726
G1 X218.305 Y173.444 E51.89015
G1 X217.966 Y173.069 E51.90696
G1 X217.598 Y172.736 E51.92347
G1 X217.221 Y172.509 E51.93811
G1 X216.857 Y172.346 E51.95137
G1 X216.556 Y172.25 E51.96188
G1 X216.224 Y172.197 E51.97306
G1 X215.897 Y172.171 E51.98397
G1 X215.495 Y172.203 E51.99738
G1 X215.134 Y172.284 E52.00969
G1 X214.881 Y172.365 E52.01853
G1 X214.552 Y172.498 E52.03033
G1 X214.218 Y172.672 E52.04285
G1 X213.884 Y172.9 E52.05631
G1 X213.599 Y173.124 E52.06836
G1 X213.154 Y173.582 E52.0896
G1 X212.827 Y174.021 E52.10781
G1 X212.677 Y174.258 E52.11714
G1 X212.421 Y174.723 E52.13479
G1 X212.105 Y175.415 E52.16009
G1 X211.916 Y175.939 E52.17862
G1 X211.724 Y176.536 E52.19948
G1 X210.945 Y179.391 E52.29791
G1 X210.736 Y180.111 E52.32284
G1 X210.326 Y181.396 E52.36771
G1 X210.029 Y182.238 E52.3974
G1 X209.748 Y182.975 E52.42364
G1 X209.225 Y184.231 E52.46889
G1 X208.917 Y184.902 E52.49344
G1 X208.394 Y185.983 E52.53339
G1 X207.91 Y186.922 E52.56852
G1 X206.666 Y189.262 E52.65666
G1 X206.257 Y190.061 E52.68652
G1 X205.67 Y191.259 E52.73089
G1 X205.493 Y191.64 E52.74486
G1 X205.204 Y192.319 E52.76941
G1 X205.021 Y192.789 E52.78618
G1 X204.824 Y193.38 E52.8069
G1 X204.643 Y194.071 E52.83066
G1 X204.544 Y194.61 E52.84889
G1 X204.508 Y195.007 E52.86215
G1 X204.492 Y195.436 E52.87642
G1 X204.524 Y195.778 E52.88785
G1 X204.572 Y196.063 E52.89746
G1 X204.685 Y196.506 E52.91267
G1 X204.88 Y196.942 E52.92855
G1 X205.07 Y197.271 E52.94119
G1 X205.273 Y197.559 E52.95291
G1 X205.563 Y197.877 E52.96722
G1 X205.951 Y198.237 E52.98483
G1 X206.298 Y198.503 E52.99937
G1 X206.763 Y198.812 E53.01794
G0 F7500 X206.566 Y199.162
;TYPE:WALL-OUTER
G1 F1350 X206.663 Y199.226 E53.0218
G1 X207.013 Y199.436 E53.03538
G1 X207.763 Y199.815 E53.06333
G1 X208.209 Y200.02 E53.07966
G1 X208.586 Y200.178 E53.09325
G1 X209.398 Y200.484 E53.12211
G1 X209.408 Y200.477 E53.12252
G1 X209.794 Y200.604 E53.13603
G1 X210.483 Y200.793 E53.1598
G1 X211.238 Y200.946 E53.18542
G1 X211.889 Y201.034 E53.20727
G1 X211.899 Y201.024 E53.20774
G1 X212.225 Y201.048 E53.21861
G1 X212.501 Y201.051 E53.22779
G1 X212.898 Y201.036 E53.241
G1 X213.363 Y200.993 E53.25654
G1 X213.894 Y200.889 E53.27453
G1 X214.267 Y200.789 E53.28738
G1 X214.724 Y200.622 E53.30356
G1 X215.218 Y200.4 E53.32157
G1 X215.618 Y200.179 E53.33677
G1 X215.906 Y200 E53.34805
G1 X216.207 Y199.793 E53.3602
G1 X216.524 Y199.554 E53.37341
G1 X216.921 Y199.232 E53.39041
G1 X217.335 Y198.857 E53.40899
G1 X217.783 Y198.429 E53.42959
G1 X218.183 Y198.021 E53.4486
G1 X218.804 Y197.353 E53.47893
G1 X220.305 Y195.672 E53.55389
G1 X221.273 Y194.545 E53.6033
G1 X221.676 Y194.027 E53.62513
G1 X221.99 Y193.595 E53.64289
G1 X222.292 Y193.12 E53.66161
G1 X222.471 Y192.806 E53.67364
G1 X222.727 Y192.289 E53.69282
G1 X222.973 Y191.607 E53.71694
G1 X223.069 Y191.26 E53.72891
G1 X223.147 Y190.888 E53.74155
G1 X223.189 Y190.611 E53.75087
G1 X223.228 Y190.2 E53.7646
G1 X223.248 Y189.873 E53.7755
G1 X223.251 Y189.498 E53.78797
G1 X223.196 Y188.627 E53.817
G1 X223.15 Y188.256 E53.82943
G1 X223.072 Y187.75 E53.84646
G1 X222.968 Y187.198 E53.86515
G1 X222.781 Y186.389 E53.89276
G1 X222.458 Y185.195 E53.9339
G1 X221.543 Y182.171 E54.03898
G1 X221.05 Y180.447 E54.09862
G1 X220.633 Y178.861 E54.15317
G1 X220.264 Y177.369 E54.20429
G1 X220.067 Y176.626 E54.22985
G1 X219.868 Y175.932 E54.25387
G1 X219.572 Y175.041 E54.28509
G1 X219.384 Y174.567 E54.30205
G1 X219.188 Y174.142 E54.31762
G1 X218.94 Y173.679 E54.33509
G1 X218.701 Y173.317 E54.34952
G1 X218.534 Y173.101 E54.3586
G1 X218.25 Y172.786 E54.3727
G1 X217.967 Y172.53 E54.3854
G1 X217.746 Y172.358 E54.39471
G1 X217.407 Y172.154 E54.40787
G1 X217 Y171.972 E54.4227
G1 X216.649 Y171.86 E54.43495
G1 X216.272 Y171.799 E54.44765
G1 X215.897 Y171.769 E54.46017
G1 X215.435 Y171.807 E54.47558
G1 X215.029 Y171.898 E54.48942
G1 X214.745 Y171.989 E54.49934
G1 X214.384 Y172.134 E54.51228
G1 X214.012 Y172.328 E54.52624
G1 X213.647 Y172.578 E54.54095
G1 X213.414 Y172.761 E54.5508
G1 X213.216 Y172.944 E54.55977
G1 X212.849 Y173.322 E54.5773
G1 X212.497 Y173.794 E54.59688
G1 X212.333 Y174.054 E54.6071
G1 X212.063 Y174.543 E54.62568
G1 X211.734 Y175.264 E54.65204
G1 X211.538 Y175.809 E54.6713
G1 X211.34 Y176.422 E54.69273
G1 X210.561 Y179.28 E54.79126
G1 X210.355 Y179.989 E54.81581
G1 X209.949 Y181.263 E54.86029
G1 X209.655 Y182.096 E54.88967
G1 X209.378 Y182.824 E54.91557
G1 X208.862 Y184.064 E54.96024
G1 X208.557 Y184.728 E54.98455
G1 X208.038 Y185.8 E55.02416
G1 X207.557 Y186.734 E55.0591
G1 X206.31 Y189.08 E55.14747
G1 X205.899 Y189.882 E55.17744
G1 X205.309 Y191.087 E55.22207
G1 X205.127 Y191.478 E55.23641
G1 X204.834 Y192.168 E55.26134
G1 X204.645 Y192.653 E55.27866
G1 X204.44 Y193.266 E55.30016
G1 X204.252 Y193.984 E55.32484
G1 X204.147 Y194.556 E55.34418
G1 X204.108 Y194.981 E55.35838
G1 X204.097 Y195.295 E55.36883
G1 X204.1 Y195.545 E55.37714
G1 X204.127 Y195.83 E55.38667
G1 X204.18 Y196.146 E55.39732
G1 X204.306 Y196.638 E55.41422
G1 X204.523 Y197.124 E55.43192
G1 X204.733 Y197.487 E55.44587
G1 X204.961 Y197.81 E55.45902
G1 X205.276 Y198.156 E55.47458
G1 X205.488 Y198.361 E55.48439
G1 X205.696 Y198.545 E55.49362
G1 X206.065 Y198.829 E55.50911
G1 X206.566 Y199.162 E55.52912
G1 F2400 E55.02912
G0 F7500 X206.729 Y198.906
G0 X207.303 Y198.911
G0 X214.082 Y189.446
G0 X214.677 Y189.159
G1 F2400 E55.52912
G1 F1350 X214.397 Y188.96 E55.54054
G1 X214.191 Y188.704 E55.55147
G1 X214.059 Y188.428 E55.56165
G1 X213.986 Y188.061 E55.5741
G1 X214.014 Y187.71 E55.58581
G1 X214.17 Y187.304 E55.60027
G1 X214.372 Y187.045 E55.6112
G1 X214.641 Y186.834 E55.62257
G1 X214.924 Y186.708 E55.63287
G1 X215.32 Y186.644 E55.64621
G1 X215.715 Y186.703 E55.6595
G1 X216.014 Y186.833 E55.67034
G1 X216.385 Y187.135 E55.68625
G1 X216.613 Y187.609 E55.70375
G1 X216.664 Y187.908 E55.71383
G1 X216.633 Y188.287 E55.72648
G1 X216.529 Y188.579 E55.73679
G1 X216.3 Y188.911 E55.75021
G1 X215.948 Y189.174 E55.76482
G1 X215.535 Y189.33 E55.7795
G1 X215.017 Y189.293 E55.79678
G1 X214.677 Y189.159 E55.80893
G1 F2400 E55.30893
G0 F7500 X214.492 Y189.41
G0 X213.987 Y189.379
G0 X207.303 Y198.911
G0 X206.939 Y198.497
;TYPE:SKIN
G1 F2400 E55.80893
G1 F1350 X206.513 Y198.213 E55.82596
G1 X206.178 Y197.955 E55.84002
G1 X205.819 Y197.623 E55.85629
G1 X205.553 Y197.33 E55.86945
G1 X205.377 Y197.08 E55.87962
G1 X205.199 Y196.772 E55.89145
G1 X205.026 Y196.385 E55.90555
G1 X204.924 Y195.99 E55.91912
G1 X204.879 Y195.717 E55.92832
G1 X204.849 Y195.43 E55.93792
G1 X204.868 Y195.022 E55.9515
G1 X204.899 Y194.659 E55.96362
G1 X204.992 Y194.16 E55.9805
G1 X205.164 Y193.493 E56.00341
G1 X205.357 Y192.916 E56.02365
G1 X205.534 Y192.46 E56.03992
G1 X205.819 Y191.79 E56.06414
G1 X206.575 Y190.222 E56.12203
G1 X206.968 Y189.456 E56.15067
G1 X208.229 Y187.091 E56.23981
G1 X208.715 Y186.144 E56.27521
G1 X209.222 Y185.09 E56.31412
G1 X209.549 Y184.387 E56.3399
G1 X210.081 Y183.105 E56.38607
G1 X210.367 Y182.36 E56.41261
G1 X210.665 Y181.511 E56.44254
G1 X211.079 Y180.222 E56.48757
G1 X211.293 Y179.488 E56.513
G1 X212.068 Y176.645 E56.611
G1 X212.254 Y176.061 E56.63139
G1 X212.442 Y175.536 E56.64994
G1 X212.739 Y174.883 E56.6738
G1 X212.985 Y174.446 E56.69048
G1 X213.122 Y174.226 E56.6991
G1 X213.425 Y173.822 E56.71589
G1 X213.831 Y173.397 E56.73544
G1 X214.102 Y173.186 E56.74686
G1 X214.403 Y172.98 E56.759
G1 X214.693 Y172.83 E56.76986
G1 X215.124 Y172.652 E56.78537
G1 X215.554 Y172.559 E56.8
G1 X215.885 Y172.533 E56.81104
G1 X216.193 Y172.555 E56.82131
G1 X216.473 Y172.6 E56.83074
G1 X216.719 Y172.679 E56.83934
G1 X217.063 Y172.834 E56.85189
G1 X217.376 Y173.022 E56.86403
G1 X217.71 Y173.322 E56.87896
G1 X218.017 Y173.667 E56.89432
G1 X218.292 Y174.079 E56.9108
G1 X218.501 Y174.47 E56.92554
G1 X218.687 Y174.871 E56.94025
G1 X218.851 Y175.292 E56.95527
G1 X219.136 Y176.147 E56.98525
G1 X219.513 Y177.509 E57.03225
G1 X219.893 Y179.041 E57.08475
G1 X220.33 Y180.699 E57.14178
G1 X220.799 Y182.333 E57.19832
G1 X221.719 Y185.387 E57.30441
G1 X222.042 Y186.565 E57.34503
G1 X222.224 Y187.353 E57.37193
G1 X222.305 Y187.787 E57.38662
G1 X222.404 Y188.411 E57.40763
G1 X222.436 Y188.683 E57.41674
G1 X222.488 Y189.531 E57.445
G1 X222.488 Y189.837 E57.45517
G1 X222.425 Y190.614 E57.4811
G1 X222.325 Y191.088 E57.49721
G1 X222.245 Y191.379 E57.50725
G1 X222.027 Y191.985 E57.52867
G1 X221.799 Y192.45 E57.5459
G1 X221.644 Y192.72 E57.55625
G1 X221.354 Y193.175 E57.5742
G1 X221.1 Y193.523 E57.58853
G1 X220.689 Y194.053 E57.61084
G1 X219.77 Y195.12 E57.65767
G1 X218.244 Y196.837 E57.73407
G1 X217.671 Y197.451 E57.76201
G1 X217.243 Y197.889 E57.78238
G1 X216.819 Y198.297 E57.80195
G1 X216.433 Y198.648 E57.8193
G1 X216.061 Y198.949 E57.83522
G1 X215.485 Y199.361 E57.85877
G1 X215.234 Y199.519 E57.86863
G1 X214.874 Y199.716 E57.88228
G1 X214.435 Y199.914 E57.8983
G1 X214.031 Y200.065 E57.91265
G1 X213.73 Y200.145 E57.92301
G1 X213.243 Y200.241 E57.93951
G1 X212.855 Y200.276 E57.95247
G1 X212.372 Y200.295 E57.96855
G1 X211.976 Y200.264 E57.98176
G1 X211.955 Y200.274 E57.98253
G1 X211.358 Y200.19 E58.00259
G1 X210.647 Y200.049 E58.02669
G1 X210.018 Y199.876 E58.04839
G1 X209.654 Y199.757 E58.06113
G1 X209.636 Y199.761 E58.06174
G1 X208.866 Y199.47 E58.08912
G1 X208.517 Y199.324 E58.1017
G1 X208.088 Y199.127 E58.1174
G1 X207.381 Y198.768 E58.14378
G1 X207.067 Y198.582 E58.15592
G1 X206.939 Y198.497 E58.16103
G1 F2400 E57.66103
G0 F7500 X206.795 Y198.713
G0 X207.303 Y198.911
G0 X214.082 Y189.446
G0 X214.309 Y189.827
G1 F2400 E58.16103
G1 F1350 X214.836 Y190.037 E58.17989
G1 X215.648 Y190.103 E58.20699
G1 X216.314 Y189.845 E58.23075
G1 X216.828 Y189.468 E58.25195
G1 X217.199 Y188.943 E58.27333
G1 X217.381 Y188.453 E58.29071
G1 X217.426 Y187.837 E58.31126
G1 X217.333 Y187.347 E58.32785
G1 X216.997 Y186.651 E58.35355
G1 X216.451 Y186.2 E58.3771
G1 X215.977 Y185.984 E58.39443
G1 X215.315 Y185.872 E58.41676
G1 X214.77 Y185.958 E58.43511
G1 X214.275 Y186.152 E58.4528
G1 X213.852 Y186.482 E58.47064
G1 X213.509 Y186.895 E58.4885
G1 X213.275 Y187.513 E58.51047
G1 X213.224 Y188.084 E58.52954
G1 X213.336 Y188.701 E58.5504
G1 X213.552 Y189.118 E58.56602
G1 X213.856 Y189.504 E58.58236
G1 X214.309 Y189.827 E58.60086
G1 F2400 E58.10086
G0 F7500 X214.433 Y189.601
G0 X214.89 Y189.866
G0 X216.155 Y199.081
G0 X215.649 Y198.998
G1 F2400 E58.60086
G1 F1350 X219.303 Y195.345 E58.77271
G1 F2400 E58.27271
G0 F7500 X219.648 Y195.654
G0 X221.883 Y192.826
G0 X221.484 Y192.598
G1 F2400 E58.77271
G1 F1350 X214.35 Y199.732 E59.10828
G0 F7500 X213.536 Y199.98
G1 F1350 X221.974 Y191.542 E59.50517
G0 F7500 X222.189 Y190.761
G1 F1350 X212.877 Y200.073 E59.94318
G0 F7500 X212.296 Y200.089
G1 F1350 X222.264 Y190.121 E60.41204
G0 F7500 X222.287 Y189.532
G1 F1350 X211.773 Y200.046 E60.90659
G0 F7500 X211.282 Y199.971
G1 F1350 X222.255 Y188.998 E61.42273
G0 F7500 X222.208 Y188.48
G1 F1350 X210.81 Y199.878 E61.95885
G0 F7500 X210.359 Y199.763
G1 F1350 X222.132 Y187.99 E62.51262
G0 F7500 X222.048 Y187.508
G1 F1350 X209.922 Y199.635 E63.08301
G0 F7500 X209.496 Y199.495
G1 F1350 X221.947 Y187.044 E63.66867
G0 F7500 X221.839 Y186.586
G1 F1350 X209.085 Y199.34 E64.26858
G0 F7500 X208.682 Y199.177
G1 F1350 X221.718 Y186.142 E64.88173
G0 F7500 X221.596 Y185.698
G1 F1350 X208.292 Y199.001 E65.50749
G0 F7500 X207.913 Y198.815
G1 F1350 X221.47 Y185.258 E66.14517
G0 F7500 X221.339 Y184.823
G1 F1350 X217.523 Y188.639 E66.32466
G0 F7500 X217.613 Y187.984
G1 F1350 X221.208 Y184.388 E66.49378
G0 F7500 X221.078 Y183.953
G1 F1350 X217.559 Y187.472 E66.6593
G0 F7500 X217.416 Y187.049
G1 F1350 X220.947 Y183.518 E66.82539
G0 F7500 X220.816 Y183.083
G1 F1350 X217.232 Y186.667 E66.99397
G0 F7500 X216.969 Y186.365
G1 F1350 X220.685 Y182.649 E67.16876
G0 F7500 X220.556 Y182.212
G1 F1350 X216.657 Y186.111 E67.35216
G0 F7500 X216.295 Y185.907
G1 F1350 X220.43 Y181.772 E67.54665
G0 F7500 X220.304 Y181.333
G1 F1350 X215.877 Y185.76 E67.75489
G0 F7500 X215.388 Y185.683
G1 F1350 X220.177 Y180.893 E67.98017
G0 F7500 X220.057 Y180.448
G1 F1350 X214.745 Y185.76 E68.23003
G1 F2400 E67.73003
G0 F7500 X214.822 Y186.218
G0 X213.532 Y187.567
G0 X213.104 Y187.401
G1 F2400 E68.23003
G1 F1350 X205.052 Y195.453 E68.60877
G0 F7500 X205.121 Y195.95
G1 F1350 X213.029 Y188.042 E68.98074
G0 F7500 X213.102 Y188.534
G1 F1350 X205.247 Y196.39 E69.35024
G0 F7500 X205.431 Y196.772
G1 F1350 X213.244 Y188.959 E69.71774
G0 F7500 X213.452 Y189.316
G1 F1350 X205.649 Y197.119 E70.08477
G0 F7500 X205.909 Y197.424
G1 F1350 X213.7 Y189.633 E70.45123
G0 F7500 X214.028 Y189.872
G1 F1350 X206.198 Y197.701 E70.81951
G0 F7500 X206.508 Y197.957
G1 F1350 X214.391 Y190.074 E71.1903
G0 F7500 X214.795 Y190.236
G1 F1350 X206.84 Y198.191 E71.56448
G0 F7500 X207.179 Y198.417
G1 F1350 X215.315 Y190.281 E71.94717
G0 F7500 X215.964 Y190.198
G1 F1350 X207.538 Y198.624 E72.3435
G1 F2400 E71.8435
G0 F7500 X207.329 Y199.036
G0 X206.054 Y198.113
G0 X205.398 Y197.458
G0 X205.023 Y196.869
G0 X204.729 Y196.03
G0 X204.626 Y194.815
G0 X205.083 Y194.857
G1 F2400 E72.3435
G1 F1350 X219.939 Y180 E73.04231
G0 F7500 X219.821 Y179.553
G1 F1350 X205.192 Y194.181 E73.73039
G0 F7500 X205.405 Y193.403
G1 F1350 X219.703 Y179.105 E74.40292
G0 F7500 X219.591 Y178.652
G1 F1350 X205.727 Y192.515 E75.05502
G0 F7500 X205.307 Y192.335
G0 X205.769 Y191.288
G0 X206.185 Y191.492
G1 F1350 X219.478 Y178.199 E75.68028
G0 F7500 X219.366 Y177.745
G1 F1350 X206.711 Y190.401 E76.27556
G0 F7500 X206.302 Y190.2
G0 X206.91 Y189.017
G0 X207.314 Y189.232
G1 F1350 X219.246 Y177.299 E76.83682
G0 F7500 X219.124 Y176.856
G1 F1350 X207.959 Y188.02 E77.36197
G0 F7500 X207.555 Y187.805
G0 X208.184 Y186.613
G0 X208.591 Y186.823
G1 F1350 X219.002 Y176.413 E77.85165
G0 F7500 X218.869 Y175.979
G1 F1350 X209.152 Y185.696 E78.3087
G0 F7500 X208.741 Y185.497
G0 X209.245 Y184.432
G0 X209.659 Y184.623
G1 F1350 X218.728 Y175.555 E78.73526
G0 F7500 X218.577 Y175.14
G1 F1350 X210.075 Y183.642 E79.13517
G0 F7500 X209.653 Y183.466
G0 X210.024 Y182.535
G0 X210.452 Y182.699
G1 F1350 X218.408 Y174.744 E79.50937
G0 F7500 X218.219 Y174.367
G1 F1350 X210.772 Y181.814 E79.85965
G0 F7500 X211.049 Y180.971
G1 F1350 X218.007 Y174.013 E80.18694
G0 F7500 X217.767 Y173.687
G1 F1350 X211.31 Y180.145 E80.49068
G0 F7500 X211.538 Y179.351
G1 F1350 X217.493 Y173.395 E80.77081
G0 F7500 X217.184 Y173.139
G1 F1350 X211.75 Y178.573 E81.0264
G0 F7500 X211.962 Y177.795
G1 F1350 X216.815 Y172.942 E81.25467
G0 F7500 X216.401 Y172.791
G1 F1350 X212.174 Y177.017 E81.45348
G0 F7500 X212.417 Y176.209
G1 F1350 X215.892 Y172.734 E81.61693
G0 F7500 X215.226 Y172.835
G1 F1350 X212.776 Y175.285 E81.73217
G1 F2400 E81.23217
;MESH:NONMESH
G0 F300 Z0.6
G0 F7500 X212.361 Y175.096
G0 X212.524 Y174.182
G0 X211.602 Y173.594
G0 X204.632 Y166.963
;TIME_ELAPSED:140.412778
;LAYER:2
M106 S170
;TYPE:SKIRT
G1 F2400 E81.73217
G1 F1200 X205.168 Y166.324 E81.75991
G1 X205.579 Y165.884 E81.77994
G1 X206.049 Y165.417 E81.80197
G1 X206.562 Y164.95 E81.82505
G1 X206.803 Y164.745 E81.83557
G1 X207.302 Y164.346 E81.85682
G1 X207.679 Y164.064 E81.87248
G1 X208.46 Y163.534 E81.90387
G1 X209.12 Y163.142 E81.9294
G1 X209.697 Y162.837 E81.95111
G1 X210.417 Y162.505 E81.97748
G1 X211.204 Y162.194 E82.00563
G1 X212.123 Y161.898 E82.03774
G1 X212.665 Y161.751 E82.05642
G1 X213.355 Y161.589 E82.07999
G1 X214.462 Y161.43 E82.11719
G1 X215.385 Y161.36 E82.14797
G1 X216.198 Y161.355 E82.17502
G1 X216.92 Y161.384 E82.19905
G1 X217.505 Y161.436 E82.21858
G1 X218.23 Y161.542 E82.24295
G1 X218.794 Y161.652 E82.26207
G1 X219.649 Y161.868 E82.2914
G1 X220.604 Y162.179 E82.3248
G1 X221.403 Y162.503 E82.35348
G1 X222.146 Y162.857 E82.38085
G1 X222.873 Y163.262 E82.40853
G1 X223.439 Y163.614 E82.4307
G1 X224.089 Y164.072 E82.45715
G1 X224.551 Y164.433 E82.47665
G1 X224.978 Y164.794 E82.49524
G1 X225.277 Y165.066 E82.50869
G1 X225.587 Y165.366 E82.52304
G1 X226.035 Y165.832 E82.54454
G1 X226.516 Y166.386 E82.56894
G1 X226.897 Y166.867 E82.58935
G1 X227.359 Y167.5 E82.61541
G1 X227.776 Y168.141 E82.64085
G1 X228.188 Y168.868 E82.66864
G1 X228.745 Y169.969 E82.70968
G1 X228.975 Y170.482 E82.72838
G1 X229.146 Y170.9 E82.7434
G1 X229.357 Y171.461 E82.76333
G1 X229.641 Y172.282 E82.79223
G1 X229.968 Y173.337 E82.82896
G1 X230.323 Y174.645 E82.87404
G1 X230.712 Y176.18 E82.92671
G1 X231.421 Y178.77 E83.01602
G1 X232.497 Y182.351 E83.14039
G1 X232.853 Y183.667 E83.18573
G1 X233.096 Y184.675 E83.22022
G1 X233.268 Y185.471 E83.24731
G1 X233.341 Y185.855 E83.26031
G1 X233.476 Y186.701 E83.2888
G1 X233.542 Y187.199 E83.30551
G1 X233.602 Y187.756 E83.32414
G1 X233.644 Y188.253 E83.34073
G1 X233.682 Y188.982 E83.36501
G1 X233.693 Y189.755 E83.39072
G1 X233.684 Y190.226 E83.40639
G1 X233.661 Y190.721 E83.42287
G1 X233.626 Y191.2 E83.43885
G1 X233.52 Y192.102 E83.46905
G1 X233.461 Y192.497 E83.48234
G1 X233.344 Y193.11 E83.50309
G1 X233.142 Y193.989 E83.53309
G1 X233.021 Y194.436 E83.54849
G1 X232.9 Y194.827 E83.56211
G1 X232.574 Y195.763 E83.59507
G1 X232.262 Y196.517 E83.62221
G1 X231.901 Y197.281 E83.65032
G1 X231.667 Y197.731 E83.66719
G1 X231.307 Y198.373 E83.69167
G1 X231.057 Y198.782 E83.70761
G1 X230.572 Y199.518 E83.73693
G1 X230.317 Y199.884 E83.75176
G1 X229.809 Y200.562 E83.77994
G1 X228.464 Y202.21 E83.85069
G1 X226.844 Y204.065 E83.93261
G1 X226.262 Y204.712 E83.96155
G1 X225.594 Y205.425 E83.99405
G1 X225.321 Y205.704 E84.00703
G1 X224.173 Y206.802 E84.05987
G1 X223.858 Y207.091 E84.07408
G1 X223.453 Y207.435 E84.09176
G1 X222.527 Y208.171 E84.1311
G1 X222.132 Y208.456 E84.1473
G1 X221.232 Y209.054 E84.18324
G1 X220.836 Y209.29 E84.19857
G1 X220.386 Y209.541 E84.21571
G1 X219.622 Y209.935 E84.2443
G1 X219.184 Y210.138 E84.26036
G1 X218.701 Y210.342 E84.2778
G1 X217.669 Y210.717 E84.31432
G1 X217.047 Y210.917 E84.33605
G1 X216.383 Y211.09 E84.35887
G1 X215.614 Y211.256 E84.38504
G1 X215.085 Y211.347 E84.40289
G1 X214.362 Y211.442 E84.42714
G1 X213.992 Y211.481 E84.43952
G1 X213.309 Y211.522 E84.46228
G1 X212.568 Y211.541 E84.48693
G1 X211.721 Y211.527 E84.5151
G1 X210.919 Y211.473 E84.54184
G1 X210.16 Y211.386 E84.56725
G1 X209.234 Y211.242 E84.59842
G1 X208.642 Y211.122 E84.61851
G1 X207.874 Y210.942 E84.64474
G1 X207.38 Y210.814 E84.66172
G1 X206.338 Y210.502 E84.69789
G1 X205.879 Y210.352 E84.71396
G1 X205.16 Y210.091 E84.7394
G1 X203.968 Y209.599 E84.78229
G1 X202.929 Y209.123 E84.8203
G1 X202.529 Y208.922 E84.83519
G1 X201.611 Y208.422 E84.86996
G1 X201.131 Y208.132 E84.88861
G1 X200.437 Y207.687 E84.91603
G1 X199.688 Y207.158 E84.94653
G1 X199.098 Y206.7 E84.97137
G1 X198.479 Y206.179 E84.99828
G1 X197.986 Y205.717 E85.02075
G1 X197.628 Y205.354 E85.03771
G1 X197.275 Y204.972 E85.05501
G1 X196.942 Y204.588 E85.07191
G1 X196.465 Y203.986 E85.09746
G1 X195.789 Y202.996 E85.13733
G1 X195.555 Y202.606 E85.15246
G1 X195.111 Y201.783 E85.18356
G1 X194.942 Y201.432 E85.19652
G1 X194.712 Y200.918 E85.21525
G1 X194.477 Y200.298 E85.2373
G1 X194.285 Y199.737 E85.25702
G1 X194.091 Y199.107 E85.27895
G1 X193.921 Y198.382 E85.30371
G1 X193.792 Y197.644 E85.32863
G1 X193.718 Y197.078 E85.34762
G1 X193.653 Y196.379 E85.37097
G1 X193.624 Y195.435 E85.40238
G1 X193.634 Y194.827 E85.4226
G1 X193.67 Y194.124 E85.44602
G1 X193.702 Y193.791 E85.45714
G1 X193.778 Y193.191 E85.47726
G1 X193.891 Y192.503 E85.50045
G1 X194.125 Y191.421 E85.53727
G1 X194.277 Y190.824 E85.55776
G1 X194.528 Y189.999 E85.58644
G1 X194.721 Y189.445 E85.60595
G1 X195.215 Y188.166 E85.65155
G1 X195.601 Y187.275 E85.68385
G1 X196.264 Y185.867 E85.73561
G1 X197.097 Y184.162 E85.79873
G1 X198.15 Y181.851 E85.88319
G1 X199.134 Y179.517 E85.96744
G1 X200.036 Y177.194 E86.05032
G1 X201.337 Y173.463 E86.18174
G1 X201.529 Y172.88 E86.20216
G1 X201.804 Y172.097 E86.22976
G1 X202 Y171.574 E86.24834
G1 X202.256 Y170.952 E86.27071
G1 X202.475 Y170.459 E86.28865
G1 X202.863 Y169.678 E86.31766
G1 X203.229 Y169.027 E86.3425
G1 X203.649 Y168.354 E86.36888
G1 X203.939 Y167.922 E86.38619
G1 X204.632 Y166.963 E86.42554
G1 F2400 E85.92554
;MESH:Rock Wall Hold Knob 1.stl
G0 F9000 X213.673 Y186.983
G0 X214.477 Y189.51
;TYPE:WALL-INNER
G1 F2400 E86.42554
G1 F1500 X214.11 Y189.236 E86.44077
G1 X213.872 Y188.947 E86.45323
G1 X213.684 Y188.59 E86.46665
G1 X213.583 Y188.081 E86.48391
G1 X213.619 Y187.615 E86.49945
G1 X213.83 Y187.077 E86.51867
G1 X214.109 Y186.735 E86.53335
G1 X214.454 Y186.475 E86.54772
G1 X214.79 Y186.326 E86.55995
G1 X215.302 Y186.235 E86.57724
G1 X215.824 Y186.318 E86.59482
G1 X216.236 Y186.491 E86.60968
G1 X216.708 Y186.876 E86.62994
G1 X216.988 Y187.449 E86.65115
G1 X217.064 Y187.863 E86.66515
G1 X217.029 Y188.377 E86.68229
G1 X216.886 Y188.769 E86.69617
G1 X216.575 Y189.21 E86.71412
G1 X216.142 Y189.528 E86.73198
G1 X215.576 Y189.741 E86.7521
G1 X214.918 Y189.688 E86.77405
G1 X214.477 Y189.51 E86.78987
G1 F2400 E86.28987
G0 F9000 X214.01 Y189.398
G0 X207.624 Y199.182
G0 X206.713 Y198.902
G1 F2400 E86.78987
G1 F1500 X206.898 Y199.016 E86.7971
G1 X207.533 Y199.361 E86.82114
G1 X208.153 Y199.657 E86.84399
G1 X208.957 Y200.004 E86.87311
G1 X209.028 Y200.016 E86.87551
G1 X209.406 Y200.152 E86.88887
G1 X209.905 Y200.314 E86.90632
G1 X210.285 Y200.424 E86.91947
G1 X210.664 Y200.519 E86.93247
G1 X211.105 Y200.613 E86.94747
G1 X211.618 Y200.692 E86.96473
G1 X212.039 Y200.737 E86.97881
G1 X212.424 Y200.752 E86.99163
G1 X212.684 Y200.752 E87.00028
G1 X212.965 Y200.737 E87.00964
G1 X213.313 Y200.701 E87.02127
G1 X213.862 Y200.596 E87.03986
G1 X214.158 Y200.514 E87.05008
G1 X214.417 Y200.425 E87.05919
G1 X214.891 Y200.233 E87.0762
G1 X215.24 Y200.056 E87.08921
G1 X215.581 Y199.857 E87.10234
G1 X216.089 Y199.507 E87.12286
G1 X216.351 Y199.305 E87.13387
G1 X216.685 Y199.024 E87.14838
G1 X217.224 Y198.534 E87.17261
G1 X217.999 Y197.748 E87.20932
G1 X218.522 Y197.167 E87.23532
G1 X220.108 Y195.361 E87.31527
G1 X220.905 Y194.421 E87.35626
G1 X221.464 Y193.712 E87.38629
G1 X221.847 Y193.15 E87.40891
G1 X222.238 Y192.495 E87.43428
G1 X222.494 Y191.906 E87.45564
G1 X222.682 Y191.335 E87.47563
G1 X222.786 Y190.905 E87.49035
G1 X222.863 Y190.378 E87.50806
G1 X222.888 Y190.089 E87.51771
G1 X222.899 Y189.704 E87.53052
G1 X222.892 Y189.252 E87.54555
G1 X222.847 Y188.688 E87.56437
G1 X222.786 Y188.196 E87.58086
G1 X222.667 Y187.501 E87.60431
G1 X222.472 Y186.636 E87.63381
G1 X222.306 Y185.978 E87.65638
G1 X221.957 Y184.785 E87.69772
G1 X221.083 Y181.925 E87.79719
G1 X220.602 Y180.245 E87.85531
G1 X219.681 Y176.634 E87.97926
G1 X219.539 Y176.142 E87.99629
G1 X219.546 Y176.132 E87.99669
G1 X219.2 Y175.1 E88.0329
G1 X219.007 Y174.619 E88.05013
G1 X218.741 Y174.07 E88.07042
G1 X218.523 Y173.694 E88.08488
G1 X218.296 Y173.376 E88.09787
G1 X217.955 Y172.984 E88.11516
G1 X217.685 Y172.756 E88.12691
G1 X217.459 Y172.596 E88.13612
G1 X217.136 Y172.415 E88.14843
G1 X216.786 Y172.275 E88.16097
G1 X216.347 Y172.157 E88.17609
G1 X215.916 Y172.137 E88.19044
G1 X215.483 Y172.168 E88.20488
G1 X215.053 Y172.276 E88.21963
G1 X214.798 Y172.365 E88.22861
G1 X214.434 Y172.534 E88.24196
G1 X214.111 Y172.721 E88.25437
G1 X213.766 Y172.967 E88.26846
G1 X213.447 Y173.267 E88.28303
G1 X213.128 Y173.624 E88.29895
G1 X212.849 Y174.012 E88.31485
G1 X212.579 Y174.458 E88.33219
G1 X212.3 Y175.019 E88.35303
G1 X212.107 Y175.495 E88.37011
G1 X211.916 Y176.052 E88.3897
G1 X211.626 Y177.022 E88.42337
G1 X210.944 Y179.595 E88.5119
G1 X210.536 Y180.922 E88.55808
G1 X210.124 Y182.129 E88.6005
G1 X209.723 Y183.166 E88.63748
G1 X209.381 Y183.989 E88.66712
G1 X208.816 Y185.207 E88.71178
G1 X208.307 Y186.216 E88.74936
G1 X207.792 Y187.195 E88.78616
G1 X206.567 Y189.449 E88.87148
G1 X205.993 Y190.566 E88.91325
G1 X205.5 Y191.568 E88.95039
G1 X205.204 Y192.228 E88.97445
G1 X205.009 Y192.706 E88.99162
G1 X204.807 Y193.28 E89.01186
G1 X204.636 Y193.842 E89.0314
G1 X204.552 Y194.186 E89.04318
G1 X204.441 Y194.835 E89.06508
G1 X204.402 Y195.47 E89.08624
G1 X204.444 Y195.924 E89.1014
G1 X204.508 Y196.295 E89.11392
G1 X204.633 Y196.682 E89.12745
G1 X204.789 Y197.022 E89.13989
G1 X204.994 Y197.373 E89.15341
G1 X205.281 Y197.738 E89.16885
G1 X205.625 Y198.092 E89.18527
G1 X206.025 Y198.43 E89.20269
G1 X206.275 Y198.617 E89.21307
G1 X206.553 Y198.803 E89.2242
G1 X206.713 Y198.902 E89.23046
G0 F9000 X206.517 Y199.25
;TYPE:WALL-OUTER
G1 F1500 X206.697 Y199.362 E89.23751
G1 X207.351 Y199.717 E89.26226
G1 X207.987 Y200.021 E89.2857
G1 X208.826 Y200.384 E89.31611
G1 X208.9 Y200.395 E89.3186
G1 X209.277 Y200.53 E89.33191
G1 X209.787 Y200.696 E89.34975
G1 X210.181 Y200.81 E89.3634
G1 X210.574 Y200.909 E89.37687
G1 X211.033 Y201.007 E89.39249
G1 X211.566 Y201.089 E89.41042
G1 X212.011 Y201.136 E89.4253
G1 X212.416 Y201.152 E89.43879
G1 X212.694 Y201.152 E89.44803
G1 X212.996 Y201.136 E89.45809
G1 X213.368 Y201.097 E89.47053
G1 X213.956 Y200.985 E89.49044
G1 X214.276 Y200.896 E89.50149
G1 X214.557 Y200.8 E89.51136
G1 X215.057 Y200.597 E89.52931
G1 X215.432 Y200.408 E89.54328
G1 X215.796 Y200.195 E89.55731
G1 X216.325 Y199.83 E89.57868
G1 X216.602 Y199.616 E89.59032
G1 X216.948 Y199.325 E89.60536
G1 X217.501 Y198.823 E89.6302
G1 X218.29 Y198.022 E89.6676
G1 X218.802 Y197.455 E89.69301
G1 X220.413 Y195.62 E89.77422
G1 X221.177 Y194.721 E89.81346
G1 X221.786 Y193.949 E89.84617
G1 X222.183 Y193.367 E89.8696
G1 X222.592 Y192.684 E89.89608
G1 X222.868 Y192.048 E89.91914
G1 X223.067 Y191.445 E89.94026
G1 X223.179 Y190.981 E89.95613
G1 X223.261 Y190.424 E89.97486
G1 X223.288 Y190.112 E89.98527
G1 X223.299 Y189.706 E89.99878
G1 X223.292 Y189.234 E90.01448
G1 X223.244 Y188.64 E90.0343
G1 X223.182 Y188.138 E90.05113
G1 X223.059 Y187.423 E90.07526
G1 X222.86 Y186.539 E90.1054
G1 X222.706 Y185.925 E90.12645
G1 X222.339 Y184.668 E90.17
G1 X221.467 Y181.815 E90.26923
G1 X220.99 Y180.146 E90.32696
G1 X220.067 Y176.529 E90.45112
G1 X219.926 Y176.042 E90.46798
G1 X219.934 Y176.032 E90.46841
G1 X219.576 Y174.962 E90.50594
G1 X219.373 Y174.457 E90.52404
G1 X219.095 Y173.882 E90.54528
G1 X218.859 Y173.477 E90.56087
G1 X218.61 Y173.128 E90.57513
G1 X218.333 Y172.809 E90.58918
G1 X218.144 Y172.62 E90.59807
G1 X217.929 Y172.439 E90.60742
G1 X217.673 Y172.258 E90.61785
G1 X217.309 Y172.053 E90.63174
G1 X216.912 Y171.895 E90.64595
G1 X216.409 Y171.759 E90.66328
G1 X215.911 Y171.737 E90.67986
G1 X215.42 Y171.771 E90.69623
G1 X214.938 Y171.892 E90.71276
G1 X214.648 Y171.994 E90.72299
G1 X214.249 Y172.178 E90.7376
G1 X213.893 Y172.385 E90.7513
G1 X213.611 Y172.587 E90.76284
G1 X213.409 Y172.754 E90.77155
G1 X213.163 Y172.985 E90.78278
G1 X212.814 Y173.376 E90.80021
G1 X212.515 Y173.791 E90.81722
G1 X212.228 Y174.265 E90.83565
G1 X211.935 Y174.855 E90.85756
G1 X211.732 Y175.355 E90.87551
G1 X211.535 Y175.93 E90.89572
G1 X211.241 Y176.914 E90.92988
G1 X210.56 Y179.481 E91.01821
G1 X210.158 Y180.793 E91.06385
G1 X209.751 Y181.985 E91.10575
G1 X209.324 Y183.085 E91.14499
G1 X209.018 Y183.821 E91.1715
G1 X208.459 Y185.027 E91.21572
G1 X207.953 Y186.03 E91.25308
G1 X207.395 Y187.088 E91.29286
G1 X206.213 Y189.262 E91.37517
G1 X205.634 Y190.389 E91.41731
G1 X205.138 Y191.398 E91.4547
G1 X204.836 Y192.071 E91.47924
G1 X204.635 Y192.564 E91.49695
G1 X204.427 Y193.155 E91.51779
G1 X204.25 Y193.737 E91.53802
G1 X204.16 Y194.105 E91.55062
G1 X204.043 Y194.785 E91.57357
G1 X204.001 Y195.479 E91.59669
G1 X204.047 Y195.977 E91.61333
G1 X204.119 Y196.391 E91.6273
G1 X204.259 Y196.827 E91.64253
G1 X204.434 Y197.207 E91.65645
G1 X204.662 Y197.599 E91.67153
G1 X204.977 Y197.998 E91.68844
G1 X205.16 Y198.196 E91.69741
G1 X205.353 Y198.385 E91.70639
G1 X205.779 Y198.746 E91.72496
G1 X206.044 Y198.944 E91.73597
G1 X206.337 Y199.139 E91.74767
G1 X206.517 Y199.25 E91.75471
G1 F2400 E91.25471
G0 F9000 X206.679 Y198.987
G0 X207.624 Y199.182
G0 X214.375 Y189.656
G0 X214.679 Y189.16
G1 F2400 E91.75471
G1 F1500 X214.38 Y188.939 E91.76707
G1 X214.197 Y188.713 E91.77674
G1 X214.059 Y188.428 E91.78728
G1 X213.986 Y188.061 E91.79972
G1 X214.014 Y187.697 E91.81186
G1 X214.178 Y187.282 E91.82671
G1 X214.407 Y187.012 E91.83848
G1 X214.639 Y186.836 E91.84817
G1 X214.888 Y186.72 E91.8573
G1 X215.301 Y186.641 E91.87129
G1 X215.715 Y186.703 E91.88521
G1 X216.028 Y186.838 E91.89655
G1 X216.382 Y187.131 E91.91183
G1 X216.597 Y187.56 E91.92779
G1 X216.664 Y187.882 E91.93873
G1 X216.625 Y188.316 E91.95323
G1 X216.535 Y188.567 E91.96209
G1 X216.295 Y188.917 E91.97621
G1 X215.969 Y189.159 E91.98971
G1 X215.528 Y189.336 E92.00552
G1 X214.99 Y189.286 E92.02349
G1 X214.679 Y189.16 E92.03465
G1 F2400 E91.53465
G0 F9000 X214.494 Y189.411
G0 X214.01 Y189.398
G0 X207.624 Y199.182
G0 X206.892 Y198.581
;TYPE:SKIN
G1 F2400 E92.03465
G1 F1500 X206.478 Y198.319 E92.05094
G1 X206.253 Y198.151 E92.06028
G1 X205.861 Y197.817 E92.07741
G1 X205.559 Y197.508 E92.09178
G1 X205.29 Y197.163 E92.10633
G1 X205.11 Y196.859 E92.11808
G1 X204.967 Y196.547 E92.1295
G1 X204.859 Y196.212 E92.14121
G1 X204.799 Y195.861 E92.15305
G1 X204.761 Y195.468 E92.16618
G1 X204.795 Y194.88 E92.18577
G1 X204.908 Y194.25 E92.20706
G1 X204.982 Y193.945 E92.2175
G1 X205.147 Y193.399 E92.23647
G1 X205.348 Y192.828 E92.2566
G1 X205.532 Y192.375 E92.27287
G1 X205.826 Y191.721 E92.29672
G1 X206.311 Y190.726 E92.33353
G1 X206.881 Y189.622 E92.37486
G1 X208.108 Y187.364 E92.46033
G1 X208.626 Y186.382 E92.49726
G1 X209.095 Y185.455 E92.53181
G1 X209.706 Y184.145 E92.57989
G1 X210.025 Y183.373 E92.60767
G1 X210.463 Y182.253 E92.64767
G1 X210.878 Y181.033 E92.69053
G1 X211.288 Y179.703 E92.73682
G1 X211.969 Y177.123 E92.82557
G1 X212.255 Y176.166 E92.85879
G1 X212.44 Y175.631 E92.87762
G1 X212.627 Y175.167 E92.89426
G1 X212.9 Y174.621 E92.91456
G1 X213.147 Y174.211 E92.93048
G1 X213.412 Y173.846 E92.94548
G1 X213.7 Y173.524 E92.95985
G1 X213.992 Y173.247 E92.97324
G1 X214.305 Y173.021 E92.98608
G1 X214.596 Y172.854 E92.99724
G1 X214.928 Y172.702 E93.00938
G1 X215.167 Y172.616 E93.01783
G1 X215.536 Y172.523 E93.03049
G1 X215.922 Y172.497 E93.04335
G1 X216.293 Y172.515 E93.05571
G1 X216.668 Y172.615 E93.06862
G1 X216.973 Y172.737 E93.07954
G1 X217.265 Y172.902 E93.0907
G1 X217.473 Y173.047 E93.09913
G1 X217.694 Y173.235 E93.10878
G1 X218.019 Y173.609 E93.12526
G1 X218.215 Y173.881 E93.13641
G1 X218.427 Y174.246 E93.15045
G1 X218.672 Y174.753 E93.16918
G1 X218.856 Y175.213 E93.18566
G1 X219.198 Y176.234 E93.22147
G1 X219.194 Y176.25 E93.22202
G1 X219.367 Y176.837 E93.24237
G1 X220.255 Y180.351 E93.36292
G1 X220.735 Y182.02 E93.42069
G1 X221.572 Y184.755 E93.51582
G1 X221.945 Y186.034 E93.56013
G1 X222.113 Y186.68 E93.58233
G1 X222.311 Y187.563 E93.61243
G1 X222.426 Y188.238 E93.6352
G1 X222.485 Y188.682 E93.6501
G1 X222.532 Y189.258 E93.66932
G1 X222.528 Y190.167 E93.69955
G1 X222.431 Y190.838 E93.7221
G1 X222.339 Y191.22 E93.73517
G1 X222.149 Y191.788 E93.75509
G1 X221.917 Y192.32 E93.7744
G1 X221.539 Y192.96 E93.79912
G1 X221.17 Y193.497 E93.82079
G1 X220.589 Y194.233 E93.85198
G1 X219.854 Y195.1 E93.88978
G1 X218.272 Y196.902 E93.96954
G1 X217.738 Y197.494 E93.99605
G1 X216.965 Y198.279 E94.0327
G1 X216.441 Y198.756 E94.05626
G1 X215.873 Y199.214 E94.08053
G1 X215.376 Y199.555 E94.10058
G1 X215.063 Y199.74 E94.11267
G1 X214.753 Y199.897 E94.12423
G1 X214.289 Y200.084 E94.14087
G1 X214.048 Y200.169 E94.14937
G1 X213.773 Y200.245 E94.15886
G1 X213.259 Y200.345 E94.17627
G1 X212.945 Y200.376 E94.18677
G1 X212.562 Y200.395 E94.19952
G1 X212.055 Y200.376 E94.2164
G1 X211.667 Y200.333 E94.22938
G1 X211.16 Y200.255 E94.24644
G1 X210.749 Y200.169 E94.26041
G1 X210.374 Y200.075 E94.27327
G1 X209.643 Y199.854 E94.29867
G1 X209.148 Y199.675 E94.31617
G1 X209.066 Y199.658 E94.31896
G1 X208.307 Y199.329 E94.34647
G1 X207.7 Y199.041 E94.36882
G1 X207.078 Y198.699 E94.39243
G1 X206.892 Y198.581 E94.39975
G1 F2400 E93.89975
G0 F9000 X206.75 Y198.802
G0 X207.624 Y199.182
G0 X214.375 Y189.656
G0 X214.322 Y189.835
G1 F2400 E94.39975
G1 F1500 X214.828 Y190.034 E94.41784
G1 X215.498 Y190.096 E94.44022
G1 X215.741 Y190.067 E94.44836
G1 X216.335 Y189.83 E94.46963
G1 X216.845 Y189.451 E94.49076
G1 X217.216 Y188.911 E94.51255
G1 X217.381 Y188.444 E94.52903
G1 X217.424 Y187.814 E94.55003
G1 X217.329 Y187.336 E94.56624
G1 X216.998 Y186.649 E94.5916
G1 X216.418 Y186.177 E94.61647
G1 X215.868 Y185.953 E94.63623
G1 X215.278 Y185.873 E94.65603
G1 X214.665 Y185.979 E94.67672
G1 X214.201 Y186.213 E94.694
G1 X213.878 Y186.457 E94.70747
G1 X213.506 Y186.911 E94.72699
G1 X213.268 Y187.521 E94.74877
G1 X213.218 Y188.105 E94.76826
G1 X213.34 Y188.715 E94.78895
G1 X213.577 Y189.158 E94.80566
G1 X213.877 Y189.521 E94.82133
G1 X214.322 Y189.835 E94.83944
G1 F2400 E94.33944
G0 F9000 X214.442 Y189.607
G0 X214.01 Y189.398
G0 X207.624 Y199.182
G0 X206.72 Y198.235
G1 F2400 E94.83944
G1 F1500 X205.339 Y196.854 E94.9044
G0 F9000 X205.02 Y195.969
G1 F1500 X208.024 Y198.973 E95.0457
G0 F9000 X207.825 Y199.388
G0 X208.867 Y199.856
G0 X209.05 Y199.433
G1 F1500 X204.968 Y195.352 E95.23768
G0 F9000 X205.008 Y194.826
G1 F1500 X209.907 Y199.724 E95.46809
G0 F9000 X210.698 Y199.95
G1 F1500 X205.094 Y194.346 E95.73168
G0 F9000 X205.206 Y193.892
G1 F1500 X211.403 Y200.089 E96.02317
G0 F9000 X212.054 Y200.174
G1 F1500 X205.338 Y193.459 E96.33905
G0 F9000 X205.485 Y193.04
G1 F1500 X212.636 Y200.191 E96.67541
G0 F9000 X213.164 Y200.154
G1 F1500 X205.643 Y192.632 E97.0292
G0 F9000 X205.813 Y192.237
G1 F1500 X213.643 Y200.067 E97.3975
G0 F9000 X214.091 Y199.949
G1 F1500 X205.989 Y191.847 E97.77859
G0 F9000 X206.173 Y191.465
G1 F1500 X214.494 Y199.786 E98.16998
G0 F9000 X214.881 Y199.608
G1 F1500 X206.359 Y191.085 E98.57086
G0 F9000 X206.546 Y190.707
G1 F1500 X215.241 Y199.402 E98.97984
G0 F9000 X215.578 Y199.174
G1 F1500 X206.739 Y190.334 E99.39563
G0 F9000 X206.931 Y189.961
G1 F1500 X215.904 Y198.933 E99.81766
G0 F9000 X216.216 Y198.68
G1 F1500 X207.126 Y189.59 E100.24523
G0 F9000 X207.325 Y189.223
G1 F1500 X216.518 Y198.416 E100.67764
G0 F9000 X216.814 Y198.146
G1 F1500 X207.525 Y188.857 E101.11457
G0 F9000 X207.724 Y188.491
G1 F1500 X217.095 Y197.862 E101.55535
G0 F9000 X217.376 Y197.577
G1 F1500 X207.923 Y188.124 E101.99999
G0 F9000 X208.122 Y187.757
G1 F1500 X217.654 Y197.289 E102.44835
G0 F9000 X217.923 Y196.992
G1 F1500 X208.32 Y187.39 E102.90002
G0 F9000 X208.515 Y187.019
G1 F1500 X218.19 Y196.694 E103.3551
G0 F9000 X218.454 Y196.393
G1 F1500 X208.711 Y186.649 E103.81341
G0 F9000 X208.903 Y186.276
G1 F1500 X218.719 Y196.091 E104.2751
G0 F9000 X218.982 Y195.789
G1 F1500 X209.093 Y185.9 E104.74024
G0 F9000 X209.282 Y185.524
G1 F1500 X219.247 Y195.488 E105.20894
G0 F9000 X219.511 Y195.187
G1 F1500 X214.407 Y190.082 E105.44904
G0 F9000 X215.154 Y190.264
G1 F1500 X219.774 Y194.884 E105.66635
G0 F9000 X220.034 Y194.578
G1 F1500 X215.726 Y190.27 E105.86899
G0 F9000 X216.148 Y190.126
G1 F1500 X220.293 Y194.272 E106.06398
G0 F9000 X220.549 Y193.962
G1 F1500 X216.526 Y189.939 E106.25321
G0 F9000 X216.851 Y189.698
G1 F1500 X220.798 Y193.645 E106.43887
G0 F9000 X221.045 Y193.327
G1 F1500 X217.121 Y189.402 E106.62346
G0 F9000 X217.353 Y189.069
G1 F1500 X221.275 Y192.991 E106.80794
G0 F9000 X221.494 Y192.644
G1 F1500 X217.513 Y188.663 E106.9952
G0 F9000 X217.597 Y188.182
G1 F1500 X221.705 Y192.289 E107.1884
G0 F9000 X221.882 Y191.901
G1 F1500 X217.585 Y187.603 E107.39054
G0 F9000 X217.239 Y186.692
G1 F1500 X222.039 Y191.492 E107.61632
G0 F9000 X222.173 Y191.06
G1 F1500 X211.336 Y180.223 E108.12606
G0 F9000 X211.469 Y179.791
G1 F1500 X222.265 Y190.586 E108.63384
G0 F9000 X222.329 Y190.084
G1 F1500 X211.588 Y179.344 E109.13904
G0 F9000 X211.706 Y178.897
G1 F1500 X222.331 Y189.521 E109.63879
G0 F9000 X222.304 Y188.929
G1 F1500 X211.825 Y178.45 E110.13169
G0 F9000 X211.943 Y178.002
G1 F1500 X222.231 Y188.29 E110.6156
G0 F9000 X222.116 Y187.61
G1 F1500 X212.061 Y177.555 E111.08856
G0 F9000 X212.182 Y177.109
G1 F1500 X221.952 Y186.88 E111.54814
G0 F9000 X221.763 Y186.125
G1 F1500 X212.312 Y176.673 E111.9927
G0 F9000 X212.441 Y176.237
G1 F1500 X221.531 Y185.327 E112.42027
G0 F9000 X221.292 Y184.522
G1 F1500 X212.586 Y175.816 E112.82977
G0 F9000 X212.744 Y175.409
G1 F1500 X221.043 Y183.708 E113.22013
G0 F9000 X220.793 Y182.892
G1 F1500 X212.922 Y175.021 E113.59036
G0 F9000 X213.116 Y174.649
G1 F1500 X220.544 Y182.077 E113.93975
G0 F9000 X220.315 Y181.283
G1 F1500 X213.331 Y174.298 E114.26828
G0 F9000 X213.568 Y173.97
G1 F1500 X220.087 Y180.489 E114.57491
G0 F9000 X219.892 Y179.728
G1 F1500 X213.835 Y173.672 E114.85979
G0 F9000 X214.127 Y173.397
G1 F1500 X219.7 Y178.971 E115.12195
G0 F9000 X219.509 Y178.214
G1 F1500 X214.458 Y173.163 E115.35954
G0 F9000 X214.829 Y172.968
G1 F1500 X219.318 Y177.457 E115.57069
G0 F9000 X219.115 Y176.688
G1 F1500 X215.233 Y172.806 E115.75328
G0 F9000 X215.704 Y172.712
G1 F1500 X218.868 Y175.876 E115.90211
G0 F9000 X218.555 Y174.997
G1 F1500 X216.276 Y172.719 E116.00928
G0 F9000 X216.395 Y172.275
G0 X217.506 Y172.753
G0 X217.245 Y173.122
G1 F1500 X217.877 Y173.753 E116.03899
G1 F2400 E115.53899
G0 F9000 X218.251 Y173.486
G0 X217.373 Y172.733
G0 X216.734 Y172.428
G0 X216.322 Y172.317
G0 X215.509 Y172.327
G0 X214.508 Y172.676
G0 X213.864 Y173.096
G0 X213.255 Y173.723
G0 X212.719 Y174.536
G0 X212.303 Y175.45
G0 X210.765 Y180.521
G0 X211.203 Y180.656
G1 F2400 E116.03899
G1 F1500 X216.677 Y186.13 E116.29647
G0 F9000 X216.386 Y186.485
G0 X215.647 Y186.185
G0 X215.711 Y185.73
G1 F1500 X211.069 Y181.088 E116.51481
G0 F9000 X210.926 Y181.51
G1 F1500 X215.114 Y185.698 E116.7118
G0 F9000 X214.632 Y185.782
G1 F1500 X210.782 Y181.932 E116.8929
G0 F9000 X210.637 Y182.353
G1 F1500 X214.248 Y185.964 E117.06275
G0 F9000 X213.905 Y186.187
G1 F1500 X210.479 Y182.76 E117.22392
G0 F9000 X210.32 Y183.167
G1 F1500 X213.611 Y186.458 E117.37872
G0 F9000 X213.356 Y186.769
G1 F1500 X210.159 Y183.572 E117.52909
G0 F9000 X209.993 Y183.972
G1 F1500 X213.191 Y187.17 E117.67952
G0 F9000 X213.057 Y187.601
G1 F1500 X209.823 Y184.367 E117.83163
G0 F9000 X209.642 Y184.752
G1 F1500 X213.017 Y188.127 E117.99038
G0 F9000 X213.2 Y188.875
G1 F1500 X209.463 Y185.138 E118.16616
G1 F2400 E117.66616
;MESH:NONMESH
G0 F300 Z0.8
G0 F9000 X209.049 Y184.945
G0 X208.484 Y186.309
G0 X213.4 Y188.096
G0 X214.507 Y189.521
;TIME_ELAPSED:196.465218
;LAYER:3
M106 S255
;TYPE:WALL-INNER
;MESH:Rock Wall Hold Knob 1.stl
G1 F2400 E118.16616
G1 F1500 X214.117 Y189.25 E118.18196
G1 X213.875 Y188.95 E118.19478
G1 X213.684 Y188.591 E118.2083
G1 X213.582 Y188.083 E118.22554
G1 X213.62 Y187.613 E118.24122
G1 X213.832 Y187.075 E118.26045
G1 X214.104 Y186.741 E118.27478
G1 X214.447 Y186.479 E118.28913
G1 X214.792 Y186.325 E118.3017
G1 X215.31 Y186.239 E118.31916
G1 X215.834 Y186.316 E118.33678
G1 X216.249 Y186.502 E118.35191
G1 X216.712 Y186.879 E118.37176
G1 X216.988 Y187.452 E118.39292
G1 X217.064 Y187.855 E118.40656
G1 X217.027 Y188.376 E118.42393
G1 X216.891 Y188.76 E118.43748
G1 X216.576 Y189.213 E118.45583
G1 X216.127 Y189.53 E118.47411
G1 X215.607 Y189.737 E118.49273
G1 X214.902 Y189.682 E118.51625
G1 X214.507 Y189.521 E118.53043
G1 F2400 E118.03043
G0 F9000 X213.988 Y189.379
G0 X207.287 Y199.104
G0 X206.667 Y198.982
G1 F2400 E118.53043
G1 F1500 X206.674 Y198.986 E118.5307
G1 X207.194 Y199.281 E118.55059
G1 X207.948 Y199.652 E118.57854
G1 X208.361 Y199.838 E118.5936
G1 X209.144 Y200.144 E118.62156
G1 X209.711 Y200.34 E118.64152
G1 X210.288 Y200.509 E118.66151
G1 X210.683 Y200.611 E118.67508
G1 X211.319 Y200.74 E118.69667
G1 X211.756 Y200.802 E118.71135
G1 X212.338 Y200.844 E118.73075
G1 X212.78 Y200.844 E118.74545
G1 X213.067 Y200.829 E118.75501
G1 X213.317 Y200.801 E118.76338
G1 X213.863 Y200.701 E118.78184
G1 X214.326 Y200.566 E118.79788
G1 X214.78 Y200.395 E118.81402
G1 X215.24 Y200.176 E118.83096
G1 X215.716 Y199.883 E118.84956
G1 X216.202 Y199.536 E118.86942
G1 X216.472 Y199.322 E118.88088
G1 X217.122 Y198.744 E118.90981
G1 X217.609 Y198.254 E118.93278
G1 X218.126 Y197.706 E118.95784
G1 X218.501 Y197.291 E118.97644
G1 X220.501 Y194.959 E119.07863
G1 X221.086 Y194.251 E119.10917
G1 X221.357 Y193.905 E119.12379
G1 X221.64 Y193.519 E119.13971
G1 X222.021 Y192.934 E119.16293
G1 X222.22 Y192.586 E119.17626
G1 X222.35 Y192.333 E119.18572
G1 X222.546 Y191.889 E119.20187
G1 X222.7 Y191.416 E119.21841
G1 X222.774 Y191.141 E119.22788
G1 X222.863 Y190.676 E119.24363
G1 X222.906 Y190.348 E119.25463
G1 X222.932 Y189.974 E119.2671
G1 X222.943 Y189.596 E119.27968
G1 X222.921 Y189.049 E119.29789
G1 X222.864 Y188.45 E119.3179
G1 X222.764 Y187.796 E119.3399
G1 X222.681 Y187.371 E119.35431
G1 X222.38 Y186.134 E119.39665
G1 X222.082 Y185.106 E119.43225
G1 X221.264 Y182.468 E119.52411
G1 X220.829 Y181.003 E119.57494
G1 X220.458 Y179.643 E119.62183
G1 X219.783 Y176.957 E119.71394
G1 X219.591 Y176.238 E119.73869
G1 X219.386 Y175.569 E119.76196
G1 X219.11 Y174.796 E119.78926
G1 X218.91 Y174.346 E119.80564
G1 X218.755 Y174.04 E119.81705
G1 X218.559 Y173.696 E119.83022
G1 X218.293 Y173.313 E119.84573
G1 X217.929 Y172.923 E119.86347
G1 X217.727 Y172.745 E119.87243
G1 X217.521 Y172.594 E119.88092
G1 X217.214 Y172.412 E119.89279
G1 X216.774 Y172.221 E119.90875
G1 X216.182 Y172.103 E119.92883
G1 X215.626 Y172.115 E119.94732
G1 X215.158 Y172.215 E119.96324
G1 X214.686 Y172.386 E119.97994
G1 X214.267 Y172.611 E119.99575
G1 X214.015 Y172.781 E120.00587
G1 X213.726 Y173.01 E120.01813
G1 X213.451 Y173.271 E120.03074
G1 X213.272 Y173.463 E120.03947
G1 X213.033 Y173.767 E120.05233
G1 X212.763 Y174.182 E120.0688
G1 X212.566 Y174.534 E120.08222
G1 X212.301 Y175.1 E120.103
G1 X212.015 Y175.87 E120.13032
G1 X211.837 Y176.462 E120.15088
G1 X211.512 Y177.645 E120.19169
G1 X211.072 Y179.34 E120.24993
G1 X210.735 Y180.498 E120.29004
G1 X210.458 Y181.348 E120.31978
G1 X210.077 Y182.424 E120.35774
G1 X209.71 Y183.337 E120.39047
G1 X209.205 Y184.489 E120.43231
G1 X208.713 Y185.509 E120.46997
G1 X208.297 Y186.308 E120.49993
G1 X207.701 Y187.419 E120.54187
G1 X206.577 Y189.449 E120.61904
G1 X205.562 Y191.4 E120.69219
G1 X205.088 Y192.433 E120.72999
G1 X204.909 Y192.878 E120.74595
G1 X204.729 Y193.378 E120.76362
G1 X204.639 Y193.657 E120.77337
G1 X204.534 Y194.032 E120.78632
G1 X204.45 Y194.403 E120.79898
G1 X204.361 Y194.957 E120.81764
G1 X204.326 Y195.379 E120.83172
G1 X204.35 Y195.882 E120.84847
G1 X204.409 Y196.282 E120.86192
G1 X204.512 Y196.63 E120.87399
G1 X204.659 Y196.996 E120.88711
G1 X204.842 Y197.322 E120.89954
G1 X205.005 Y197.559 E120.90911
G1 X205.28 Y197.898 E120.92363
G1 X205.544 Y198.151 E120.93579
G1 X205.993 Y198.523 E120.95518
G1 X206.379 Y198.797 E120.97093
G1 X206.667 Y198.982 E120.98231
G0 F9000 X206.468 Y199.328
;TYPE:WALL-OUTER
G1 F1500 X207.006 Y199.635 E121.00291
G1 X207.778 Y200.014 E121.03152
G1 X208.206 Y200.207 E121.04713
G1 X209.006 Y200.52 E121.07571
G1 X209.589 Y200.721 E121.09622
G1 X210.182 Y200.895 E121.11677
G1 X210.593 Y201.001 E121.13089
G1 X211.251 Y201.134 E121.15322
G1 X211.714 Y201.2 E121.16877
G1 X212.324 Y201.244 E121.18911
G1 X212.79 Y201.244 E121.20461
G1 X213.099 Y201.228 E121.2149
G1 X213.372 Y201.197 E121.22404
G1 X213.679 Y201.147 E121.23439
G1 X213.959 Y201.089 E121.2439
G1 X214.452 Y200.946 E121.26097
G1 X214.937 Y200.763 E121.27821
G1 X215.432 Y200.528 E121.29644
G1 X215.937 Y200.217 E121.31616
G1 X216.443 Y199.856 E121.33684
G1 X216.728 Y199.63 E121.34894
G1 X217.186 Y199.231 E121.36914
G1 X217.4 Y199.032 E121.37886
G1 X217.85 Y198.58 E121.40007
G1 X218.385 Y198.016 E121.42593
G1 X218.85 Y197.498 E121.44908
G1 X220.786 Y195.243 E121.54793
G1 X221.372 Y194.534 E121.57852
G1 X221.676 Y194.147 E121.59489
G1 X221.968 Y193.749 E121.61131
G1 X222.364 Y193.14 E121.63547
G1 X222.572 Y192.776 E121.64942
G1 X222.711 Y192.505 E121.65955
G1 X222.92 Y192.032 E121.67674
G1 X223.084 Y191.53 E121.69431
G1 X223.164 Y191.231 E121.7046
G1 X223.258 Y190.74 E121.72123
G1 X223.304 Y190.388 E121.73304
G1 X223.332 Y189.994 E121.74618
G1 X223.343 Y189.594 E121.75949
G1 X223.32 Y189.022 E121.77853
G1 X223.261 Y188.401 E121.79927
G1 X223.158 Y187.727 E121.82195
G1 X223.06 Y187.231 E121.83877
G1 X222.766 Y186.029 E121.87992
G1 X222.464 Y184.988 E121.91598
G1 X221.648 Y182.354 E122.00769
G1 X221.215 Y180.897 E122.05824
G1 X220.846 Y179.545 E122.10486
G1 X220.169 Y176.854 E122.19715
G1 X219.975 Y176.128 E122.22214
G1 X219.766 Y175.443 E122.24596
G1 X219.482 Y174.647 E122.27407
G1 X219.271 Y174.174 E122.2913
G1 X219.107 Y173.851 E122.30335
G1 X218.898 Y173.483 E122.31742
G1 X218.698 Y173.195 E122.32909
G1 X218.543 Y172.994 E122.33753
G1 X218.208 Y172.636 E122.35384
G1 X217.978 Y172.433 E122.36404
G1 X217.741 Y172.26 E122.3738
G1 X217.396 Y172.055 E122.38715
G1 X217.002 Y171.884 E122.40143
G1 X216.762 Y171.811 E122.40977
G1 X216.362 Y171.731 E122.42334
G1 X216.103 Y171.705 E122.432
G1 X215.722 Y171.712 E122.44467
G1 X215.437 Y171.746 E122.45422
G1 X215.048 Y171.829 E122.46745
G1 X214.522 Y172.02 E122.48606
G1 X214.06 Y172.268 E122.5035
G1 X213.779 Y172.458 E122.51478
G1 X213.464 Y172.708 E122.52816
G1 X213.167 Y172.989 E122.54176
G1 X212.968 Y173.203 E122.55148
G1 X212.707 Y173.533 E122.56547
G1 X212.42 Y173.976 E122.58303
G1 X212.21 Y174.352 E122.59735
G1 X211.933 Y174.943 E122.61906
G1 X211.635 Y175.746 E122.64755
G1 X211.453 Y176.352 E122.66859
G1 X211.125 Y177.545 E122.70975
G1 X210.688 Y179.228 E122.76758
G1 X210.355 Y180.374 E122.80727
G1 X210.081 Y181.215 E122.83669
G1 X209.706 Y182.275 E122.87409
G1 X209.344 Y183.177 E122.90641
G1 X208.845 Y184.315 E122.94774
G1 X208.353 Y185.335 E122.98541
G1 X207.945 Y186.119 E123.0148
G1 X207.351 Y187.225 E123.05656
G1 X206.225 Y189.259 E123.13389
G1 X205.357 Y190.914 E123.19604
G1 X205.201 Y191.227 E123.20767
G1 X204.72 Y192.275 E123.24603
G1 X204.535 Y192.736 E123.26255
G1 X204.35 Y193.249 E123.28069
G1 X204.256 Y193.542 E123.29092
G1 X204.146 Y193.934 E123.30446
G1 X204.057 Y194.327 E123.31786
G1 X203.963 Y194.909 E123.33747
G1 X203.925 Y195.372 E123.35292
G1 X203.952 Y195.92 E123.37117
G1 X203.994 Y196.209 E123.38089
G1 X204.047 Y196.467 E123.38965
G1 X204.134 Y196.762 E123.39988
G1 X204.297 Y197.169 E123.41446
G1 X204.502 Y197.534 E123.42838
G1 X204.685 Y197.799 E123.43909
G1 X204.989 Y198.172 E123.4551
G1 X205.275 Y198.447 E123.46829
G1 X205.548 Y198.681 E123.48025
G1 X205.753 Y198.843 E123.48894
G1 X206.156 Y199.129 E123.50538
G1 X206.468 Y199.328 E123.51769
G1 F2400 E123.01769
G0 F9000 X206.623 Y199.062
G0 X207.287 Y199.104
G0 X214.176 Y189.513
G0 X214.676 Y189.158
G1 F2400 E123.51769
G1 F1500 X214.409 Y188.968 E123.52859
G1 X214.198 Y188.714 E123.53957
G1 X214.059 Y188.428 E123.55015
G1 X213.986 Y188.061 E123.56259
G1 X214.014 Y187.697 E123.57473
G1 X214.171 Y187.301 E123.5889
G1 X214.372 Y187.045 E123.59973
G1 X214.669 Y186.817 E123.61218
G1 X214.933 Y186.707 E123.62169
G1 X215.323 Y186.644 E123.63483
G1 X215.708 Y186.701 E123.64778
G1 X216.023 Y186.837 E123.65919
G1 X216.385 Y187.135 E123.67478
G1 X216.609 Y187.592 E123.69171
G1 X216.664 Y187.879 E123.70143
G1 X216.634 Y188.28 E123.71481
G1 X216.523 Y188.59 E123.72576
G1 X216.283 Y188.929 E123.73957
G1 X215.925 Y189.183 E123.75417
G1 X215.526 Y189.336 E123.76839
G1 X215.016 Y189.293 E123.78541
G1 X214.676 Y189.158 E123.79758
G1 F2400 E123.29758
G0 F9000 X214.491 Y189.409
G0 X213.988 Y189.379
G0 X207.287 Y199.104
G0 X206.845 Y198.666
;TYPE:SKIN
G1 F2400 E123.79758
G1 F1500 X206.572 Y198.494 E123.80831
G1 X206.199 Y198.225 E123.8236
G1 X205.785 Y197.882 E123.84148
G1 X205.555 Y197.663 E123.85205
G1 X205.22 Y197.252 E123.86968
G1 X204.981 Y196.832 E123.88576
G1 X204.802 Y196.392 E123.90155
G1 X204.708 Y195.838 E123.92024
G1 X204.685 Y195.372 E123.93576
G1 X204.715 Y195.013 E123.94774
G1 X204.801 Y194.478 E123.96577
G1 X204.878 Y194.131 E123.97759
G1 X205.066 Y193.499 E123.99952
G1 X205.243 Y193.012 E124.01675
G1 X205.416 Y192.583 E124.03214
G1 X205.888 Y191.548 E124.06997
G1 X206.869 Y189.663 E124.14065
G1 X208.015 Y187.589 E124.21946
G1 X208.985 Y185.775 E124.28788
G1 X209.525 Y184.651 E124.32936
G1 X210.049 Y183.461 E124.3726
G1 X210.414 Y182.551 E124.40521
G1 X210.797 Y181.463 E124.44358
G1 X211.079 Y180.607 E124.47355
G1 X211.412 Y179.46 E124.51328
G1 X211.851 Y177.769 E124.57139
G1 X212.181 Y176.564 E124.61294
G1 X212.354 Y175.992 E124.63282
G1 X212.637 Y175.226 E124.65998
G1 X212.879 Y174.708 E124.67899
G1 X213.064 Y174.376 E124.69163
G1 X213.323 Y173.977 E124.70745
G1 X213.608 Y173.616 E124.72275
G1 X213.952 Y173.291 E124.73849
G1 X214.223 Y173.074 E124.75004
G1 X214.456 Y172.916 E124.7594
G1 X214.838 Y172.711 E124.77382
G1 X215.26 Y172.557 E124.78876
G1 X215.664 Y172.472 E124.80249
G1 X216.146 Y172.461 E124.81853
G1 X216.663 Y172.564 E124.83606
G1 X217.048 Y172.731 E124.85002
G1 X217.41 Y172.947 E124.86404
G1 X217.672 Y173.177 E124.87564
G1 X218.015 Y173.542 E124.8923
G1 X218.25 Y173.883 E124.90607
G1 X218.461 Y174.259 E124.92041
G1 X218.579 Y174.491 E124.92907
G1 X218.778 Y174.939 E124.94537
G1 X219.038 Y175.671 E124.97121
G1 X219.243 Y176.34 E124.99448
G1 X219.425 Y177.015 E125.01773
G1 X220.106 Y179.725 E125.11067
G1 X220.491 Y181.137 E125.15935
G1 X220.916 Y182.569 E125.20903
G1 X221.697 Y185.07 E125.29618
G1 X222.018 Y186.18 E125.33461
G1 X222.312 Y187.384 E125.37583
G1 X222.407 Y187.851 E125.39168
G1 X222.505 Y188.493 E125.41328
G1 X222.56 Y189.066 E125.43243
G1 X222.579 Y189.598 E125.45013
G1 X222.572 Y189.951 E125.46187
G1 X222.548 Y190.299 E125.47348
G1 X222.502 Y190.623 E125.48436
G1 X222.42 Y191.059 E125.49912
G1 X222.356 Y191.303 E125.50751
G1 X222.208 Y191.756 E125.52336
G1 X222.027 Y192.165 E125.53823
G1 X221.712 Y192.748 E125.56027
G1 X221.347 Y193.306 E125.58245
G1 X221.072 Y193.683 E125.59797
G1 X220.797 Y194.032 E125.61275
G1 X220.227 Y194.723 E125.64254
G1 X218.294 Y196.972 E125.74118
G1 X217.9 Y197.417 E125.76095
G1 X217.392 Y197.957 E125.7856
G1 X216.878 Y198.474 E125.80985
G1 X216.23 Y199.051 E125.83871
G1 X215.991 Y199.244 E125.84893
G1 X215.517 Y199.581 E125.86827
G1 X215.072 Y199.855 E125.88565
G1 X214.649 Y200.055 E125.90122
G1 X214.196 Y200.226 E125.91732
G1 X213.781 Y200.349 E125.93172
G1 X213.164 Y200.461 E125.95257
G1 X212.762 Y200.484 E125.96597
G1 X212.364 Y200.484 E125.9792
G1 X211.783 Y200.441 E125.99858
G1 X211.391 Y200.382 E126.01176
G1 X210.753 Y200.256 E126.03339
G1 X210.378 Y200.159 E126.04628
G1 X209.821 Y199.993 E126.06561
G1 X209.273 Y199.808 E126.08485
G1 X208.49 Y199.499 E126.11284
G1 X208.106 Y199.326 E126.12685
G1 X207.35 Y198.955 E126.15486
G1 X206.867 Y198.68 E126.17335
G1 X206.845 Y198.666 E126.17421
G1 F2400 E125.67421
G0 F9000 X206.705 Y198.885
G0 X207.287 Y199.104
G0 X214.176 Y189.513
G0 X214.311 Y189.832
G1 F2400 E126.17421
G1 F1500 X214.809 Y190.029 E126.19203
G1 X215.489 Y190.096 E126.21475
G1 X215.747 Y190.062 E126.22341
G1 X216.337 Y189.832 E126.24447
G1 X216.844 Y189.451 E126.26556
G1 X217.216 Y188.917 E126.28721
G1 X217.372 Y188.474 E126.30283
G1 X217.428 Y187.858 E126.3234
G1 X217.333 Y187.34 E126.34092
G1 X216.997 Y186.651 E126.36642
G1 X216.431 Y186.19 E126.39069
G1 X215.934 Y185.969 E126.40879
G1 X215.325 Y185.876 E126.42928
G1 X214.705 Y185.975 E126.45016
G1 X214.279 Y186.156 E126.46555
G1 X213.83 Y186.5 E126.48437
G1 X213.503 Y186.925 E126.5022
G1 X213.268 Y187.512 E126.52323
G1 X213.218 Y188.105 E126.54302
G1 X213.341 Y188.717 E126.56379
G1 X213.583 Y189.164 E126.58069
G1 X213.867 Y189.511 E126.59561
G1 X214.311 Y189.832 E126.61383
G1 F2400 E126.11383
G0 F9000 X214.431 Y189.599
G0 X214.865 Y189.859
G0 X215.605 Y199.716
G0 X214.962 Y199.686
G1 F2400 E126.61383
G1 F1500 X220.172 Y194.476 E126.85889
G1 F2400 E126.35889
G0 F9000 X220.527 Y194.77
G0 X222.067 Y192.65
G0 X221.662 Y192.419
G1 F2400 E126.85889
G1 F1500 X214.009 Y200.073 E127.21889
G0 F9000 X213.279 Y200.237
G1 F1500 X222.112 Y191.404 E127.63437
G0 F9000 X222.292 Y190.659
G1 F1500 X212.667 Y200.284 E128.0871
G0 F9000 X212.119 Y200.265
G1 F1500 X222.366 Y190.019 E128.56906
G0 F9000 X222.373 Y189.446
G1 F1500 X211.607 Y200.212 E129.07546
G0 F9000 X211.127 Y200.126
G1 F1500 X222.343 Y188.91 E129.60303
G0 F9000 X222.289 Y188.399
G1 F1500 X210.662 Y200.026 E130.14993
G0 F9000 X210.219 Y199.903
G1 F1500 X222.213 Y187.909 E130.71409
G0 F9000 X222.118 Y187.438
G1 F1500 X209.787 Y199.77 E131.29412
G0 F9000 X209.362 Y199.628
G1 F1500 X222.007 Y186.983 E131.8889
G0 F9000 X221.896 Y186.528
G1 F1500 X208.956 Y199.468 E132.49756
G0 F9000 X208.551 Y199.308
G1 F1500 X221.781 Y186.079 E133.11984
G0 F9000 X221.653 Y185.64
G1 F1500 X208.162 Y199.132 E133.75444
G0 F9000 X207.783 Y198.945
G1 F1500 X221.527 Y185.201 E134.40091
G0 F9000 X221.393 Y184.769
G1 F1500 X217.528 Y188.634 E134.58271
G0 F9000 X217.617 Y187.979
G1 F1500 X221.259 Y184.338 E134.75399
G0 F9000 X221.124 Y183.907
G1 F1500 X217.56 Y187.471 E134.92163
G0 F9000 X217.414 Y187.051
G1 F1500 X220.989 Y183.476 E135.08979
G0 F9000 X220.854 Y183.045
G1 F1500 X217.232 Y186.668 E135.26018
G0 F9000 X216.967 Y186.366
G1 F1500 X220.72 Y182.614 E135.43669
G0 F9000 X220.59 Y182.178
G1 F1500 X216.653 Y186.115 E135.62187
G0 F9000 X216.293 Y185.909
G1 F1500 X220.461 Y181.741 E135.81792
G0 F9000 X220.332 Y181.305
G1 F1500 X215.878 Y185.759 E136.02743
G0 F9000 X215.387 Y185.684
G1 F1500 X220.209 Y180.862 E136.25424
G0 F9000 X220.088 Y180.418
G1 F1500 X214.738 Y185.768 E136.50589
G1 F2400 E136.00589
G0 F9000 X214.812 Y186.221
G0 X213.525 Y187.582
G0 X213.094 Y187.412
G1 F2400 E136.50589
G1 F1500 X204.897 Y195.608 E136.89142
G0 F9000 X204.958 Y196.113
G1 F1500 X213.022 Y188.049 E137.27073
G0 F9000 X213.1 Y188.537
G1 F1500 X205.084 Y196.553 E137.64778
G0 F9000 X205.269 Y196.933
G1 F1500 X213.244 Y188.958 E138.0229
G0 F9000 X213.45 Y189.318
G1 F1500 X205.496 Y197.272 E138.39703
G0 F9000 X205.755 Y197.578
G1 F1500 X213.705 Y189.628 E138.77097
G0 F9000 X214.028 Y189.872
G1 F1500 X206.054 Y197.846 E139.14604
G0 F9000 X206.366 Y198.1
G1 F1500 X214.388 Y190.077 E139.5234
G0 F9000 X214.804 Y190.227
G1 F1500 X206.695 Y198.336 E139.90482
G0 F9000 X207.045 Y198.551
G1 F1500 X215.317 Y190.28 E140.29389
G0 F9000 X215.967 Y190.195
G1 F1500 X207.406 Y198.756 E140.69657
G1 F2400 E140.19657
G0 F9000 X207.178 Y199.155
G0 X205.653 Y198.032
G0 X204.979 Y197.237
G0 X204.591 Y196.33
G0 X204.464 Y194.95
G0 X204.917 Y195.023
G1 F2400 E140.69657
G1 F1500 X219.966 Y179.974 E141.40443
G0 F9000 X219.849 Y179.525
G1 F1500 X205.038 Y194.336 E142.10109
G0 F9000 X205.262 Y193.546
G1 F1500 X219.736 Y179.073 E142.78188
G0 F9000 X219.622 Y178.621
G1 F1500 X205.617 Y192.625 E143.44061
G0 F9000 X205.2 Y192.433
G0 X205.692 Y191.367
G0 X206.098 Y191.579
G1 F1500 X219.509 Y178.168 E144.07142
G0 F9000 X219.395 Y177.716
G1 F1500 X206.711 Y190.4 E144.66804
G0 F9000 X206.306 Y190.188
G0 X206.964 Y188.959
G0 X207.364 Y189.181
G1 F1500 X219.281 Y177.265 E145.22856
G0 F9000 X219.164 Y176.816
G1 F1500 X208.063 Y187.916 E145.75069
G0 F9000 X207.664 Y187.695
G0 X208.321 Y186.476
G0 X208.722 Y186.692
G1 F1500 X219.043 Y176.371 E146.23616
G0 F9000 X218.91 Y175.938
G1 F1500 X209.331 Y185.517 E146.68672
G0 F9000 X208.917 Y185.317
G0 X209.412 Y184.267
G0 X209.831 Y184.452
G1 F1500 X218.769 Y175.514 E147.10714
G0 F9000 X218.621 Y175.096
G1 F1500 X210.27 Y183.447 E147.49995
G0 F9000 X209.845 Y183.275
G0 X210.208 Y182.356
G0 X210.641 Y182.51
G1 F1500 X218.452 Y174.699 E147.86735
G0 F9000 X218.265 Y174.32
G1 F1500 X210.948 Y181.638 E148.21154
G0 F9000 X211.229 Y180.791
G1 F1500 X218.06 Y173.96 E148.53285
G0 F9000 X217.824 Y173.631
G1 F1500 X211.468 Y179.986 E148.8318
G0 F9000 X211.687 Y179.201
G1 F1500 X217.55 Y173.339 E149.10755
G0 F9000 X217.244 Y173.079
G1 F1500 X211.885 Y178.438 E149.35962
G0 F9000 X212.085 Y177.673
G1 F1500 X216.882 Y172.876 E149.58526
G0 F9000 X216.464 Y172.727
G1 F1500 X212.298 Y176.893 E149.78121
G0 F9000 X212.534 Y176.092
G1 F1500 X215.961 Y172.665 E149.94241
G0 F9000 X215.308 Y172.752
G1 F1500 X212.879 Y175.181 E150.05666
G1 F2400 E149.55666
;MESH:NONMESH
G0 F300 Z1
G0 F9000 X212.465 Y174.986
G0 X212.205 Y175.932
G0 X214.356 Y186.322
G0 X214.49 Y189.517
;TIME_ELAPSED:244.165309
;LAYER:4
;TYPE:WALL-INNER
;MESH:Rock Wall Hold Knob 1.stl
G1 F2400 E150.05666
G1 F1500 X214.12 Y189.253 E150.07178
G1 X213.894 Y188.975 E150.0837
G1 X213.683 Y188.591 E150.09827
G1 X213.588 Y188.079 E150.11559
G1 X213.618 Y187.617 E150.13099
G1 X213.829 Y187.081 E150.15015
G1 X214.099 Y186.751 E150.16433
G1 X214.457 Y186.473 E150.1794
G1 X214.798 Y186.328 E150.19173
G1 X215.315 Y186.238 E150.20918
G1 X215.82 Y186.313 E150.22616
G1 X216.24 Y186.494 E150.24137
G1 X216.709 Y186.876 E150.26149
G1 X216.988 Y187.45 E150.28272
G1 X217.064 Y187.867 E150.29682
G1 X217.028 Y188.374 E150.31372
G1 X216.891 Y188.759 E150.32731
G1 X216.574 Y189.212 E150.3457
G1 X216.144 Y189.526 E150.36341
G1 X215.597 Y189.74 E150.38295
G1 X214.923 Y189.688 E150.40543
G1 X214.49 Y189.517 E150.42092
G1 F2400 E149.92092
G0 F9000 X213.994 Y189.385
G0 X213.243 Y190.327
G0 X206.789 Y198.781
G0 X206.632 Y199.046
G1 F2400 E150.42092
G1 F1500 X207.027 Y199.278 E150.43615
G1 X207.586 Y199.567 E150.45708
G1 X208.254 Y199.87 E150.48148
G1 X208.667 Y200.046 E150.49641
G1 X209.148 Y200.226 E150.51349
G1 X210.014 Y200.513 E150.54384
G1 X210.457 Y200.633 E150.5591
G1 X211.227 Y200.805 E150.58534
G1 X211.961 Y200.906 E150.60999
G1 X212.521 Y200.939 E150.62864
G1 X212.979 Y200.924 E150.64389
G1 X213.331 Y200.892 E150.65564
G1 X213.871 Y200.795 E150.67389
G1 X214.172 Y200.712 E150.68427
G1 X214.514 Y200.602 E150.69622
G1 X214.775 Y200.5 E150.70554
G1 X215.295 Y200.245 E150.72481
G1 X215.6 Y200.067 E150.73655
G1 X216.001 Y199.796 E150.75265
G1 X216.368 Y199.515 E150.76802
G1 X216.626 Y199.298 E150.77924
G1 X217.024 Y198.942 E150.797
G1 X217.414 Y198.556 E150.81525
G1 X218.075 Y197.856 E150.84727
G1 X218.793 Y197.033 E150.88359
G1 X220.238 Y195.325 E150.95801
G1 X221.083 Y194.305 E151.00206
G1 X221.428 Y193.859 E151.02081
G1 X221.737 Y193.431 E151.03837
G1 X221.93 Y193.138 E151.05004
G1 X222.233 Y192.623 E151.06992
G1 X222.467 Y192.165 E151.08702
G1 X222.679 Y191.596 E151.10722
G1 X222.785 Y191.244 E151.11944
G1 X222.891 Y190.728 E151.13696
G1 X222.962 Y190.183 E151.15524
G1 X222.98 Y189.885 E151.16517
G1 X222.983 Y189.613 E151.17422
G1 X222.957 Y188.997 E151.19473
G1 X222.893 Y188.389 E151.21506
G1 X222.775 Y187.671 E151.23926
G1 X222.701 Y187.353 E151.25012
G1 X222.711 Y187.338 E151.25072
G1 X222.487 Y186.415 E151.28231
G1 X222.224 Y185.463 E151.31516
G1 X221.453 Y183.023 E151.40027
G1 X220.953 Y181.372 E151.45765
G1 X220.434 Y179.491 E151.52255
G1 X219.685 Y176.522 E151.62439
G1 X219.4 Y175.553 E151.65798
G1 X219.198 Y174.981 E151.67816
G1 X219.01 Y174.515 E151.69487
G1 X218.829 Y174.137 E151.70881
G1 X218.637 Y173.783 E151.72221
G1 X218.482 Y173.534 E151.73196
G1 X218.206 Y173.174 E151.74705
G1 X217.868 Y172.817 E151.7634
G1 X217.548 Y172.579 E151.77667
G1 X217.285 Y172.419 E151.78691
G1 X216.93 Y172.255 E151.79991
G1 X216.625 Y172.153 E151.81061
G1 X216.126 Y172.075 E151.82741
G1 X215.676 Y172.098 E151.84239
G1 X215.333 Y172.158 E151.85397
G1 X215.08 Y172.228 E151.86271
G1 X214.759 Y172.347 E151.87409
G1 X214.423 Y172.52 E151.88666
G1 X214.094 Y172.721 E151.89949
G1 X213.736 Y173.013 E151.91485
G1 X213.464 Y173.278 E151.92748
G1 X213.291 Y173.468 E151.93603
G1 X213.027 Y173.818 E151.95061
G1 X212.856 Y174.078 E151.96096
G1 X212.684 Y174.38 E151.97252
G1 X212.406 Y174.958 E151.99385
G1 X212.219 Y175.425 E152.01058
G1 X212.029 Y175.984 E152.03022
G1 X211.787 Y176.823 E152.05926
G1 X211.108 Y179.45 E152.14951
G1 X210.786 Y180.562 E152.18801
G1 X210.43 Y181.632 E152.22552
G1 X209.925 Y182.975 E152.27324
G1 X209.617 Y183.701 E152.29947
G1 X209.313 Y184.382 E152.32428
G1 X208.811 Y185.417 E152.36254
G1 X208.084 Y186.79 E152.41421
G1 X206.452 Y189.704 E152.52529
G1 X205.686 Y191.13 E152.57913
G1 X205.289 Y191.94 E152.60913
G1 X204.911 Y192.81 E152.64068
G1 X204.721 Y193.292 E152.65792
G1 X204.537 Y193.856 E152.67765
G1 X204.394 Y194.42 E152.697
G1 X204.3 Y194.958 E152.71516
G1 X204.257 Y195.426 E152.7308
G1 X204.264 Y195.739 E152.74121
G1 X204.309 Y196.193 E152.75638
G1 X204.418 Y196.633 E152.77146
G1 X204.554 Y196.994 E152.78429
G1 X204.767 Y197.376 E152.79884
G1 X204.939 Y197.629 E152.80901
G1 X205.175 Y197.91 E152.82122
G1 X205.445 Y198.179 E152.83389
G1 X205.779 Y198.466 E152.84854
G1 X205.983 Y198.623 E152.8571
G1 X206.38 Y198.898 E152.87317
G1 X206.632 Y199.046 E152.88289
G0 F9000 X206.436 Y199.395
;TYPE:WALL-OUTER
G1 F1500 X206.833 Y199.628 E152.8982
G1 X207.412 Y199.927 E152.91987
G1 X208.093 Y200.236 E152.94474
G1 X208.519 Y200.418 E152.96015
G1 X209.015 Y200.603 E152.97776
G1 X209.898 Y200.896 E153.0087
G1 X210.361 Y201.021 E153.02465
G1 X211.153 Y201.199 E153.05165
G1 X211.923 Y201.304 E153.0775
G1 X212.515 Y201.339 E153.09722
G1 X213.003 Y201.324 E153.11346
G1 X213.382 Y201.289 E153.12612
G1 X213.962 Y201.185 E153.14572
G1 X214.286 Y201.096 E153.15689
G1 X214.648 Y200.979 E153.16955
G1 X214.933 Y200.868 E153.17972
G1 X215.208 Y200.74 E153.18981
G1 X215.487 Y200.596 E153.20025
G1 X215.813 Y200.406 E153.2128
G1 X216.235 Y200.121 E153.22974
G1 X216.618 Y199.827 E153.2458
G1 X216.888 Y199.6 E153.25753
G1 X217.298 Y199.234 E153.27581
G1 X217.7 Y198.836 E153.29463
G1 X218.371 Y198.125 E153.32714
G1 X219.098 Y197.291 E153.36394
G1 X220.546 Y195.58 E153.43849
G1 X221.395 Y194.555 E153.48276
G1 X221.783 Y194.052 E153.50389
G1 X222.067 Y193.658 E153.52004
G1 X222.27 Y193.35 E153.53231
G1 X222.584 Y192.815 E153.55294
G1 X222.779 Y192.434 E153.56718
G1 X222.882 Y192.197 E153.57577
G1 X223.058 Y191.724 E153.59256
G1 X223.173 Y191.342 E153.60583
G1 X223.286 Y190.794 E153.62444
G1 X223.36 Y190.221 E153.64365
G1 X223.38 Y189.9 E153.65435
G1 X223.383 Y189.607 E153.6641
G1 X223.356 Y188.967 E153.6854
G1 X223.289 Y188.335 E153.70654
G1 X223.167 Y187.592 E153.73158
G1 X223.097 Y187.297 E153.74167
G1 X223.109 Y187.279 E153.74239
G1 X222.862 Y186.27 E153.77694
G1 X222.608 Y185.349 E153.80871
G1 X221.836 Y182.907 E153.8939
G1 X221.339 Y181.266 E153.95093
G1 X220.822 Y179.393 E154.01555
G1 X220.071 Y176.417 E154.11764
G1 X219.781 Y175.43 E154.15185
G1 X219.572 Y174.839 E154.1727
G1 X219.376 Y174.353 E154.19013
G1 X219.185 Y173.955 E154.20481
G1 X218.983 Y173.581 E154.21895
G1 X218.811 Y173.306 E154.22974
G1 X218.511 Y172.914 E154.24616
G1 X218.236 Y172.624 E154.25945
G1 X218.036 Y172.443 E154.26842
G1 X217.772 Y172.247 E154.27936
G1 X217.473 Y172.065 E154.291
G1 X217.078 Y171.883 E154.30547
G1 X216.72 Y171.763 E154.31802
G1 X216.268 Y171.692 E154.33324
G1 X216.009 Y171.681 E154.34186
G1 X215.631 Y171.7 E154.35445
G1 X215.245 Y171.768 E154.36749
G1 X214.958 Y171.847 E154.37739
G1 X214.597 Y171.98 E154.39019
G1 X214.227 Y172.171 E154.40403
G1 X213.952 Y172.339 E154.41475
G1 X213.739 Y172.495 E154.42353
G1 X213.47 Y172.714 E154.43507
G1 X213.176 Y173 E154.44871
G1 X212.983 Y173.212 E154.45825
G1 X212.7 Y173.588 E154.4739
G1 X212.515 Y173.869 E154.48509
G1 X212.33 Y174.194 E154.49753
G1 X212.04 Y174.797 E154.51978
G1 X211.844 Y175.286 E154.53731
G1 X211.647 Y175.864 E154.55762
G1 X211.401 Y176.717 E154.58714
G1 X210.724 Y179.339 E154.67721
G1 X210.406 Y180.436 E154.7152
G1 X210.056 Y181.491 E154.75217
G1 X209.557 Y182.819 E154.79935
G1 X209.251 Y183.538 E154.82534
G1 X208.953 Y184.208 E154.84973
G1 X208.457 Y185.23 E154.88752
G1 X207.735 Y186.594 E154.93885
G1 X206.12 Y189.477 E155.04876
G1 X205.33 Y190.948 E155.10429
G1 X204.926 Y191.772 E155.13481
G1 X204.541 Y192.657 E155.16691
G1 X204.345 Y193.156 E155.18475
G1 X204.153 Y193.744 E155.20532
G1 X204.004 Y194.332 E155.22549
G1 X203.903 Y194.909 E155.24498
G1 X203.857 Y195.412 E155.26178
G1 X203.864 Y195.763 E155.27345
G1 X203.914 Y196.261 E155.2901
G1 X204.036 Y196.752 E155.30693
G1 X204.19 Y197.163 E155.32153
G1 X204.427 Y197.586 E155.33765
G1 X204.62 Y197.871 E155.3491
G1 X204.88 Y198.18 E155.36253
G1 X205.173 Y198.473 E155.37631
G1 X205.527 Y198.776 E155.39181
G1 X205.747 Y198.946 E155.40106
G1 X206.164 Y199.235 E155.41793
G1 X206.436 Y199.395 E155.42843
G1 F2400 E154.92843
G0 F9000 X206.798 Y198.786
G0 X213.525 Y190.551
G0 X214.225 Y189.573
G0 X214.683 Y189.162
G1 F2400 E155.42843
G1 F1500 X214.412 Y188.97 E155.43948
G1 X214.204 Y188.723 E155.45022
G1 X214.059 Y188.428 E155.46115
G1 X213.986 Y188.061 E155.47359
G1 X214.014 Y187.697 E155.48574
G1 X214.171 Y187.3 E155.49994
G1 X214.387 Y187.029 E155.51146
G1 X214.641 Y186.834 E155.52211
G1 X214.918 Y186.71 E155.53221
G1 X215.291 Y186.644 E155.54481
G1 X215.725 Y186.706 E155.55939
G1 X216.031 Y186.839 E155.57048
G1 X216.385 Y187.135 E155.58583
G1 X216.599 Y187.566 E155.60184
G1 X216.666 Y187.878 E155.61245
G1 X216.634 Y188.279 E155.62583
G1 X216.538 Y188.559 E155.63568
G1 X216.276 Y188.936 E155.65095
G1 X215.925 Y189.183 E155.66522
G1 X215.538 Y189.33 E155.67899
G1 X214.996 Y189.288 E155.69707
G1 X214.683 Y189.162 E155.70829
G1 F2400 E155.20829
G0 F9000 X214.568 Y189.452
G0 X213.415 Y188.263
G0 X212.211 Y188.492
G0 X212.352 Y188.48
;TYPE:FILL
G1 F2400 E155.70829
G1 F3000 X209.221 Y200.165 E156.11065
G0 F9000 X209.292 Y199.951
G0 X210.754 Y200.384
G0 X210.705 Y200.607
G1 F3000 X216.897 Y198.948 E156.32386
G0 F9000 X216.746 Y198.779
G0 X217.454 Y198.069
G0 X217.618 Y198.225
G1 F3000 X207.459 Y188.066 E156.80171
G0 F9000 X207.661 Y188.179
G0 X207.011 Y189.339
G0 X206.811 Y189.227
G1 F3000 X212.321 Y187.751 E156.99143
G0 F9000 X212.102 Y187.739
G0 X212.328 Y186.957
G0 X212.827 Y185.942
G0 X212.993 Y186.084
G1 F3000 X216.697 Y172.262 E157.46737
G0 F9000 X217.481 Y172.632
G1 F3000 X218.375 Y173.526 E157.50942
G1 X218.478 Y173.678
G1 X212.347 Y175.32 E157.72053
G0 F9000 X212.172 Y175.809
G1 F3000 X222.261 Y185.897 E158.19506
G0 F9000 X222.042 Y185.146
G1 F3000 X217.803 Y186.282 E158.34103
G0 F9000 X217.987 Y186.16
G0 X218.353 Y187.005
G0 X218.468 Y187.442
G0 X218.489 Y188.414
G0 X218.383 Y188.865
G0 X217.898 Y189.96
G0 X217.716 Y189.838
G1 F3000 X221.501 Y193.623 E158.51906
G0 F9000 X221.316 Y193.49
G0 X222.495 Y191.13
G0 X222.717 Y191.177
G1 F3000 X204.38 Y196.09 E159.15046
G0 F9000 X204.61 Y196.067
G0 X204.597 Y195.112
G0 X204.369 Y195.09
G1 F3000 X204.943 Y192.948 E159.22422
G0 F9000 X204.656 Y193.748
G1 F3000 X211.697 Y200.789 E159.55541
G0 F9000 X211.725 Y200.567
G0 X215.346 Y199.859
G0 X215.461 Y200.056
G1 F3000 X220.666 Y180.633 E160.22421
G0 F9000 X220.446 Y180.693
G0 X220.105 Y179.449
G0 X220.325 Y179.394
G1 F3000 X210.353 Y182.066 E160.56758
G0 F9000 X210.241 Y182.363
G1 F3000 X213.485 Y185.607 E160.72017
G1 F2400 E160.22017
G0 F9000 X213.363 Y185.425
G0 X212.718 Y186.221
G0 X213.672 Y186.989
G0 X214.343 Y189.847
;TYPE:SKIN
G1 F2400 E160.72017
G1 F1500 X214.854 Y190.042 E160.73836
G1 X215.655 Y190.101 E160.76508
G1 X216.321 Y189.844 E160.78882
G1 X216.818 Y189.479 E160.80933
G1 X217.216 Y188.914 E160.83231
G1 X217.38 Y188.455 E160.84853
G1 X217.427 Y187.849 E160.86874
G1 X217.331 Y187.338 E160.88604
G1 X216.984 Y186.636 E160.91208
G1 X216.429 Y186.182 E160.93593
G1 X215.9 Y185.961 E160.955
G1 X215.275 Y185.869 E160.97601
G1 X214.698 Y185.979 E160.99555
G1 X214.266 Y186.163 E161.01116
G1 X213.867 Y186.465 E161.02781
G1 X213.51 Y186.903 E161.0466
G1 X213.263 Y187.54 E161.06932
G1 X213.224 Y188.126 E161.08886
G1 X213.346 Y188.723 E161.10913
G1 X213.597 Y189.174 E161.12629
G1 X213.861 Y189.505 E161.14037
G1 X214.343 Y189.847 E161.16003
G1 F2400 E160.66003
G0 F9000 X214.438 Y189.605
G0 X213.513 Y188.66
G0 X212.406 Y189.111
G0 X212.178 Y188.747
G0 X212.434 Y188.702
G1 F2400 E161.16003
G1 F1500 X212.374 Y188.396 E161.1704
G1 X212.345 Y188.064 E161.18149
G1 X212.368 Y187.636 E161.19574
G1 X212.443 Y187.214 E161.21
G1 X212.565 Y186.852 E161.2227
G1 X212.851 Y186.306 E161.2432
G1 X213.173 Y185.936 E161.25952
G1 X213.446 Y185.681 E161.27194
G1 X213.912 Y185.362 E161.29073
G1 X214.365 Y185.178 E161.30699
G1 X214.705 Y185.085 E161.31871
G1 X215.176 Y185.021 E161.33452
G1 X215.701 Y185.032 E161.35199
G1 X216.296 Y185.179 E161.37237
G1 X216.66 Y185.335 E161.38554
G1 X217.036 Y185.561 E161.40013
G1 X217.386 Y185.846 E161.41515
G1 X217.682 Y186.168 E161.42969
G1 X217.974 Y186.607 E161.44723
G1 X218.161 Y187.068 E161.46378
G1 X218.27 Y187.483 E161.47805
G1 X218.311 Y187.921 E161.49268
G1 X218.288 Y188.383 E161.50806
G1 X218.165 Y188.907 E161.52597
G1 X217.932 Y189.431 E161.54504
G1 X217.64 Y189.872 E161.56263
G1 X217.311 Y190.197 E161.57801
G1 X217.005 Y190.436 E161.59093
G1 X216.418 Y190.76 E161.61323
G1 X215.787 Y190.917 E161.63485
G1 X215.17 Y190.966 E161.65544
G1 X214.496 Y190.85 E161.67819
G1 X214.049 Y190.667 E161.69425
G1 X213.614 Y190.414 E161.71099
G1 X213.305 Y190.169 E161.72411
G1 X212.971 Y189.809 E161.74044
G1 X212.671 Y189.34 E161.75896
G1 X212.453 Y188.799 E161.77836
G1 X212.434 Y188.702 E161.78164
G0 F9000 X212.788 Y188.071
G1 F1234.6 X212.787 Y188.061 E161.78205
G1 X212.81 Y187.676 E161.79764
G1 F1239.7 X212.846 Y187.391 E161.8092
G1 F1229.5 X212.977 Y187.029 E161.82482
G1 F1219.5 X213.167 Y186.611 E161.8436
G1 F1257.9 X213.611 Y186.101 E161.87042
G1 F1282.1 X214.113 Y185.748 E161.8943
G1 F1290.3 X214.642 Y185.538 E161.91631
G1 F1304.3 X215.24 Y185.44 E161.93949
G1 F1271.2 X215.644 Y185.474 E161.9554
G1 F1265.8 X216.065 Y185.555 E161.9723
G1 F1279.3 X216.455 Y185.723 E161.98886
G1 F1287.6 X216.702 Y185.85 E161.99962
G1 F1298.7 X217.083 Y186.159 E162.01846
G1 F1345.3 X217.332 Y186.4 E162.03131
G1 F1301.5 X217.571 Y186.814 E162.04964
G1 F1229.5 X217.739 Y187.193 E162.06646
G1 X217.827 Y187.567 E162.08205
G1 F1214.6 X217.869 Y187.881 E162.09506
G1 F1212.1 X217.839 Y188.317 E162.11305
G1 F1244.8 X217.784 Y188.654 E162.12674
G1 F1293.1 X217.583 Y189.146 E162.14724
G1 F1244.8 X217.29 Y189.585 E162.1684
G1 F1255.2 X217.121 Y189.783 E162.17874
G1 F1279.3 X216.763 Y190.062 E162.19644
G1 F1287.6 X216.525 Y190.213 E162.20736
G1 F1276.6 X216.246 Y190.343 E162.21939
G1 F1318.7 X215.728 Y190.509 E162.23997
G1 F1310 X215.195 Y190.515 E162.26027
G1 F1219.5 X214.679 Y190.451 E162.28154
G1 F1260.5 X214.156 Y190.237 E162.30391
G1 F1271.2 X213.856 Y190.045 E162.31789
G1 F1273.9 X213.598 Y189.851 E162.33053
G1 F1265.8 X213.274 Y189.482 E162.34988
G1 F1229.5 X213.063 Y189.13 E162.36654
G1 F1239.7 X212.903 Y188.79 E162.38166
G1 F1244.8 X212.811 Y188.326 E162.40062
G1 F1224.5 X212.788 Y188.071 E162.41105
G0 F9000 X211.792 Y188.166
G1 F2400 E161.91105
;MESH:NONMESH
G0 F300 Z1.2
G0 F9000 X212.53 Y189.413
G0 X213.584 Y188.824
G0 X214.257 Y189.405
;TIME_ELAPSED:261.662455
;LAYER:5
;TYPE:WALL-INNER
;MESH:Rock Wall Hold Knob 1.stl
G1 F2400 E162.41105
G1 F1500 X213.86 Y189.016 E162.42954
G1 X213.552 Y188.287 E162.45586
G1 X213.599 Y187.565 E162.47992
G1 X213.788 Y187.086 E162.49705
G1 X214.088 Y186.726 E162.51264
G1 X214.392 Y186.476 E162.52573
G1 X215.042 Y186.219 E162.54897
G1 X215.615 Y186.229 E162.56804
G1 X216.182 Y186.425 E162.58799
G1 X216.502 Y186.695 E162.60191
G1 X216.899 Y187.116 E162.62116
G1 X217.061 Y187.7 E162.64132
G1 X217.102 Y188.107 E162.65492
G1 X217.032 Y188.333 E162.66279
G1 X216.964 Y188.656 E162.67377
G1 X216.788 Y188.993 E162.68642
G1 X216.366 Y189.425 E162.7065
G1 X216.192 Y189.543 E162.71349
G1 X215.849 Y189.648 E162.72543
G1 X215.594 Y189.747 E162.73452
G1 X215.157 Y189.755 E162.74906
G1 X214.613 Y189.599 E162.76788
G1 X214.257 Y189.405 E162.78137
G1 F2400 E162.28137
G0 F9000 X213.339 Y190.498
G0 X206.75 Y198.847
G0 X206.593 Y199.115
G1 F2400 E162.78137
G1 F1500 X206.902 Y199.291 E162.7932
G1 X207.594 Y199.643 E162.81902
G1 X208.071 Y199.862 E162.83648
G1 X208.747 Y200.148 E162.86089
G1 X209.532 Y200.431 E162.88864
G1 X210.506 Y200.718 E162.92242
G1 X211.003 Y200.832 E162.93938
G1 X211.482 Y200.922 E162.95559
G1 X212.073 Y200.989 E162.97537
G1 X212.613 Y201.015 E162.99335
G1 X213.156 Y200.997 E163.01142
G1 X213.594 Y200.936 E163.02613
G1 X214.121 Y200.821 E163.04407
G1 X214.494 Y200.7 E163.05711
G1 X215.002 Y200.495 E163.07533
G1 X215.423 Y200.272 E163.09118
G1 X215.738 Y200.074 E163.10355
G1 X215.996 Y199.897 E163.11396
G1 X216.354 Y199.625 E163.12891
G1 X216.934 Y199.125 E163.15438
G1 X217.415 Y198.656 E163.17673
G1 X217.979 Y198.053 E163.20419
G1 X218.414 Y197.555 E163.22618
G1 X218.994 Y196.868 E163.25608
G1 X220.985 Y194.46 E163.36001
G1 X221.355 Y193.991 E163.37987
G1 X221.64 Y193.606 E163.39581
G1 X222.02 Y193.035 E163.41862
G1 X222.298 Y192.552 E163.43715
G1 X222.505 Y192.124 E163.45297
G1 X222.61 Y191.876 E163.46192
G1 X222.768 Y191.402 E163.47854
G1 X222.877 Y190.977 E163.49314
G1 X222.957 Y190.52 E163.50857
G1 X222.993 Y190.177 E163.52004
G1 X223.012 Y189.695 E163.53608
G1 X223.008 Y189.347 E163.54766
G1 X222.97 Y188.752 E163.56749
G1 X222.906 Y188.227 E163.58508
G1 X222.78 Y187.54 E163.60831
G1 X222.684 Y187.091 E163.62358
G1 X222.382 Y185.933 E163.66338
G1 X222.082 Y184.923 E163.69843
G1 X221.33 Y182.553 E163.78113
G1 X220.945 Y181.305 E163.82457
G1 X220.441 Y179.49 E163.88722
G1 X219.887 Y177.265 E163.96348
G1 X219.59 Y176.144 E164.00205
G1 X219.386 Y175.471 E164.02544
G1 X219.11 Y174.716 E164.05218
G1 X218.93 Y174.304 E164.06713
G1 X218.655 Y173.777 E164.0869
G1 X218.486 Y173.511 E164.09738
G1 X218.221 Y173.16 E164.11201
G1 X218.05 Y172.972 E164.12046
G1 X217.705 Y172.663 E164.13587
G1 X217.382 Y172.444 E164.14885
G1 X216.952 Y172.244 E164.16462
G1 X216.66 Y172.15 E164.17482
G1 X216.375 Y172.092 E164.1845
G1 X215.995 Y172.066 E164.19717
G1 X215.704 Y172.081 E164.20686
G1 X215.262 Y172.17 E164.22185
G1 X215.02 Y172.247 E164.2303
G1 X214.777 Y172.341 E164.23897
G1 X214.472 Y172.495 E164.25033
G1 X214.192 Y172.671 E164.26133
G1 X213.857 Y172.923 E164.27527
G1 X213.49 Y173.284 E164.29239
G1 X213.205 Y173.622 E164.3071
G1 X212.963 Y173.971 E164.32123
G1 X212.716 Y174.396 E164.33757
G1 X212.48 Y174.895 E164.35593
G1 X212.289 Y175.381 E164.3733
G1 X212.066 Y176.047 E164.39666
G1 X211.829 Y176.912 E164.42649
G1 X211.38 Y178.7 E164.48781
G1 X211.07 Y179.859 E164.52771
G1 X210.838 Y180.624 E164.5543
G1 X210.55 Y181.501 E164.585
G1 X210.011 Y182.922 E164.63555
G1 X209.824 Y183.374 E164.65182
G1 X209.319 Y184.498 E164.6928
G1 X208.903 Y185.34 E164.72404
G1 X208.394 Y186.306 E164.76036
G1 X207.89 Y187.221 E164.7951
G1 X206.373 Y189.883 E164.89701
G1 X205.474 Y191.55 E164.96
G1 X205.177 Y192.16 E164.98257
G1 X204.804 Y193.015 E165.01359
G1 X204.626 Y193.486 E165.03034
G1 X204.534 Y193.763 E165.04005
G1 X204.343 Y194.454 E165.06389
G1 X204.237 Y195.032 E165.08344
G1 X204.197 Y195.586 E165.10191
G1 X204.211 Y195.922 E165.1131
G1 X204.245 Y196.195 E165.12225
G1 X204.329 Y196.613 E165.13643
G1 X204.518 Y197.11 E165.15411
G1 X204.741 Y197.489 E165.16874
G1 X204.929 Y197.755 E165.17957
G1 X205.157 Y198.007 E165.19087
G1 X205.431 Y198.274 E165.2036
G1 X205.807 Y198.588 E165.21989
G1 X206.351 Y198.96 E165.24181
G1 X206.359 Y198.981 E165.24256
G1 X206.593 Y199.115 E165.25153
G0 F9000 X206.397 Y199.463
;TYPE:WALL-OUTER
G1 F1500 X206.712 Y199.643 E165.26359
G1 X207.42 Y200.003 E165.29001
G1 X207.909 Y200.228 E165.30791
G1 X208.601 Y200.521 E165.33291
G1 X209.404 Y200.81 E165.36129
G1 X210.406 Y201.106 E165.39604
G1 X210.921 Y201.224 E165.41362
G1 X211.422 Y201.318 E165.43057
G1 X212.041 Y201.388 E165.45129
G1 X212.61 Y201.415 E165.47024
G1 X213.19 Y201.396 E165.48954
G1 X213.662 Y201.33 E165.50539
G1 X214.229 Y201.207 E165.52469
G1 X214.631 Y201.076 E165.53875
G1 X215.171 Y200.858 E165.55812
G1 X215.623 Y200.618 E165.57514
G1 X215.958 Y200.408 E165.58829
G1 X216.23 Y200.221 E165.59927
G1 X216.606 Y199.936 E165.61496
G1 X217.204 Y199.42 E165.64123
G1 X217.701 Y198.936 E165.6643
G1 X218.275 Y198.321 E165.69228
G1 X218.719 Y197.813 E165.71472
G1 X219.302 Y197.123 E165.74477
G1 X221.299 Y194.708 E165.849
G1 X221.673 Y194.234 E165.86908
G1 X221.968 Y193.836 E165.88556
G1 X222.358 Y193.249 E165.909
G1 X222.654 Y192.736 E165.9287
G1 X222.869 Y192.289 E165.94519
G1 X222.984 Y192.017 E165.95502
G1 X223.152 Y191.515 E165.97262
G1 X223.268 Y191.061 E165.98821
G1 X223.353 Y190.576 E166.00458
G1 X223.392 Y190.205 E166.01699
G1 X223.412 Y189.701 E166.03377
G1 X223.408 Y189.332 E166.04604
G1 X223.368 Y188.715 E166.06661
G1 X223.302 Y188.167 E166.08496
G1 X223.173 Y187.467 E166.10864
G1 X223.073 Y186.999 E166.12456
G1 X222.767 Y185.826 E166.16488
G1 X222.464 Y184.802 E166.20039
G1 X221.712 Y182.435 E166.283
G1 X221.331 Y181.198 E166.32605
G1 X220.829 Y179.393 E166.38836
G1 X220.274 Y177.163 E166.46479
G1 X219.975 Y176.035 E166.50361
G1 X219.766 Y175.344 E166.52762
G1 X219.482 Y174.567 E166.55513
G1 X219.291 Y174.131 E166.57097
G1 X219.002 Y173.577 E166.59175
G1 X218.815 Y173.283 E166.60334
G1 X218.529 Y172.904 E166.61913
G1 X218.256 Y172.604 E166.63262
G1 X217.947 Y172.344 E166.64605
G1 X217.58 Y172.095 E166.6608
G1 X217.098 Y171.871 E166.67848
G1 X216.761 Y171.762 E166.69026
G1 X216.429 Y171.695 E166.70153
G1 X215.998 Y171.665 E166.7159
G1 X215.654 Y171.683 E166.72735
G1 X215.162 Y171.782 E166.74404
G1 X214.887 Y171.869 E166.75364
G1 X214.614 Y171.975 E166.76338
G1 X214.275 Y172.147 E166.77602
G1 X213.966 Y172.341 E166.78816
G1 X213.694 Y172.545 E166.79947
G1 X213.504 Y172.708 E166.80779
G1 X213.196 Y173.012 E166.82219
G1 X212.887 Y173.378 E166.83812
G1 X212.625 Y173.756 E166.85341
G1 X212.362 Y174.21 E166.87086
G1 X212.112 Y174.736 E166.89023
G1 X211.913 Y175.245 E166.90841
G1 X211.684 Y175.931 E166.93247
G1 X211.441 Y176.814 E166.96293
G1 X210.994 Y178.596 E167.02403
G1 X210.687 Y179.743 E167.06352
G1 X210.458 Y180.499 E167.0898
G1 X210.176 Y181.359 E167.1199
G1 X209.641 Y182.769 E167.17006
G1 X209.459 Y183.21 E167.18593
G1 X208.96 Y184.321 E167.22643
G1 X208.549 Y185.154 E167.25733
G1 X208.044 Y186.113 E167.29338
G1 X207.542 Y187.023 E167.32794
G1 X206.023 Y189.689 E167.43
G1 X205.118 Y191.368 E167.49344
G1 X204.814 Y191.992 E167.51652
G1 X204.434 Y192.864 E167.54816
G1 X204.249 Y193.352 E167.56552
G1 X204.152 Y193.644 E167.57575
G1 X203.952 Y194.368 E167.60074
G1 X203.839 Y194.982 E167.6215
G1 X203.797 Y195.58 E167.64144
G1 X203.812 Y195.955 E167.65392
G1 X203.85 Y196.259 E167.66411
G1 X203.907 Y196.543 E167.67375
G1 X203.975 Y196.807 E167.68281
G1 X204.112 Y197.168 E167.69566
G1 X204.225 Y197.401 E167.70427
G1 X204.405 Y197.707 E167.71608
G1 X204.617 Y198.006 E167.72827
G1 X204.869 Y198.285 E167.74077
G1 X205.163 Y198.571 E167.75441
G1 X205.565 Y198.908 E167.77186
G1 X206.125 Y199.29 E167.79441
G1 X206.134 Y199.313 E167.79523
G1 X206.397 Y199.463 E167.8053
G1 F2400 E167.3053
G0 F9000 X206.753 Y198.849
G0 X213.741 Y190.769
G0 X214.371 Y189.677
G0 X214.732 Y189.216
G1 F2400 E167.8053
G1 F1500 X214.507 Y189.087 E167.81393
G1 X214.197 Y188.789 E167.82823
G1 X213.961 Y188.212 E167.84896
G1 X214.001 Y187.634 E167.86823
G1 X214.128 Y187.311 E167.87978
G1 X214.382 Y187.003 E167.89305
G1 X214.586 Y186.834 E167.90186
G1 X215.107 Y186.619 E167.92061
G1 X215.548 Y186.629 E167.93528
G1 X216.001 Y186.792 E167.95129
G1 X216.24 Y186.997 E167.96177
G1 X216.536 Y187.324 E167.97644
G1 X216.674 Y187.801 E167.99295
G1 X216.696 Y188.049 E168.00123
G1 X216.646 Y188.226 E168.00735
G1 X216.589 Y188.504 E168.01679
G1 X216.471 Y188.74 E168.02557
G1 X216.053 Y189.167 E168.04544
G1 X215.702 Y189.275 E168.05765
G1 X215.546 Y189.344 E168.06333
G1 X215.17 Y189.354 E168.07584
G1 X215.015 Y189.294 E168.08137
G1 X214.732 Y189.216 E168.09113
G1 F2400 E167.59113
G0 F9000 X214.577 Y189.485
G0 X213.373 Y188.242
G0 X212.122 Y188.254
G0 X212.244 Y188.336
;TYPE:FILL
G1 F2400 E168.09113
G1 F3000 X209.071 Y200.178 E168.49889
G0 F9000 X209.149 Y199.964
G0 X210.899 Y200.492
G0 X210.848 Y200.715
G1 F3000 X216.823 Y199.114 E168.70463
G0 F9000 X216.676 Y198.943
G0 X217.596 Y198.012
G0 X217.761 Y198.169
G1 F3000 X207.558 Y187.965 E169.18457
G0 F9000 X207.758 Y188.08
G0 X206.945 Y189.504
G0 X206.747 Y189.39
G1 F3000 X212.239 Y187.919 E169.37368
G0 F9000 X212.019 Y187.921
G0 X212.217 Y187.085
G0 X212.64 Y186.062
G0 X212.82 Y186.186
G1 F3000 X216.565 Y172.212 E169.85485
G0 F9000 X216.522 Y172.438
G0 X218.381 Y173.92
G0 X218.575 Y173.798
G1 F3000 X212.345 Y175.467 E170.06937
G0 F9000 X212.266 Y175.703
G1 F3000 X222.215 Y185.652 E170.53734
G0 F9000 X222.104 Y185.275
G1 F3000 X217.968 Y186.384 E170.67976
G0 F9000 X218.163 Y186.283
G0 X218.461 Y187.09
G0 X218.571 Y187.601
G0 X218.585 Y188.251
G0 X218.479 Y188.831
G0 X218.035 Y189.892
G0 X217.85 Y189.772
G1 F3000 X221.601 Y193.523 E170.8562
G0 F9000 X221.411 Y193.396
G0 X222.486 Y191.271
G0 X222.703 Y191.326
G1 F3000 X204.336 Y196.248 E171.48864
G0 F9000 X204.561 Y196.204
G0 X204.9 Y193.647
G0 X204.681 Y193.573
G1 F3000 X212.008 Y200.901 E171.83331
G0 F9000 X212.034 Y200.677
G0 X215.151 Y200.067
G0 X215.258 Y200.269
G1 F3000 X220.596 Y180.347 E172.51929
G0 F9000 X220.37 Y179.528
G1 F3000 X210.367 Y182.209 E172.86373
G1 X210.344 Y182.267
G1 X213.552 Y185.474 E173.0146
G1 F2400 E172.5146
G0 F9000 X213.432 Y185.29
G0 X212.861 Y185.914
G0 X213.627 Y187.006
G0 X214.431 Y189.913
;TYPE:SKIN
G1 F2400 E173.0146
G1 F1500 X215.12 Y190.112 E173.03846
G1 X215.649 Y190.102 E173.05605
G1 X215.961 Y189.99 E173.06708
G1 X216.325 Y189.878 E173.07975
G1 X216.576 Y189.715 E173.0897
G1 X217.085 Y189.197 E173.11386
G1 X217.306 Y188.774 E173.12973
G1 X217.379 Y188.425 E173.14159
G1 X217.459 Y188.148 E173.15118
G1 X217.428 Y187.686 E173.16658
G1 X217.214 Y186.923 E173.19293
G1 X216.75 Y186.431 E173.21543
G1 X216.394 Y186.122 E173.23111
G1 X215.682 Y185.875 E173.25617
G1 X214.958 Y185.858 E173.28026
G1 X214.209 Y186.161 E173.30713
G1 X213.833 Y186.467 E173.32326
G1 X213.478 Y186.899 E173.34185
G1 X213.242 Y187.484 E173.36283
G1 X213.199 Y188.277 E173.38925
G1 X213.275 Y188.558 E173.39893
G1 X213.553 Y189.215 E173.42266
G1 X214.026 Y189.681 E173.44474
G1 X214.431 Y189.913 E173.46027
G1 F2400 E172.96027
G0 F9000 X214.505 Y189.663
G0 X213.441 Y188.49
G0 X212.228 Y188.829
G0 X212.384 Y188.791
G1 F2400 E173.46027
G1 F1500 X212.284 Y188.435 E173.47257
G1 X212.277 Y187.784 E173.49422
G1 X212.329 Y187.366 E173.50823
G1 X212.448 Y186.964 E173.52217
G1 X212.687 Y186.452 E173.54097
G1 X212.978 Y186.022 E173.55824
G1 X213.402 Y185.617 E173.57774
G1 X213.94 Y185.263 E173.59916
G1 X214.533 Y185.038 E173.62025
G1 X215.044 Y184.952 E173.63749
G1 X215.564 Y184.937 E173.65479
G1 X216.175 Y185.054 E173.67548
G1 X216.744 Y185.282 E173.69587
G1 X217.226 Y185.613 E173.71532
G1 X217.588 Y185.949 E173.73174
G1 X217.899 Y186.338 E173.74831
G1 X218.144 Y186.809 E173.76597
G1 X218.271 Y187.152 E173.77813
G1 X218.368 Y187.619 E173.794
G1 X218.383 Y188.236 E173.81452
G1 X218.285 Y188.777 E173.83281
G1 X218.102 Y189.303 E173.85133
G1 X217.783 Y189.799 E173.87095
G1 X217.48 Y190.148 E173.88632
G1 X217.142 Y190.425 E173.90085
G1 X216.651 Y190.735 E173.92017
G1 X216.043 Y190.953 E173.94165
G1 X215.403 Y191.046 E173.96316
G1 X214.794 Y190.986 E173.98351
G1 X214.459 Y190.904 E173.99499
G1 X213.959 Y190.719 E174.01272
G1 X213.484 Y190.411 E174.03155
G1 X213.139 Y190.118 E174.0466
G1 X212.742 Y189.647 E174.06709
G1 X212.448 Y189.018 E174.09018
G1 X212.384 Y188.791 E174.09803
G0 F9000 X212.74 Y188.157
G1 F1107 X212.748 Y187.811 E174.11362
G1 F1129.9 X212.787 Y187.413 E174.13128
G1 F1147.2 X212.88 Y187.138 E174.14391
G1 F1162.8 X213.083 Y186.668 E174.16587
G1 F1153.8 X213.407 Y186.236 E174.18922
G1 F1127.8 X213.686 Y185.985 E174.20582
G1 F1132.1 X214.059 Y185.711 E174.22622
G1 F1158.3 X214.77 Y185.433 E174.2591
G1 F1188.1 X215.089 Y185.404 E174.27255
G1 F1153.8 X215.657 Y185.403 E174.29711
G1 F1121.5 X216.044 Y185.503 E174.31489
G1 F1138.5 X216.573 Y185.699 E174.33961
G1 F1147.2 X216.938 Y185.978 E174.35959
G1 F1125.7 X217.239 Y186.267 E174.37808
G1 F1149.4 X217.52 Y186.587 E174.39657
G1 F1162.8 X217.682 Y186.882 E174.41101
G1 F1107 X217.808 Y187.277 E174.42969
G1 F1081.1 X217.894 Y187.634 E174.44664
G1 F1117.3 X217.923 Y188.198 E174.47186
G1 F1109.1 X217.82 Y188.648 E174.49262
G1 F1077.2 X217.72 Y189.01 E174.51002
G1 F1127.8 X217.428 Y189.506 E174.53548
G1 F1142.9 X217.151 Y189.806 E174.5533
G1 F1151.6 X216.881 Y190.054 E174.56919
G1 F1195.2 X216.497 Y190.298 E174.58818
G1 F1197.6 X215.817 Y190.536 E174.61819
G1 F1151.6 X215.389 Y190.572 E174.6368
G1 F1125.7 X214.993 Y190.556 E174.65436
G1 F1123.6 X214.604 Y190.452 E174.67224
G1 F1111.1 X214.205 Y190.323 E174.69107
G1 F1145 X213.768 Y190.052 E174.71347
G1 F1149.4 X213.462 Y189.778 E174.7313
G1 F1129.9 X213.152 Y189.441 E174.75152
G1 F1132.1 X212.857 Y188.776 E174.78358
G1 F1123.6 X212.736 Y188.328 E174.80418
G1 F1115.2 X212.74 Y188.157 E174.81184
;MESH:NONMESH
G0 F300 Z1.4
G0 F9000 X212.795 Y188.059
;TIME_ELAPSED:278.637437
;LAYER:6
;TYPE:WALL-INNER
;MESH:Rock Wall Hold Knob 1.stl
G1 F1500 X212.792 Y188.039 E174.81251
G1 X212.836 Y187.528 E174.82957
G1 X212.955 Y187.074 E174.84518
G1 X213.122 Y186.717 E174.85829
G1 X213.352 Y186.372 E174.87208
G1 X213.58 Y186.111 E174.8836
G1 X213.913 Y185.844 E174.8978
G1 X214.382 Y185.598 E174.91541
G1 X214.827 Y185.48 E174.93073
G1 X215.29 Y185.42 E174.94626
G1 X215.692 Y185.451 E174.95967
G1 X216.201 Y185.578 E174.97711
G1 X216.721 Y185.839 E174.99647
G1 X217.105 Y186.142 E175.01273
G1 X217.418 Y186.544 E175.02968
G1 X217.627 Y186.909 E175.04367
G1 X217.76 Y187.267 E175.05637
G1 X217.852 Y187.778 E175.07364
G1 X217.855 Y188.155 E175.08618
G1 X217.757 Y188.722 E175.10532
G1 X217.56 Y189.235 E175.1236
G1 X217.268 Y189.638 E175.14015
G1 X217.05 Y189.873 E175.15081
G1 X216.615 Y190.203 E175.16897
G1 X216.215 Y190.386 E175.1836
G1 X215.694 Y190.522 E175.20151
G1 X215.268 Y190.539 E175.21569
G1 X214.917 Y190.514 E175.22739
G1 X214.568 Y190.433 E175.23931
G1 X214.13 Y190.255 E175.25503
G1 X213.714 Y189.974 E175.27173
G1 X213.457 Y189.726 E175.28361
G1 X213.168 Y189.37 E175.29886
G1 X212.875 Y188.708 E175.32294
G1 X212.795 Y188.059 E175.34469
G0 F9000 X212.489 Y188.096
G0 X206.727 Y198.901
G0 X206.566 Y199.163
G1 F1500 X206.76 Y199.281 E175.35224
G1 X207.644 Y199.742 E175.3854
G1 X208.354 Y200.053 E175.41118
G1 X208.836 Y200.242 E175.4284
G1 X209.327 Y200.42 E175.44577
G1 X209.972 Y200.628 E175.46831
G1 X210.656 Y200.816 E175.49191
G1 X211.418 Y200.973 E175.51778
G1 X211.88 Y201.043 E175.53332
G1 X212.33 Y201.076 E175.54833
G1 X212.616 Y201.087 E175.55785
G1 X212.868 Y201.084 E175.56623
G1 X213.342 Y201.047 E175.58205
G1 X213.789 Y200.978 E175.59709
G1 X214.088 Y200.908 E175.6073
G1 X214.416 Y200.809 E175.6187
G1 X214.694 Y200.71 E175.62851
G1 X215.007 Y200.573 E175.63988
G1 X215.387 Y200.379 E175.65407
G1 X215.699 Y200.189 E175.66622
G1 X216.157 Y199.869 E175.6848
G1 X216.671 Y199.449 E175.70688
G1 X217.121 Y199.037 E175.72717
G1 X217.738 Y198.395 E175.75679
G1 X218.237 Y197.837 E175.78169
G1 X218.804 Y197.165 E175.81093
G1 X220.992 Y194.484 E175.92603
G1 X221.361 Y194.014 E175.9459
G1 X221.648 Y193.62 E175.96211
G1 X222.023 Y193.061 E175.9845
G1 X222.311 Y192.567 E176.00352
G1 X222.523 Y192.14 E176.01938
G1 X222.703 Y191.683 E176.03571
G1 X222.784 Y191.436 E176.04436
G1 X222.886 Y191.059 E176.05735
G1 X222.963 Y190.642 E176.07145
G1 X223.002 Y190.343 E176.08148
G1 X223.04 Y189.814 E176.09912
G1 X223.04 Y189.448 E176.11129
G1 X222.994 Y188.763 E176.13413
G1 X222.955 Y188.438 E176.14502
G1 X222.868 Y187.868 E176.16419
G1 X222.764 Y187.347 E176.18186
G1 X222.598 Y186.646 E176.20582
G1 X222.478 Y186.199 E176.22122
G1 X222.185 Y185.199 E176.25588
G1 X221.358 Y182.621 E176.34593
G1 X220.881 Y181.068 E176.39996
G1 X220.184 Y178.486 E176.48891
G1 X219.867 Y177.177 E176.53371
G1 X219.591 Y176.138 E176.56946
G1 X219.292 Y175.173 E176.60306
G1 X219.108 Y174.692 E176.62019
G1 X218.866 Y174.138 E176.6403
G1 X218.569 Y173.615 E176.6603
G1 X218.244 Y173.157 E176.67898
G1 X217.9 Y172.813 E176.69516
G1 X217.608 Y172.583 E176.70753
G1 X217.321 Y172.401 E176.71883
G1 X216.972 Y172.242 E176.73159
G1 X216.66 Y172.143 E176.74247
G1 X216.357 Y172.085 E176.75273
G1 X216.034 Y172.066 E176.7635
G1 X215.69 Y172.085 E176.77495
G1 X215.29 Y172.166 E176.78853
G1 X214.953 Y172.272 E176.80028
G1 X214.568 Y172.456 E176.81447
G1 X214.246 Y172.655 E176.82706
G1 X213.911 Y172.913 E176.84112
G1 X213.595 Y173.211 E176.85557
G1 X213.31 Y173.542 E176.8701
G1 X213.135 Y173.78 E176.87992
G1 X212.965 Y174.046 E176.89042
G1 X212.718 Y174.499 E176.90758
G1 X212.499 Y174.986 E176.92535
G1 X212.342 Y175.402 E176.94013
G1 X212.229 Y175.741 E176.95202
G1 X212.038 Y176.38 E176.9742
G1 X211.916 Y176.837 E176.98993
G1 X211.371 Y179.044 E177.06554
G1 X211.139 Y179.886 E177.09459
G1 X210.889 Y180.709 E177.1232
G1 X210.665 Y181.387 E177.14695
G1 X210.406 Y182.109 E177.17246
G1 X210.028 Y183.065 E177.20665
G1 X209.717 Y183.788 E177.23283
G1 X209.4 Y184.474 E177.25797
G1 X209.096 Y185.086 E177.28069
G1 X208.605 Y186.028 E177.31603
G1 X207.844 Y187.396 E177.36809
G1 X206.096 Y190.426 E177.48444
G1 X205.485 Y191.549 E177.52696
G1 X205.093 Y192.346 E177.5565
G1 X204.708 Y193.224 E177.58839
G1 X204.614 Y193.47 E177.59715
G1 X204.43 Y194.024 E177.61656
G1 X204.342 Y194.338 E177.62741
G1 X204.246 Y194.748 E177.64141
G1 X204.196 Y195.066 E177.65212
G1 X204.145 Y195.552 E177.66837
G1 X204.155 Y195.979 E177.68258
G1 X204.24 Y196.492 E177.69987
G1 X204.349 Y196.892 E177.71366
G1 X204.592 Y197.396 E177.73227
G1 X204.79 Y197.681 E177.74382
G1 X205.07 Y198.031 E177.75872
G1 X205.519 Y198.444 E177.77901
G1 X205.782 Y198.65 E177.79013
G1 X206.15 Y198.91 E177.80511
G1 X206.566 Y199.163 E177.82131
G0 F9000 X206.37 Y199.512
;TYPE:WALL-OUTER
G1 F1500 X206.563 Y199.629 E177.82881
G1 X207.471 Y200.103 E177.86288
G1 X208.201 Y200.423 E177.88939
G1 X208.695 Y200.616 E177.90703
G1 X209.197 Y200.798 E177.92479
G1 X209.858 Y201.012 E177.9479
G1 X210.563 Y201.205 E177.97221
G1 X211.348 Y201.367 E177.99887
G1 X211.835 Y201.441 E178.01525
G1 X212.308 Y201.476 E178.03103
G1 X212.611 Y201.487 E178.04111
G1 X212.886 Y201.484 E178.05026
G1 X213.388 Y201.445 E178.06701
G1 X213.865 Y201.371 E178.08306
G1 X214.192 Y201.294 E178.09423
G1 X214.541 Y201.189 E178.10636
G1 X214.842 Y201.082 E178.11698
G1 X215.178 Y200.935 E178.12918
G1 X215.582 Y200.729 E178.14426
G1 X215.918 Y200.524 E178.15735
G1 X216.399 Y200.188 E178.17687
G1 X216.933 Y199.752 E178.1998
G1 X217.4 Y199.324 E178.22087
G1 X217.973 Y198.731 E178.24829
G1 X218.497 Y198.148 E178.27437
G1 X219.09 Y197.448 E178.30488
G1 X221.306 Y194.731 E178.42149
G1 X221.68 Y194.255 E178.44163
G1 X221.976 Y193.849 E178.45834
G1 X222.362 Y193.273 E178.4814
G1 X222.663 Y192.757 E178.50127
G1 X222.889 Y192.302 E178.51817
G1 X223.079 Y191.819 E178.53543
G1 X223.168 Y191.55 E178.54485
G1 X223.276 Y191.147 E178.55873
G1 X223.358 Y190.704 E178.57371
G1 X223.4 Y190.383 E178.58448
G1 X223.44 Y189.828 E178.60299
G1 X223.44 Y189.435 E178.61606
G1 X223.392 Y188.727 E178.63966
G1 X223.351 Y188.378 E178.65135
G1 X223.262 Y187.799 E178.67083
G1 X223.154 Y187.256 E178.68925
G1 X223.012 Y186.651 E178.70992
G1 X222.862 Y186.087 E178.72933
G1 X222.566 Y185.077 E178.76433
G1 X221.74 Y182.503 E178.85424
G1 X221.267 Y180.962 E178.90786
G1 X220.573 Y178.392 E178.9964
G1 X220.266 Y177.122 E179.03986
G1 X219.975 Y176.028 E179.07751
G1 X219.67 Y175.042 E179.11184
G1 X219.478 Y174.54 E179.12971
G1 X219.224 Y173.958 E179.15083
G1 X218.907 Y173.4 E179.17218
G1 X218.618 Y172.992 E179.18881
G1 X218.437 Y172.785 E179.19795
G1 X218.166 Y172.514 E179.2107
G1 X217.84 Y172.256 E179.22453
G1 X217.512 Y172.049 E179.23743
G1 X217.116 Y171.868 E179.25191
G1 X216.758 Y171.755 E179.26439
G1 X216.407 Y171.687 E179.27629
G1 X216.035 Y171.665 E179.28868
G1 X215.638 Y171.687 E179.30191
G1 X215.19 Y171.778 E179.31711
G1 X214.806 Y171.899 E179.3305
G1 X214.376 Y172.104 E179.34634
G1 X214.018 Y172.325 E179.36034
G1 X213.651 Y172.609 E179.37577
G1 X213.305 Y172.935 E179.39158
G1 X212.997 Y173.293 E179.40729
G1 X212.805 Y173.554 E179.41807
G1 X212.621 Y173.842 E179.42944
G1 X212.36 Y174.321 E179.44758
G1 X212.129 Y174.833 E179.46626
G1 X211.965 Y175.268 E179.48172
G1 X211.847 Y175.621 E179.4941
G1 X211.653 Y176.271 E179.51666
G1 X211.538 Y176.698 E179.53137
G1 X210.985 Y178.938 E179.60811
G1 X210.756 Y179.77 E179.63681
G1 X210.509 Y180.584 E179.66511
G1 X210.289 Y181.252 E179.6885
G1 X210.034 Y181.962 E179.71359
G1 X209.66 Y182.907 E179.74739
G1 X209.354 Y183.62 E179.7732
G1 X209.042 Y184.296 E179.79796
G1 X208.742 Y184.901 E179.82042
G1 X208.255 Y185.834 E179.85543
G1 X207.498 Y187.196 E179.90725
G1 X205.747 Y190.23 E180.02376
G1 X205.13 Y191.365 E180.06673
G1 X204.73 Y192.177 E180.09684
G1 X204.338 Y193.072 E180.12934
G1 X204.237 Y193.336 E180.13874
G1 X204.048 Y193.907 E180.15874
G1 X203.954 Y194.238 E180.17019
G1 X203.853 Y194.671 E180.18497
G1 X203.799 Y195.014 E180.19652
G1 X203.745 Y195.536 E180.21398
G1 X203.756 Y196.017 E180.22998
G1 X203.848 Y196.577 E180.24886
G1 X203.973 Y197.033 E180.26458
G1 X204.246 Y197.598 E180.28545
G1 X204.469 Y197.92 E180.29848
G1 X204.684 Y198.189 E180.30993
G1 X204.867 Y198.387 E180.3189
G1 X205.261 Y198.75 E180.33672
G1 X205.544 Y198.971 E180.34866
G1 X205.93 Y199.244 E180.36439
G1 X206.37 Y199.512 E180.38152
G0 F9000 X206.739 Y198.909
G0 X214.039 Y190.554
G0 X214.312 Y189.899
G1 F1500 X213.976 Y189.672 E180.39501
G1 X213.787 Y189.495 E180.40362
G1 X213.528 Y189.178 E180.41724
G1 X213.265 Y188.601 E180.43833
G1 X213.197 Y188.053 E180.45669
G1 X213.23 Y187.601 E180.47177
G1 X213.337 Y187.195 E180.48573
G1 X213.48 Y186.895 E180.49679
G1 X213.653 Y186.636 E180.50714
G1 X213.874 Y186.388 E180.51819
G1 X214.151 Y186.17 E180.52992
G1 X214.516 Y185.979 E180.54362
G1 X214.878 Y185.877 E180.55613
G1 X215.322 Y185.824 E180.571
G1 X215.645 Y185.849 E180.58177
G1 X216.067 Y185.955 E180.59625
G1 X216.52 Y186.19 E180.61322
G1 X216.833 Y186.443 E180.62661
G1 X217.073 Y186.746 E180.63946
G1 X217.264 Y187.077 E180.65217
G1 X217.372 Y187.365 E180.6624
G1 X217.45 Y187.778 E180.67638
G1 X217.456 Y188.132 E180.68816
G1 X217.382 Y188.574 E180.70306
G1 X217.213 Y189.028 E180.71918
G1 X216.959 Y189.384 E180.73372
G1 X216.772 Y189.585 E180.74285
G1 X216.424 Y189.845 E180.7573
G1 X216.058 Y190.014 E180.77071
G1 X215.615 Y190.124 E180.78589
G1 X215.294 Y190.14 E180.79658
G1 X214.977 Y190.118 E180.80715
G1 X214.642 Y190.037 E180.81861
G1 X214.312 Y189.899 E180.83051
G0 F9000 X214.039 Y190.554
G0 X213.297 Y189.924
G0 X212.95 Y189.499
G0 X212.694 Y188.908
G0 X212.496 Y187.918
G0 X212.722 Y187.935
;TYPE:FILL
G1 F3000 X206.692 Y189.551 E181.03815
G0 F9000 X206.892 Y189.666
G0 X207.861 Y187.985
G0 X207.662 Y187.87
G1 F3000 X217.894 Y198.102 E181.51943
G0 F9000 X217.726 Y197.951
G0 X216.581 Y199.117
G0 X216.733 Y199.284
G1 F3000 X211.032 Y200.811 E181.71573
G0 F9000 X211.078 Y200.592
G0 X212.32 Y200.768
G0 X212.301 Y200.994
G1 F3000 X204.72 Y193.414 E182.07229
G0 F9000 X204.937 Y193.496
G0 X204.531 Y196.367
G0 X204.307 Y196.402
G1 F3000 X222.691 Y191.476 E182.70532
G0 F9000 X222.471 Y191.405
G0 X221.504 Y193.288
G0 X221.691 Y193.414
G1 F3000 X217.596 Y189.319 E182.89793
G0 F9000 X217.785 Y189.456
G0 X218.39 Y188.284
G0 X217.822 Y186.542
G0 X217.564 Y186.638
G1 F3000 X222.163 Y185.405 E183.0563
G1 X222.161 Y185.398
G1 X212.361 Y175.599 E183.51724
G1 X212.358 Y175.609
G1 X218.652 Y173.923 E183.73396
G0 F9000 X218.453 Y174.036
G0 X216.384 Y172.405
G0 X216.427 Y172.179
G1 F3000 X208.923 Y200.187 E184.69836
G0 F9000 X209.001 Y199.974
G0 X214.961 Y200.252
G0 X215.063 Y200.454
G1 F3000 X220.527 Y180.062 E185.40053
G0 F9000 X220.419 Y179.661
G1 F3000 X210.399 Y182.346 E185.74555
G1 X210.462 Y182.185
G1 X213.989 Y185.712 E185.91145
G0 F9000 X213.748 Y185.246
;MESH:NONMESH
G0 F300 Z1.6
G0 F9000 X212.916 Y186.572
G0 X212.732 Y186.962
G0 X212.613 Y187.408
G0 X212.535 Y188.469
G0 X212.569 Y188.465
;TIME_ELAPSED:292.697330
;LAYER:7
;TYPE:WALL-INNER
;MESH:Rock Wall Hold Knob 1.stl
G1 F1500 X212.533 Y187.989 E185.92733
G1 X212.565 Y187.503 E185.94353
G1 X212.722 Y186.926 E185.96342
G1 X212.999 Y186.407 E185.98298
G1 X213.269 Y186.081 E185.99706
G1 X213.517 Y185.842 E186.00852
G1 X213.98 Y185.514 E186.02739
G1 X214.569 Y185.291 E186.04834
G1 X214.906 Y185.223 E186.05977
G1 X215.265 Y185.193 E186.07175
G1 X215.696 Y185.214 E186.0861
G1 X216.342 Y185.356 E186.1081
G1 X216.829 Y185.623 E186.12658
G1 X217.106 Y185.826 E186.138
G1 X217.454 Y186.139 E186.15357
G1 X217.866 Y186.78 E186.17891
G1 X218.05 Y187.332 E186.19826
G1 X218.119 Y187.839 E186.21528
G1 X218.112 Y188.204 E186.22742
G1 X218.041 Y188.675 E186.24327
G1 X217.929 Y189.021 E186.25536
G1 X217.676 Y189.516 E186.27385
G1 X217.455 Y189.808 E186.28603
G1 X217.202 Y190.071 E186.29817
G1 X216.934 Y190.28 E186.30947
G1 X216.445 Y190.558 E186.32818
G1 X216.016 Y190.694 E186.34315
G1 X215.631 Y190.76 E186.35614
G1 X215.122 Y190.773 E186.37308
G1 X214.645 Y190.71 E186.38908
G1 X214.134 Y190.52 E186.40721
G1 X213.698 Y190.272 E186.4239
G1 X213.364 Y190.001 E186.4382
G1 X213.083 Y189.672 E186.45259
G1 X212.791 Y189.173 E186.47182
G1 X212.675 Y188.885 E186.48215
G1 X212.569 Y188.465 E186.49655
G0 F9000 X212.262 Y188.487
G0 X206.687 Y198.946
G0 X206.537 Y199.215
G1 F1500 X207.014 Y199.477 E186.51466
G1 X207.387 Y199.668 E186.52859
G1 X208.001 Y199.951 E186.55108
G1 X208.459 Y200.148 E186.56766
G1 X208.955 Y200.34 E186.58535
G1 X209.801 Y200.631 E186.61511
G1 X210.461 Y200.82 E186.63794
G1 X210.85 Y200.918 E186.65129
G1 X211.273 Y201.005 E186.66565
G1 X211.982 Y201.111 E186.68949
G1 X212.329 Y201.14 E186.70107
G1 X212.875 Y201.147 E186.71924
G1 X213.253 Y201.122 E186.73184
G1 X213.533 Y201.09 E186.74121
G1 X213.962 Y201.014 E186.7557
G1 X214.345 Y200.907 E186.76893
G1 X214.731 Y200.774 E186.7825
G1 X215.23 Y200.541 E186.80082
G1 X215.539 Y200.369 E186.81258
G1 X215.88 Y200.15 E186.82606
G1 X216.184 Y199.934 E186.83847
G1 X216.564 Y199.625 E186.85476
G1 X216.813 Y199.407 E186.86576
G1 X217.097 Y199.141 E186.87871
G1 X217.389 Y198.846 E186.89251
G1 X217.997 Y198.183 E186.92243
G1 X218.764 Y197.274 E186.96199
G1 X221.07 Y194.407 E187.08436
G1 X221.66 Y193.625 E187.11695
G1 X221.928 Y193.233 E187.13274
G1 X222.242 Y192.723 E187.15266
G1 X222.448 Y192.329 E187.16745
G1 X222.608 Y191.973 E187.18043
G1 X222.821 Y191.366 E187.20182
G1 X222.896 Y191.095 E187.21118
G1 X222.96 Y190.783 E187.22177
G1 X223.012 Y190.433 E187.23354
G1 X223.045 Y190.112 E187.24427
G1 X223.063 Y189.694 E187.25819
G1 X223.048 Y189.144 E187.27649
G1 X222.965 Y188.353 E187.30294
G1 X222.81 Y187.466 E187.33289
G1 X222.82 Y187.451 E187.33349
G1 X222.482 Y186.15 E187.3782
G1 X222.084 Y184.828 E187.42412
G1 X221.269 Y182.322 E187.51176
G1 X220.841 Y180.905 E187.561
G1 X220.462 Y179.538 E187.60818
G1 X220.052 Y177.945 E187.66289
G1 X219.866 Y177.172 E187.68933
G1 X219.606 Y176.203 E187.7227
G1 X219.313 Y175.239 E187.75621
G1 X219.073 Y174.603 E187.77882
G1 X218.821 Y174.051 E187.799
G1 X218.568 Y173.609 E187.81594
G1 X218.324 Y173.257 E187.83019
G1 X217.995 Y172.891 E187.84656
G1 X217.669 Y172.622 E187.86061
G1 X217.363 Y172.425 E187.87272
G1 X217.121 Y172.3 E187.88178
G1 X216.698 Y172.149 E187.89672
G1 X216.394 Y172.092 E187.907
G1 X216.127 Y172.069 E187.91592
G1 X215.802 Y172.079 E187.92673
G1 X215.34 Y172.167 E187.94237
G1 X215.065 Y172.255 E187.95198
G1 X214.693 Y172.418 E187.96549
G1 X214.395 Y172.586 E187.97686
G1 X214.153 Y172.753 E187.98664
G1 X213.855 Y172.995 E187.99941
G1 X213.492 Y173.372 E188.01682
G1 X213.122 Y173.874 E188.03756
G1 X212.797 Y174.459 E188.05982
G1 X212.595 Y174.902 E188.07601
G1 X212.423 Y175.361 E188.09231
G1 X212.18 Y176.122 E188.11888
G1 X212.053 Y176.591 E188.13505
G1 X211.37 Y179.348 E188.22952
G1 X211.133 Y180.183 E188.25838
G1 X210.839 Y181.126 E188.29124
G1 X210.625 Y181.738 E188.3128
G1 X210.29 Y182.616 E188.34406
G1 X209.918 Y183.506 E188.37614
G1 X209.61 Y184.18 E188.40079
G1 X209.311 Y184.801 E188.42371
G1 X209 Y185.409 E188.44643
G1 X208.502 Y186.333 E188.48134
G1 X207.885 Y187.418 E188.52285
G1 X206.653 Y189.504 E188.60343
G1 X205.94 Y190.746 E188.65106
G1 X205.386 Y191.775 E188.68993
G1 X204.98 Y192.603 E188.7206
G1 X204.702 Y193.228 E188.74335
G1 X204.52 Y193.695 E188.76002
G1 X204.42 Y193.987 E188.77029
G1 X204.239 Y194.644 E188.79296
G1 X204.148 Y195.157 E188.81029
G1 X204.116 Y195.501 E188.82178
G1 X204.105 Y195.878 E188.83432
G1 X204.139 Y196.265 E188.84724
G1 X204.225 Y196.66 E188.86069
G1 X204.305 Y196.911 E188.86945
G1 X204.435 Y197.231 E188.88094
G1 X204.65 Y197.59 E188.89486
G1 X204.877 Y197.905 E188.90777
G1 X205.237 Y198.271 E188.92484
G1 X205.534 Y198.533 E188.93802
G1 X205.896 Y198.802 E188.95302
G1 X206.183 Y198.996 E188.96454
G1 X206.52 Y199.206 E188.97775
G1 X206.537 Y199.215 E188.97839
G0 F9000 X206.341 Y199.564
;TYPE:WALL-OUTER
G1 F1500 X206.826 Y199.831 E188.9968
G1 X207.212 Y200.028 E189.01121
G1 X207.838 Y200.317 E189.03415
G1 X208.308 Y200.518 E189.05115
G1 X208.817 Y200.716 E189.06931
G1 X209.681 Y201.013 E189.0997
G1 X210.357 Y201.206 E189.12308
G1 X210.761 Y201.308 E189.13694
G1 X211.203 Y201.399 E189.15195
G1 X211.936 Y201.509 E189.1766
G1 X212.307 Y201.54 E189.18899
G1 X212.889 Y201.547 E189.20834
G1 X213.289 Y201.52 E189.22168
G1 X213.591 Y201.486 E189.23179
G1 X214.051 Y201.404 E189.24733
G1 X214.464 Y201.289 E189.26159
G1 X214.881 Y201.146 E189.27625
G1 X215.412 Y200.897 E189.29576
G1 X215.745 Y200.712 E189.30843
G1 X216.104 Y200.482 E189.32261
G1 X216.426 Y200.252 E189.33577
G1 X216.822 Y199.931 E189.35272
G1 X217.376 Y199.428 E189.37761
G1 X217.679 Y199.122 E189.39193
G1 X218.297 Y198.447 E189.42237
G1 X219.073 Y197.528 E189.46238
G1 X221.386 Y194.653 E189.5851
G1 X221.985 Y193.859 E189.61819
G1 X222.264 Y193.451 E189.63463
G1 X222.59 Y192.921 E189.65532
G1 X222.808 Y192.504 E189.67097
G1 X222.978 Y192.124 E189.68482
G1 X223.119 Y191.742 E189.69836
G1 X223.204 Y191.482 E189.70746
G1 X223.285 Y191.189 E189.71757
G1 X223.354 Y190.853 E189.72898
G1 X223.409 Y190.483 E189.74142
G1 X223.444 Y190.141 E189.75285
G1 X223.463 Y189.698 E189.7676
G1 X223.448 Y189.118 E189.7869
G1 X223.361 Y188.299 E189.81429
G1 X223.263 Y187.696 E189.83461
G1 X223.206 Y187.406 E189.84444
G1 X223.217 Y187.389 E189.84511
G1 X222.867 Y186.042 E189.8914
G1 X222.464 Y184.704 E189.93788
G1 X221.652 Y182.206 E190.02524
G1 X221.227 Y180.798 E190.07416
G1 X220.85 Y179.438 E190.1211
G1 X220.441 Y177.851 E190.17561
G1 X220.254 Y177.074 E190.20219
G1 X219.967 Y176.011 E190.23881
G1 X219.691 Y175.107 E190.27025
G1 X219.443 Y174.449 E190.29364
G1 X219.177 Y173.868 E190.31489
G1 X218.906 Y173.395 E190.33302
G1 X218.638 Y173.009 E190.34865
G1 X218.273 Y172.601 E190.36686
G1 X217.905 Y172.298 E190.38271
G1 X217.563 Y172.078 E190.39624
G1 X217.28 Y171.932 E190.40683
G1 X216.803 Y171.762 E190.42367
G1 X216.448 Y171.695 E190.43569
G1 X216.138 Y171.669 E190.44603
G1 X215.758 Y171.68 E190.45868
G1 X215.242 Y171.779 E190.47615
G1 X214.923 Y171.88 E190.48728
G1 X214.514 Y172.06 E190.50215
G1 X214.183 Y172.246 E190.51477
G1 X213.913 Y172.433 E190.5257
G1 X213.584 Y172.7 E190.53979
G1 X213.186 Y173.114 E190.55889
G1 X212.785 Y173.657 E190.58134
G1 X212.439 Y174.279 E190.60502
G1 X212.225 Y174.749 E190.62219
G1 X212.045 Y175.23 E190.63927
G1 X211.796 Y176.009 E190.66647
G1 X211.666 Y176.491 E190.68308
G1 X210.985 Y179.239 E190.77724
G1 X210.751 Y180.064 E190.80576
G1 X210.461 Y180.994 E190.83817
G1 X210.251 Y181.596 E190.85937
G1 X209.921 Y182.462 E190.89019
G1 X209.554 Y183.34 E190.92185
G1 X209.249 Y184.007 E190.94624
G1 X208.955 Y184.619 E190.96882
G1 X208.648 Y185.219 E190.99124
G1 X208.154 Y186.135 E191.02585
G1 X207.541 Y187.214 E191.06713
G1 X206.317 Y189.285 E191.14714
G1 X205.631 Y190.478 E191.19291
G1 X205.03 Y191.592 E191.23501
G1 X204.618 Y192.433 E191.26616
G1 X204.333 Y193.074 E191.28949
G1 X204.144 Y193.557 E191.30674
G1 X204.039 Y193.865 E191.31757
G1 X203.949 Y194.166 E191.32802
G1 X203.848 Y194.559 E191.34151
G1 X203.751 Y195.103 E191.35989
G1 X203.716 Y195.477 E191.37238
G1 X203.705 Y195.89 E191.38613
G1 X203.743 Y196.325 E191.40065
G1 X203.838 Y196.764 E191.41559
G1 X203.929 Y197.047 E191.42547
G1 X204.076 Y197.41 E191.4385
G1 X204.316 Y197.81 E191.45402
G1 X204.51 Y198.08 E191.46507
G1 X204.676 Y198.272 E191.47352
G1 X204.962 Y198.562 E191.48706
G1 X205.282 Y198.844 E191.50125
G1 X205.664 Y199.128 E191.51708
G1 X205.965 Y199.332 E191.52917
G1 X206.318 Y199.551 E191.54299
G1 X206.341 Y199.564 E191.54387
G0 F9000 X206.687 Y198.946
G0 X212.239 Y187.737
G0 X212.944 Y187.792
G1 F1500 X212.96 Y187.585 E191.55078
G1 X213.09 Y187.091 E191.56777
G1 X213.345 Y186.616 E191.5857
G1 X213.577 Y186.336 E191.59779
G1 X213.814 Y186.115 E191.60857
G1 X214.191 Y185.861 E191.62369
G1 X214.664 Y185.679 E191.64054
G1 X215.009 Y185.612 E191.65223
G1 X215.321 Y185.592 E191.66263
G1 X215.656 Y185.612 E191.67379
G1 X216.183 Y185.729 E191.69175
G1 X216.592 Y185.945 E191.70713
G1 X216.821 Y186.109 E191.7165
G1 X217.146 Y186.4 E191.73101
G1 X217.493 Y186.938 E191.7523
G1 X217.662 Y187.43 E191.76961
G1 X217.72 Y187.871 E191.7844
G1 X217.71 Y188.219 E191.79598
G1 X217.654 Y188.575 E191.80797
G1 X217.553 Y188.885 E191.81881
G1 X217.326 Y189.321 E191.83516
G1 X217.123 Y189.58 E191.8461
G1 X216.929 Y189.779 E191.85535
G1 X216.665 Y189.98 E191.86638
G1 X216.301 Y190.18 E191.8802
G1 X215.942 Y190.301 E191.8928
G1 X215.646 Y190.357 E191.90282
G1 X215.161 Y190.375 E191.91896
G1 X214.737 Y190.317 E191.93319
G1 X214.298 Y190.155 E191.94876
G1 X213.92 Y189.939 E191.96324
G1 X213.656 Y189.723 E191.97458
G1 X213.4 Y189.424 E191.98767
G1 X213.176 Y189.052 E192.00212
G1 X213.046 Y188.735 E192.01351
G1 X212.964 Y188.387 E192.0254
G1 X212.932 Y187.959 E192.03968
G1 X212.944 Y187.792 E192.04525
G0 F9000 X212.466 Y188.151
;TYPE:FILL
G1 F3000 X206.624 Y189.716 E192.2464
G0 F9000 X206.824 Y189.831
G0 X207.966 Y187.892
G0 X207.768 Y187.775
G1 F3000 X218.022 Y198.029 E192.72872
G0 F9000 X217.85 Y197.883
G0 X216.481 Y199.29
G0 X216.628 Y199.459
G1 F3000 X211.21 Y200.911 E192.91528
G0 F9000 X211.256 Y200.69
G0 X212.578 Y200.84
G0 X212.57 Y201.062
G1 F3000 X204.773 Y193.266 E193.28201
G0 F9000 X204.988 Y193.35
G0 X204.509 Y196.507
G0 X204.284 Y196.555
G1 F3000 X222.641 Y191.636 E193.9141
G0 F9000 X222.436 Y191.558
G0 X221.595 Y193.176
G0 X221.783 Y193.305
G1 F3000 X217.845 Y189.367 E194.09934
G1 X217.931 Y189.203
G1 X214.871 Y200.622 E194.49253
G0 F9000 X214.775 Y200.415
G0 X208.859 Y199.973
G0 X208.776 Y200.184
G1 F3000 X216.288 Y172.152 E195.45778
G0 F9000 X216.268 Y172.394
G0 X218.529 Y174.163
G0 X218.728 Y174.05
G1 F3000 X212.384 Y175.749 E195.67622
G0 F9000 X212.463 Y175.5
G1 F3000 X222.092 Y185.129 E196.12914
G0 F9000 X222.216 Y185.538
G1 F3000 X217.906 Y186.693 E196.27754
G0 F9000 X218.1 Y186.568
G0 X218.626 Y187.685
G0 X218.489 Y188.329
G0 X218.191 Y188.229
G1 F3000 X220.451 Y179.795 E196.56796
G1 X220.453 Y179.799
G1 X210.426 Y182.486 E196.91322
G0 F9000 X210.574 Y182.096
G1 F3000 X213.929 Y185.451 E197.07103
G0 F9000 X213.63 Y185.018
;MESH:NONMESH
G0 F300 Z1.8
G0 F9000 X212.794 Y186.27
G0 X212.484 Y186.846
G0 X212.32 Y187.465
G0 X212.306 Y188.687
G0 X212.463 Y188.65
;TIME_ELAPSED:306.926526
;LAYER:8
;TYPE:WALL-INNER
;MESH:Rock Wall Hold Knob 1.stl
G1 F1500 X212.415 Y188.372 E197.08042
G1 X212.384 Y188.077 E197.09028
G1 X212.412 Y187.623 E197.10541
G1 X212.476 Y187.25 E197.118
G1 X212.593 Y186.89 E197.13059
G1 X212.889 Y186.33 E197.15165
G1 X213.233 Y185.93 E197.1692
G1 X213.501 Y185.692 E197.18112
G1 X213.934 Y185.4 E197.19849
G1 X214.36 Y185.226 E197.2138
G1 X214.714 Y185.121 E197.22608
G1 X215.131 Y185.068 E197.24006
G1 X215.702 Y185.069 E197.25905
G1 X216.294 Y185.223 E197.2794
G1 X216.615 Y185.361 E197.29102
G1 X217.018 Y185.595 E197.30652
G1 X217.382 Y185.901 E197.32234
G1 X217.667 Y186.221 E197.33659
G1 X217.947 Y186.638 E197.35329
G1 X218.137 Y187.119 E197.37049
G1 X218.229 Y187.47 E197.38256
G1 X218.267 Y187.894 E197.39672
G1 X218.25 Y188.361 E197.41226
G1 X218.132 Y188.883 E197.43006
G1 X217.907 Y189.394 E197.44864
G1 X217.61 Y189.849 E197.46671
G1 X217.284 Y190.168 E197.48188
G1 X216.993 Y190.399 E197.49424
G1 X216.402 Y190.723 E197.51665
G1 X215.777 Y190.883 E197.53811
G1 X215.164 Y190.923 E197.55854
G1 X214.504 Y190.808 E197.58082
G1 X214.031 Y190.612 E197.59785
G1 X213.661 Y190.398 E197.61207
G1 X213.331 Y190.143 E197.62594
G1 X213.002 Y189.784 E197.64214
G1 X212.707 Y189.319 E197.66045
G1 X212.488 Y188.79 E197.6795
G1 X212.463 Y188.65 E197.68423
G0 F9000 X212.16 Y188.706
G0 X206.677 Y198.991
G0 X206.514 Y199.256
G1 F1500 X206.534 Y199.268 E197.685
G1 X207.106 Y199.578 E197.70664
G1 X207.685 Y199.859 E197.72805
G1 X208.146 Y200.063 E197.74481
G1 X208.839 Y200.342 E197.76966
G1 X209.961 Y200.725 E197.80909
G1 X210.673 Y200.925 E197.83369
G1 X211.215 Y201.042 E197.85213
G1 X211.696 Y201.125 E197.86837
G1 X212.437 Y201.196 E197.89313
G1 X212.707 Y201.203 E197.90211
G1 X213.069 Y201.196 E197.91415
G1 X213.605 Y201.138 E197.93208
G1 X214.184 Y201.022 E197.95172
G1 X214.583 Y200.891 E197.96569
G1 X214.967 Y200.739 E197.97943
G1 X215.339 Y200.555 E197.99323
G1 X215.719 Y200.334 E198.00785
G1 X216.187 Y200.002 E198.02694
G1 X216.84 Y199.458 E198.0552
G1 X217.419 Y198.887 E198.08225
G1 X217.786 Y198.486 E198.10033
G1 X218.472 Y197.682 E198.13548
G1 X221.088 Y194.394 E198.27523
G1 X221.455 Y193.917 E198.29525
G1 X221.953 Y193.199 E198.32431
G1 X222.221 Y192.763 E198.34133
G1 X222.486 Y192.256 E198.36036
G1 X222.746 Y191.659 E198.38202
G1 X222.924 Y191.049 E198.40315
G1 X223.057 Y190.184 E198.43226
G1 X223.08 Y189.697 E198.44848
G1 X223.076 Y189.33 E198.46069
G1 X223.058 Y189.038 E198.47042
G1 X222.965 Y188.256 E198.49661
G1 X222.89 Y187.786 E198.51244
G1 X222.757 Y187.162 E198.53366
G1 X222.649 Y186.722 E198.54873
G1 X222.48 Y186.106 E198.56997
G1 X222.279 Y185.43 E198.59343
G1 X221.161 Y181.97 E198.71437
G1 X220.858 Y180.964 E198.74931
G1 X220.491 Y179.668 E198.79411
G1 X220.153 Y178.369 E198.83876
G1 X219.875 Y177.246 E198.87724
G1 X219.602 Y176.204 E198.91306
G1 X219.307 Y175.238 E198.94666
G1 X219.104 Y174.697 E198.96588
G1 X218.832 Y174.089 E198.98803
G1 X218.559 Y173.612 E199.00631
G1 X218.347 Y173.304 E199.01874
G1 X218.117 Y173.02 E199.0309
G1 X217.867 Y172.791 E199.04218
G1 X217.583 Y172.569 E199.05417
G1 X217.287 Y172.383 E199.06579
G1 X216.93 Y172.234 E199.07866
G1 X216.68 Y172.16 E199.08733
G1 X216.21 Y172.089 E199.10314
G1 X215.912 Y172.092 E199.11305
G1 X215.471 Y172.152 E199.12786
G1 X215.148 Y172.252 E199.1391
G1 X214.687 Y172.45 E199.15579
G1 X214.219 Y172.742 E199.17414
G1 X213.927 Y172.989 E199.18686
G1 X213.71 Y173.2 E199.19692
G1 X213.518 Y173.424 E199.20674
G1 X213.345 Y173.647 E199.21612
G1 X213.199 Y173.859 E199.22468
G1 X213.007 Y174.185 E199.23727
G1 X212.795 Y174.601 E199.2528
G1 X212.566 Y175.167 E199.27311
G1 X212.403 Y175.638 E199.28968
G1 X212.259 Y176.114 E199.30622
G1 X211.922 Y177.433 E199.3515
G1 X211.665 Y178.527 E199.38888
G1 X211.376 Y179.643 E199.42722
G1 X210.996 Y180.92 E199.47154
G1 X210.722 Y181.711 E199.49938
G1 X210.462 Y182.404 E199.524
G1 X210.009 Y183.486 E199.56301
G1 X209.601 Y184.362 E199.59515
G1 X209.086 Y185.387 E199.6333
G1 X208.775 Y185.962 E199.65505
G1 X208.136 Y187.1 E199.69846
G1 X206.483 Y189.874 E199.80586
G1 X205.678 Y191.27 E199.85946
G1 X205.07 Y192.431 E199.90305
G1 X204.712 Y193.196 E199.93114
G1 X204.721 Y193.208 E199.93164
G1 X204.515 Y193.714 E199.94981
G1 X204.319 Y194.29 E199.97004
G1 X204.244 Y194.575 E199.97985
G1 X204.125 Y195.111 E199.99811
G1 X204.077 Y195.68 E200.0171
G1 X204.084 Y196.048 E200.02934
G1 X204.121 Y196.416 E200.04164
G1 X204.225 Y196.827 E200.05574
G1 X204.418 Y197.315 E200.0732
G1 X204.648 Y197.68 E200.08755
G1 X204.838 Y197.935 E200.09812
G1 X205.063 Y198.177 E200.10911
G1 X205.492 Y198.563 E200.12831
G1 X205.695 Y198.719 E200.13682
G1 X206.086 Y198.99 E200.15265
G1 X206.514 Y199.256 E200.16941
G0 F9000 X206.318 Y199.605
;TYPE:WALL-OUTER
G1 F1503.8 X206.333 Y199.614 E200.16999
G1 F1500 X206.924 Y199.934 E200.19234
G1 X207.517 Y200.222 E200.21427
G1 X207.99 Y200.431 E200.23147
G1 X208.699 Y200.716 E200.25688
G1 X209.564 Y201.018 E200.28736
G1 X209.846 Y201.108 E200.2972
G1 X210.577 Y201.313 E200.32245
G1 X211.139 Y201.435 E200.34158
G1 X211.64 Y201.521 E200.35849
G1 X212.415 Y201.596 E200.38438
G1 X212.705 Y201.603 E200.39403
G1 X213.095 Y201.596 E200.40701
G1 X213.665 Y201.534 E200.42608
G1 X214.173 Y201.433 E200.4433
G1 X214.438 Y201.36 E200.45244
G1 X214.719 Y201.267 E200.46229
G1 X215.13 Y201.105 E200.47698
G1 X215.529 Y200.907 E200.4918
G1 X215.935 Y200.671 E200.50742
G1 X216.43 Y200.32 E200.5276
G1 X217.112 Y199.752 E200.55712
G1 X217.707 Y199.165 E200.58492
G1 X218.086 Y198.751 E200.60359
G1 X218.781 Y197.936 E200.63921
G1 X221.404 Y194.638 E200.77937
G1 X221.778 Y194.153 E200.79974
G1 X222.288 Y193.418 E200.82949
G1 X222.569 Y192.961 E200.84734
G1 X222.847 Y192.429 E200.8673
G1 X223.123 Y191.795 E200.8903
G1 X223.316 Y191.136 E200.91314
G1 X223.456 Y190.224 E200.94383
G1 X223.48 Y189.704 E200.96114
G1 X223.476 Y189.316 E200.97405
G1 X223.456 Y189.002 E200.98451
G1 X223.361 Y188.2 E201.01137
G1 X223.283 Y187.713 E201.02778
G1 X223.066 Y186.734 E201.06113
G1 X222.864 Y185.992 E201.0867
G1 X222.669 Y185.336 E201.10947
G1 X221.544 Y181.854 E201.23117
G1 X221.243 Y180.855 E201.26588
G1 X220.878 Y179.567 E201.3104
G1 X220.541 Y178.273 E201.35488
G1 X220.262 Y177.145 E201.39352
G1 X219.987 Y176.095 E201.42962
G1 X219.686 Y175.109 E201.46391
G1 X219.474 Y174.545 E201.48395
G1 X219.189 Y173.907 E201.50719
G1 X218.898 Y173.399 E201.52667
G1 X218.667 Y173.064 E201.5402
G1 X218.409 Y172.746 E201.55382
G1 X218.126 Y172.485 E201.56663
G1 X217.813 Y172.241 E201.57983
G1 X217.471 Y172.027 E201.59324
G1 X217.064 Y171.857 E201.60791
G1 X216.776 Y171.771 E201.61791
G1 X216.506 Y171.718 E201.62706
G1 X216.23 Y171.689 E201.63629
G1 X215.883 Y171.692 E201.64783
G1 X215.384 Y171.76 E201.66458
G1 X215.01 Y171.876 E201.67761
G1 X214.501 Y172.094 E201.69603
G1 X213.983 Y172.418 E201.71635
G1 X213.659 Y172.693 E201.73048
G1 X213.418 Y172.926 E201.74163
G1 X213.208 Y173.171 E201.75236
G1 X213.022 Y173.411 E201.76246
G1 X212.861 Y173.644 E201.77188
G1 X212.656 Y173.993 E201.78534
G1 X212.431 Y174.435 E201.80184
G1 X212.192 Y175.027 E201.82307
G1 X212.023 Y175.514 E201.84022
G1 X211.873 Y176.006 E201.85733
G1 X211.533 Y177.341 E201.90315
G1 X211.278 Y178.427 E201.94025
G1 X210.992 Y179.529 E201.97812
G1 X210.618 Y180.79 E202.02186
G1 X210.348 Y181.571 E202.04935
G1 X210.093 Y182.25 E202.07347
G1 X209.646 Y183.317 E202.11195
G1 X209.243 Y184.182 E202.14369
G1 X208.734 Y185.197 E202.18145
G1 X208.427 Y185.766 E202.20296
G1 X207.792 Y186.895 E202.24604
G1 X206.137 Y189.674 E202.35362
G1 X205.328 Y191.077 E202.40749
G1 X204.712 Y192.253 E202.45164
G1 X204.338 Y193.051 E202.48095
G1 X204.347 Y193.064 E202.48148
G1 X204.14 Y193.574 E202.49979
G1 X203.936 Y194.174 E202.52086
G1 X203.855 Y194.48 E202.53139
G1 X203.75 Y194.956 E202.5476
G1 X203.715 Y195.21 E202.55613
G1 X203.677 Y195.667 E202.57138
G1 X203.684 Y196.072 E202.58486
G1 X203.726 Y196.485 E202.59866
G1 X203.843 Y196.95 E202.61461
G1 X204.06 Y197.497 E202.63418
G1 X204.318 Y197.906 E202.65027
G1 X204.53 Y198.191 E202.66208
G1 X204.779 Y198.459 E202.67425
G1 X204.983 Y198.651 E202.68357
G1 X205.239 Y198.873 E202.69484
G1 X205.459 Y199.042 E202.70406
G1 X205.866 Y199.324 E202.72053
G1 F1503.8 X206.318 Y199.605 E202.73819
G0 F9000 X206.689 Y198.999
G0 X212.119 Y188.27
G0 X212.786 Y188.075
G1 F1500 X212.785 Y188.066 E202.73849
G1 X212.806 Y187.69 E202.75102
G1 X212.868 Y187.331 E202.76313
G1 X212.968 Y187.03 E202.77368
G1 X213.216 Y186.56 E202.79136
G1 X213.504 Y186.224 E202.80608
G1 X213.704 Y186.04 E202.81512
G1 X214.124 Y185.752 E202.83205
G1 X214.501 Y185.6 E202.84557
G1 X214.806 Y185.51 E202.85615
G1 X215.179 Y185.465 E202.86865
G1 X215.652 Y185.47 E202.88438
G1 X216.16 Y185.6 E202.90182
G1 X216.456 Y185.728 E202.91255
G1 X216.775 Y185.916 E202.92486
G1 X217.088 Y186.172 E202.93831
G1 X217.335 Y186.444 E202.95053
G1 X217.598 Y186.844 E202.96645
G1 X217.75 Y187.221 E202.97997
G1 X217.836 Y187.558 E202.99154
G1 X217.868 Y187.933 E203.00406
G1 X217.852 Y188.323 E203.01704
G1 X217.751 Y188.761 E203.03199
G1 X217.543 Y189.227 E203.04896
G1 X217.31 Y189.578 E203.06298
G1 X217.004 Y189.882 E203.07732
G1 X216.757 Y190.072 E203.08769
G1 X216.277 Y190.336 E203.10591
G1 X215.694 Y190.488 E203.12595
G1 X215.166 Y190.518 E203.14354
G1 X214.6 Y190.418 E203.16265
G1 X214.231 Y190.266 E203.17593
G1 X213.868 Y190.056 E203.18988
G1 X213.6 Y189.844 E203.20124
G1 X213.332 Y189.552 E203.21442
G1 X213.075 Y189.152 E203.23024
G1 X212.871 Y188.656 E203.24807
G1 X212.813 Y188.33 E203.25909
G1 X212.786 Y188.075 E203.26762
G0 F9000 X212.329 Y188.333
;TYPE:FILL
G1 F3000 X206.574 Y189.876 E203.46579
G0 F9000 X206.773 Y189.996
G0 X208.075 Y187.805
G0 X207.879 Y187.687
G1 F3000 X218.14 Y197.948 E203.94843
G0 F9000 X217.969 Y197.802
G0 X216.359 Y199.468
G0 X216.497 Y199.64
G1 F3000 X211.427 Y200.998 E204.12301
G0 F9000 X211.465 Y200.774
G0 X212.823 Y200.893
G0 X212.827 Y201.12
G1 F3000 X204.833 Y193.126 E204.49902
G0 F9000 X205.052 Y193.217
G0 X204.499 Y196.647
G0 X204.277 Y196.703
G1 F3000 X222.6 Y191.793 E205.12995
G0 F9000 X222.394 Y191.702
G0 X221.68 Y193.057
G0 X221.865 Y193.188
G1 F3000 X218.016 Y189.338 E205.31102
G0 F9000 X217.572 Y189.995
G1 F3000 X214.686 Y200.765 E205.68187
G0 F9000 X214.601 Y200.552
G0 X208.719 Y199.962
G0 X208.634 Y200.172
G1 F3000 X216.137 Y172.169 E206.6461
G0 F9000 X216.139 Y172.402
G0 X218.576 Y174.274
G0 X218.786 Y174.18
G1 F3000 X212.411 Y175.888 E206.86561
G0 F9000 X212.568 Y175.406
G1 F3000 X222.006 Y184.843 E207.30952
G0 F9000 X222.269 Y185.67
G1 F3000 X218.093 Y186.789 E207.45332
G0 F9000 X218.281 Y187.35
G1 F3000 X220.374 Y179.539 E207.72228
G0 F9000 X220.484 Y179.937
G1 F3000 X210.457 Y182.624 E208.06755
G0 F9000 X210.693 Y182.016
G1 F3000 X213.975 Y185.297 E208.2219
G0 F9000 X213.777 Y184.803
;MESH:NONMESH
G0 F300 Z2
G0 F9000 X212.552 Y186.255
G0 X211.904 Y188.219
G0 X212.176 Y188.787
G0 X212.41 Y188.744
;TIME_ELAPSED:321.250014
;LAYER:9
;TYPE:WALL-INNER
;MESH:Rock Wall Hold Knob 1.stl
G1 F1500 X212.323 Y188.443 E208.23232
G1 X212.316 Y187.817 E208.25314
G1 X212.365 Y187.382 E208.2677
G1 X212.498 Y186.946 E208.28286
G1 X212.704 Y186.5 E208.2992
G1 X213.011 Y186.041 E208.31757
G1 X213.404 Y185.673 E208.33547
G1 X213.952 Y185.302 E208.35749
G1 X214.52 Y185.085 E208.37771
G1 X215.002 Y184.996 E208.39401
G1 X215.566 Y184.982 E208.41278
G1 X216.156 Y185.093 E208.43274
G1 X216.728 Y185.314 E208.45314
G1 X217.172 Y185.623 E208.47113
G1 X217.525 Y185.944 E208.487
G1 X217.863 Y186.356 E208.50472
G1 X218.121 Y186.861 E208.52359
G1 X218.227 Y187.143 E208.53361
G1 X218.331 Y187.654 E208.55095
G1 X218.342 Y188.225 E208.56995
G1 X218.251 Y188.728 E208.58695
G1 X218.065 Y189.285 E208.60648
G1 X217.748 Y189.777 E208.62594
G1 X217.469 Y190.105 E208.64027
G1 X217.145 Y190.372 E208.65423
G1 X216.628 Y190.704 E208.67467
G1 X216.04 Y190.91 E208.69539
G1 X215.406 Y191 E208.71669
G1 X214.832 Y190.948 E208.73586
G1 X214.445 Y190.854 E208.7491
G1 X213.976 Y190.678 E208.76576
G1 X213.504 Y190.377 E208.78438
G1 X213.189 Y190.109 E208.79814
G1 X212.779 Y189.629 E208.81914
G1 X212.488 Y189.013 E208.84179
G1 X212.41 Y188.744 E208.85111
G0 F9000 X212.113 Y188.827
G0 X206.651 Y199.018
G0 X206.497 Y199.286
G1 F1500 X206.824 Y199.47 E208.86359
G1 X207.408 Y199.766 E208.88537
G1 X208.137 Y200.096 E208.91198
G1 X208.745 Y200.344 E208.93382
G1 X209.252 Y200.529 E208.95177
G1 X209.837 Y200.727 E208.97231
G1 X210.173 Y200.825 E208.98395
G1 X210.88 Y201.011 E209.00827
G1 X211.419 Y201.12 E209.02656
G1 X212.076 Y201.215 E209.04864
G1 X212.33 Y201.236 E209.05712
G1 X212.717 Y201.248 E209.06999
G1 X212.974 Y201.244 E209.07854
G1 X213.355 Y201.222 E209.09124
G1 X213.621 Y201.187 E209.10016
G1 X214.048 Y201.107 E209.11461
G1 X214.371 Y201.017 E209.12576
G1 X214.631 Y200.932 E209.13486
G1 X215.08 Y200.744 E209.15105
G1 X215.435 Y200.559 E209.16436
G1 X215.735 Y200.38 E209.17598
G1 X216.009 Y200.197 E209.18694
G1 X216.527 Y199.794 E209.20877
G1 X216.93 Y199.433 E209.22676
G1 X217.216 Y199.154 E209.24005
G1 X217.679 Y198.664 E209.26248
G1 X217.993 Y198.304 E209.27836
G1 X218.663 Y197.488 E209.31348
G1 X221.295 Y194.12 E209.45565
G1 X221.695 Y193.58 E209.478
G1 X222.073 Y193.006 E209.50086
G1 X222.242 Y192.73 E209.51162
G1 X222.44 Y192.355 E209.52573
G1 X222.696 Y191.788 E209.54642
G1 X222.875 Y191.23 E209.56591
G1 X222.997 Y190.695 E209.58416
G1 X223.058 Y190.258 E209.59884
G1 X223.087 Y189.694 E209.61762
G1 X223.076 Y189.18 E209.63472
G1 X223.058 Y188.93 E209.64306
G1 X222.985 Y188.325 E209.66332
G1 X222.894 Y187.768 E209.6821
G1 X222.766 Y187.179 E209.70214
G1 X222.564 Y186.39 E209.72923
G1 X222.087 Y184.81 E209.78413
G1 X221.192 Y182.101 E209.87902
G1 X220.56 Y179.947 E209.95368
G1 X220.145 Y178.388 E210.00734
G1 X219.803 Y176.994 E210.05508
G1 X219.576 Y176.159 E210.08386
G1 X219.38 Y175.506 E210.10653
G1 X219.148 Y174.815 E210.13078
G1 X218.872 Y174.2 E210.1532
G1 X218.595 Y173.679 E210.17282
G1 X218.332 Y173.305 E210.18803
G1 X218.039 Y172.965 E210.20296
G1 X217.713 Y172.682 E210.21732
G1 X217.432 Y172.485 E210.22873
G1 X216.966 Y172.263 E210.2459
G1 X216.522 Y172.145 E210.26118
G1 X216.218 Y172.117 E210.27133
G1 X215.881 Y172.124 E210.28254
G1 X215.54 Y172.173 E210.294
G1 X215.241 Y172.256 E210.30432
G1 X214.816 Y172.43 E210.3196
G1 X214.556 Y172.574 E210.32948
G1 X214.281 Y172.757 E210.34047
G1 X213.851 Y173.118 E210.35914
G1 X213.513 Y173.516 E210.37651
G1 X213.358 Y173.729 E210.38527
G1 X213.05 Y174.235 E210.40497
G1 X212.905 Y174.532 E210.41597
G1 X212.752 Y174.885 E210.42876
G1 X212.603 Y175.268 E210.44243
G1 X212.256 Y176.404 E210.48194
G1 X211.604 Y179.128 E210.5751
G1 X211.383 Y179.95 E210.60341
G1 X211.13 Y180.785 E210.63243
G1 X210.89 Y181.505 E210.65767
G1 X210.616 Y182.248 E210.68401
G1 X210.216 Y183.224 E210.71909
G1 X209.589 Y184.565 E210.76833
G1 X209.206 Y185.318 E210.79643
G1 X208.574 Y186.462 E210.8399
G1 X207.97 Y187.502 E210.8799
G1 X206.07 Y190.656 E211.00236
G1 X205.662 Y191.363 E211.02951
G1 X205.089 Y192.446 E211.07027
G1 X204.822 Y193.006 E211.0909
G1 X204.6 Y193.512 E211.10928
G1 X204.421 Y193.983 E211.12604
G1 X204.317 Y194.291 E211.13685
G1 X204.238 Y194.569 E211.14646
G1 X204.125 Y195.074 E211.16367
G1 X204.048 Y195.73 E211.18564
G1 X204.074 Y196.234 E211.20243
G1 X204.121 Y196.573 E211.21381
G1 X204.242 Y197.006 E211.22876
G1 X204.387 Y197.325 E211.24042
G1 X204.58 Y197.661 E211.25331
G1 X204.881 Y198.05 E211.26967
G1 X205.312 Y198.464 E211.28954
G1 X205.673 Y198.752 E211.3049
G1 X206.137 Y199.067 E211.32356
G1 X206.145 Y199.087 E211.32427
G1 X206.497 Y199.286 E211.33772
G0 F9000 X206.301 Y199.635
;TYPE:WALL-OUTER
G1 F1500 X206.635 Y199.823 E211.35047
G1 X207.235 Y200.127 E211.37284
G1 X207.979 Y200.464 E211.40001
G1 X208.601 Y200.717 E211.42234
G1 X209.119 Y200.907 E211.44069
G1 X209.717 Y201.109 E211.46168
G1 X210.066 Y201.211 E211.47378
G1 X210.79 Y201.401 E211.49867
G1 X211.351 Y201.514 E211.51771
G1 X212.031 Y201.613 E211.54056
G1 X212.308 Y201.636 E211.54981
G1 X212.714 Y201.648 E211.56332
G1 X212.988 Y201.644 E211.57243
G1 X213.393 Y201.62 E211.58593
G1 X213.684 Y201.582 E211.59569
G1 X214.138 Y201.497 E211.61105
G1 X214.486 Y201.4 E211.62306
G1 X214.77 Y201.308 E211.63299
G1 X215.25 Y201.106 E211.65031
G1 X215.63 Y200.909 E211.66455
G1 X215.949 Y200.718 E211.67692
G1 X216.24 Y200.524 E211.68855
G1 X216.505 Y200.326 E211.69955
G1 X216.786 Y200.099 E211.71157
G1 X217.203 Y199.725 E211.7302
G1 X217.501 Y199.435 E211.74403
G1 X217.975 Y198.933 E211.76699
G1 X218.299 Y198.562 E211.78337
G1 X218.942 Y197.78 E211.81705
G1 X221.616 Y194.358 E211.96149
G1 X222.023 Y193.809 E211.98422
G1 X222.411 Y193.22 E212.00768
G1 X222.59 Y192.928 E212.01907
G1 X222.8 Y192.531 E212.03401
G1 X223.069 Y191.934 E212.05579
G1 X223.262 Y191.332 E212.07681
G1 X223.391 Y190.767 E212.09609
G1 X223.456 Y190.296 E212.1119
G1 X223.487 Y189.7 E212.13175
G1 X223.476 Y189.162 E212.14965
G1 X223.456 Y188.892 E212.15866
G1 X223.381 Y188.269 E212.17953
G1 X223.287 Y187.694 E212.1989
G1 X223.165 Y187.126 E212.21823
G1 X222.963 Y186.33 E212.24554
G1 X222.467 Y184.684 E212.30272
G1 X221.576 Y181.989 E212.39713
G1 X220.946 Y179.844 E212.47148
G1 X220.533 Y178.292 E212.5249
G1 X220.19 Y176.894 E212.57278
G1 X219.975 Y176.099 E212.60017
G1 X219.761 Y175.385 E212.62496
G1 X219.567 Y174.808 E212.64521
G1 X219.471 Y174.557 E212.65414
G1 X219.232 Y174.024 E212.67357
G1 X218.937 Y173.469 E212.69448
G1 X218.652 Y173.065 E212.71092
G1 X218.394 Y172.744 E212.72462
G1 X217.96 Y172.366 E212.74376
G1 X217.634 Y172.138 E212.75699
G1 X217.238 Y171.949 E212.77159
G1 X216.975 Y171.851 E212.78092
G1 X216.592 Y171.75 E212.7941
G1 X216.232 Y171.717 E212.80612
G1 X215.849 Y171.724 E212.81886
G1 X215.458 Y171.781 E212.832
G1 X215.015 Y171.904 E212.8473
G1 X214.638 Y172.072 E212.86102
G1 X214.348 Y172.232 E212.87204
G1 X214.041 Y172.437 E212.88432
G1 X213.683 Y172.737 E212.89985
G1 X213.483 Y172.933 E212.90917
G1 X213.198 Y173.268 E212.9238
G1 X213.026 Y173.505 E212.93353
G1 X212.697 Y174.047 E212.95462
G1 X212.542 Y174.364 E212.96636
G1 X212.382 Y174.733 E212.97974
G1 X212.225 Y175.135 E212.99409
G1 X211.87 Y176.3 E213.0346
G1 X211.218 Y179.024 E213.12776
G1 X211 Y179.834 E213.15566
G1 X210.75 Y180.659 E213.18433
G1 X210.515 Y181.367 E213.20914
G1 X210.246 Y182.096 E213.23498
G1 X209.842 Y183.081 E213.27039
G1 X209.233 Y184.384 E213.31823
G1 X208.856 Y185.125 E213.34588
G1 X208.228 Y186.261 E213.38906
G1 X207.628 Y187.296 E213.42885
G1 X205.769 Y190.378 E213.54856
G1 X205.312 Y191.169 E213.57894
G1 X204.731 Y192.266 E213.62023
G1 X204.458 Y192.84 E213.64137
G1 X204.23 Y193.36 E213.66026
G1 X204.045 Y193.848 E213.67761
G1 X203.935 Y194.172 E213.68899
G1 X203.85 Y194.47 E213.6993
G1 X203.73 Y195.006 E213.71757
G1 X203.646 Y195.71 E213.74115
G1 X203.676 Y196.272 E213.75987
G1 X203.729 Y196.655 E213.77273
G1 X203.865 Y197.143 E213.78958
G1 X204.031 Y197.508 E213.80292
G1 X204.247 Y197.884 E213.81734
G1 X204.495 Y198.204 E213.8308
G1 X204.665 Y198.397 E213.83936
G1 X205.048 Y198.765 E213.85702
G1 X205.435 Y199.074 E213.8735
G1 X205.913 Y199.398 E213.8927
G1 X205.921 Y199.42 E213.89348
G1 X206.301 Y199.635 E213.908
G0 F9000 X206.652 Y199.019
G0 X212.011 Y188.198
G0 X212.72 Y188.193
G1 F1500 X212.717 Y187.786 E213.92154
G1 X212.763 Y187.448 E213.93289
G1 X212.858 Y187.123 E213.94415
G1 X213.061 Y186.681 E213.96032
G1 X213.306 Y186.319 E213.97486
G1 X213.672 Y185.97 E213.99168
G1 X214.157 Y185.648 E214.01105
G1 X214.645 Y185.465 E214.02838
G1 X215.07 Y185.39 E214.04273
G1 X215.53 Y185.38 E214.05804
G1 X216.061 Y185.485 E214.07604
G1 X216.559 Y185.683 E214.09387
G1 X216.943 Y185.951 E214.10944
G1 X217.253 Y186.237 E214.12347
G1 X217.534 Y186.591 E214.1385
G1 X217.738 Y186.983 E214.1532
G1 X217.844 Y187.258 E214.163
G1 X217.932 Y187.684 E214.17747
G1 X217.941 Y188.179 E214.19394
G1 X217.855 Y188.665 E214.21035
G1 X217.689 Y189.133 E214.22687
G1 X217.421 Y189.546 E214.24324
G1 X217.174 Y189.834 E214.25586
G1 X216.876 Y190.073 E214.26857
G1 X216.431 Y190.349 E214.28598
G1 X215.926 Y190.522 E214.30374
G1 X215.392 Y190.6 E214.32169
G1 X214.882 Y190.551 E214.33873
G1 X214.567 Y190.472 E214.34953
G1 X214.165 Y190.325 E214.36377
G1 X213.744 Y190.057 E214.38037
G1 X213.457 Y189.813 E214.39289
G1 X213.134 Y189.429 E214.40958
G1 X212.859 Y188.856 E214.43072
G1 X212.721 Y188.367 E214.44762
G1 X212.72 Y188.193 E214.45341
G0 F9000 X212.257 Y188.5
;TYPE:FILL
G1 F3000 X206.539 Y190.032 E214.6503
G0 F9000 X206.734 Y190.15
G0 X208.195 Y187.725
G0 X208 Y187.607
G1 F3000 X218.255 Y197.862 E215.13266
G0 F9000 X218.08 Y197.718
G0 X216.217 Y199.65
G0 X216.358 Y199.824
G1 F3000 X211.682 Y201.077 E215.29367
G0 F9000 X211.715 Y200.852
G0 X213.053 Y200.933
G0 X213.066 Y201.158
G1 F3000 X204.911 Y193.003 E215.67726
G0 F9000 X205.118 Y193.103
G0 X204.503 Y196.786
G0 X204.28 Y196.849
G1 F3000 X222.531 Y191.959 E216.3057
G0 F9000 X222.323 Y191.865
G0 X221.753 Y192.936
G0 X221.94 Y193.061
G1 F3000 X218.154 Y189.276 E216.48376
G0 F9000 X218.373 Y189.352
G0 X217.408 Y190.75
G0 X217.34 Y190.313
G1 F3000 X214.507 Y200.887 E216.84786
G0 F9000 X214.436 Y200.672
G0 X208.578 Y199.943
G0 X208.492 Y200.153
G1 F3000 X215.982 Y172.201 E217.81034
G0 F9000 X215.985 Y172.434
G0 X218.627 Y174.406
G0 X218.836 Y174.314
G1 F3000 X212.456 Y176.023 E218.03002
G0 F9000 X212.673 Y175.309
G1 F3000 X221.918 Y184.555 E218.4649
G0 F9000 X221.701 Y184.626
G0 X222.086 Y185.872
G0 X222.305 Y185.807
G1 F3000 X218.221 Y186.902 E218.60554
G1 X218.241 Y186.952
G1 X220.298 Y179.275 E218.86988
G0 F9000 X220.514 Y180.076
G1 F3000 X210.492 Y182.761 E219.21497
G0 F9000 X210.815 Y181.937
G1 F3000 X214.055 Y185.176 E219.36734
G0 F9000 X213.873 Y184.681
;MESH:NONMESH
G0 F300 Z2.2
G0 F9000 X212.824 Y185.882
G0 X212.501 Y186.354
G0 X212.123 Y187.331
G0 X212.096 Y187.974
G0 X212.124 Y188.864
G0 X212.383 Y188.792
;TIME_ELAPSED:335.771847
;LAYER:10
;TYPE:WALL-INNER
;MESH:Rock Wall Hold Knob 1.stl
G1 F1500 X212.356 Y188.703 E219.37044
G1 X212.284 Y188.232 E219.38629
G1 X212.281 Y187.731 E219.40295
G1 X212.341 Y187.299 E219.41746
G1 X212.474 Y186.89 E219.43176
G1 X212.734 Y186.361 E219.45137
G1 X213.039 Y185.975 E219.46773
G1 X213.296 Y185.719 E219.47979
G1 X213.625 Y185.464 E219.49364
G1 X214.028 Y185.233 E219.50909
G1 X214.4 Y185.087 E219.52238
G1 X214.894 Y184.97 E219.53926
G1 X215.437 Y184.929 E219.55738
G1 X216.012 Y185.021 E219.57674
G1 X216.344 Y185.124 E219.5883
G1 X216.816 Y185.325 E219.60537
G1 X217.334 Y185.691 E219.62646
G1 X217.731 Y186.108 E219.64561
G1 X217.99 Y186.489 E219.66094
G1 X218.228 Y187.028 E219.68053
G1 X218.365 Y187.568 E219.69906
G1 X218.387 Y188.265 E219.72226
G1 X218.252 Y188.874 E219.743
G1 X218.106 Y189.254 E219.75654
G1 X217.858 Y189.687 E219.77314
G1 X217.597 Y190.017 E219.78713
G1 X217.375 Y190.231 E219.79739
G1 X217.044 Y190.491 E219.81139
G1 X216.675 Y190.709 E219.82564
G1 X216.178 Y190.914 E219.84352
G1 X215.676 Y191.014 E219.86055
G1 X215.061 Y191.037 E219.88102
G1 X214.432 Y190.903 E219.90241
G1 X214.006 Y190.723 E219.91779
G1 X213.513 Y190.438 E219.93673
G1 X213.125 Y190.094 E219.95398
G1 X212.785 Y189.703 E219.97121
G1 X212.477 Y189.096 E219.99385
G1 X212.383 Y188.792 E220.00443
G0 F9000 X212.085 Y188.89
G0 X206.638 Y199.045
G0 X206.478 Y199.32
G1 F1500 X207.21 Y199.707 E220.03197
G1 X208.22 Y200.15 E220.06865
G1 X208.224 Y200.166 E220.0692
G1 X209.223 Y200.546 E220.10475
G1 X210.094 Y200.831 E220.13523
G1 X210.79 Y201.016 E220.15919
G1 X211.315 Y201.13 E220.17706
G1 X211.841 Y201.22 E220.1948
G1 X212.434 Y201.273 E220.21461
G1 X212.716 Y201.283 E220.22399
G1 X212.978 Y201.28 E220.23271
G1 X213.361 Y201.258 E220.24547
G1 X213.617 Y201.226 E220.25405
G1 X214.076 Y201.142 E220.26957
G1 X214.614 Y200.981 E220.28824
G1 X214.885 Y200.877 E220.2979
G1 X215.181 Y200.744 E220.30869
G1 X215.411 Y200.623 E220.31734
G1 X215.681 Y200.463 E220.32777
G1 X215.973 Y200.271 E220.3394
G1 X216.294 Y200.035 E220.35265
G1 X216.645 Y199.743 E220.36784
G1 X217.005 Y199.414 E220.38406
G1 X217.385 Y199.034 E220.40193
G1 X217.796 Y198.58 E220.4223
G1 X218.279 Y198.007 E220.44722
G1 X218.778 Y197.379 E220.4739
G1 X221.093 Y194.382 E220.59986
G1 X221.687 Y193.576 E220.63316
G1 X222.058 Y193.014 E220.65556
G1 X222.342 Y192.532 E220.67416
G1 X222.601 Y191.996 E220.69396
G1 X222.794 Y191.499 E220.7117
G1 X222.883 Y191.193 E220.7223
G1 X222.97 Y190.816 E220.73516
G1 X223.063 Y190.235 E220.75473
G1 X223.088 Y189.628 E220.77494
G1 X223.088 Y189.369 E220.78356
G1 X223.054 Y188.877 E220.79996
G1 X222.992 Y188.321 E220.81857
G1 X222.868 Y187.629 E220.84195
G1 X222.697 Y186.883 E220.8674
G1 X222.608 Y186.539 E220.87922
G1 X222.21 Y185.203 E220.92559
G1 X221.258 Y182.32 E221.02657
G1 X220.717 Y180.557 E221.08791
G1 X220.354 Y179.245 E221.13318
G1 X219.633 Y176.415 E221.23031
G1 X219.399 Y175.619 E221.25791
G1 X219.207 Y175.038 E221.27826
G1 X218.974 Y174.455 E221.29914
G1 X218.756 Y174.004 E221.3158
G1 X218.468 Y173.523 E221.33445
G1 X218.245 Y173.22 E221.34696
G1 X217.96 Y172.915 E221.36085
G1 X217.686 Y172.691 E221.37262
G1 X217.435 Y172.523 E221.38267
G1 X217.107 Y172.355 E221.39492
G1 X216.827 Y172.253 E221.40483
G1 X216.565 Y172.192 E221.41378
G1 X216.286 Y172.156 E221.42314
G1 X215.85 Y172.152 E221.43764
G1 X215.367 Y172.259 E221.45409
G1 X215.129 Y172.341 E221.46247
G1 X214.887 Y172.445 E221.47123
G1 X214.568 Y172.618 E221.4833
G1 X214.272 Y172.831 E221.49543
G1 X214.047 Y173.019 E221.50518
G1 X213.784 Y173.285 E221.51762
G1 X213.602 Y173.502 E221.52704
G1 X213.345 Y173.872 E221.54202
G1 X213.083 Y174.334 E221.55969
G1 X212.824 Y174.896 E221.58027
G1 X212.662 Y175.348 E221.59624
G1 X212.517 Y175.811 E221.61238
G1 X212.255 Y176.798 E221.64634
G1 X211.801 Y178.724 E221.71216
G1 X211.499 Y179.88 E221.75189
G1 X211.229 Y180.783 E221.78324
G1 X210.958 Y181.592 E221.81162
G1 X210.511 Y182.742 E221.85266
G1 X210.203 Y183.456 E221.87852
G1 X209.809 Y184.294 E221.90932
G1 X209.401 Y185.105 E221.93951
G1 X208.897 Y186.039 E221.97481
G1 X208.387 Y186.93 E222.00896
G1 X206.458 Y190.091 E222.13212
G1 X205.979 Y190.895 E222.16325
G1 X205.481 Y191.767 E222.19665
G1 X205.175 Y192.338 E222.2182
G1 X204.794 Y193.119 E222.2471
G1 X204.5 Y193.802 E222.27183
G1 X204.313 Y194.337 E222.29068
G1 X204.21 Y194.705 E222.30339
G1 X204.119 Y195.097 E222.31678
G1 X204.062 Y195.519 E222.33094
G1 X204.041 Y195.805 E222.34048
G1 X204.055 Y196.268 E222.35588
G1 X204.141 Y196.738 E222.37178
G1 X204.252 Y197.105 E222.38453
G1 X204.491 Y197.584 E222.40233
G1 X204.697 Y197.869 E222.41403
G1 X204.895 Y198.102 E222.4242
G1 X205.155 Y198.365 E222.4365
G1 X205.589 Y198.727 E222.4553
G1 X205.841 Y198.905 E222.46556
G1 X205.842 Y198.916 E222.46593
G1 X206.443 Y199.301 E222.48967
G1 X206.478 Y199.32 E222.49099
G0 F9000 X206.282 Y199.669
;TYPE:WALL-OUTER
G1 F1500 X207.036 Y200.067 E222.51935
G1 X208.052 Y200.514 E222.55627
G1 X208.057 Y200.53 E222.55682
G1 X209.088 Y200.923 E222.59352
G1 X209.984 Y201.215 E222.62486
G1 X210.696 Y201.405 E222.64937
G1 X211.239 Y201.523 E222.66786
G1 X211.79 Y201.617 E222.68645
G1 X212.409 Y201.672 E222.70712
G1 X212.711 Y201.683 E222.71717
G1 X212.992 Y201.68 E222.72651
G1 X213.397 Y201.656 E222.74001
G1 X213.677 Y201.622 E222.74939
G1 X214.166 Y201.532 E222.76593
G1 X214.746 Y201.359 E222.78606
G1 X215.039 Y201.247 E222.79649
G1 X215.356 Y201.104 E222.80806
G1 X215.606 Y200.973 E222.81744
G1 X215.893 Y200.802 E222.82856
G1 X216.201 Y200.599 E222.84083
G1 X216.54 Y200.35 E222.85482
G1 X216.908 Y200.045 E222.87071
G1 X217.281 Y199.703 E222.88754
G1 X217.675 Y199.31 E222.90605
G1 X218.097 Y198.844 E222.92696
G1 X218.589 Y198.261 E222.95234
G1 X219.094 Y197.623 E222.9794
G1 X221.432 Y194.596 E223.10661
G1 X222.015 Y193.805 E223.13929
G1 X222.398 Y193.226 E223.16238
G1 X222.695 Y192.721 E223.18187
G1 X222.968 Y192.156 E223.20274
G1 X223.174 Y191.627 E223.22162
G1 X223.27 Y191.293 E223.23318
G1 X223.363 Y190.893 E223.24684
G1 X223.463 Y190.265 E223.26799
G1 X223.488 Y189.636 E223.28893
G1 X223.488 Y189.355 E223.29827
G1 X223.452 Y188.839 E223.31548
G1 X223.385 Y188.285 E223.33404
G1 X223.391 Y188.278 E223.33434
G1 X223.26 Y187.549 E223.35898
G1 X223.095 Y186.826 E223.38364
G1 X222.983 Y186.394 E223.39849
G1 X222.59 Y185.078 E223.44417
G1 X221.64 Y182.203 E223.54488
G1 X221.103 Y180.45 E223.60586
G1 X220.742 Y179.146 E223.65086
G1 X220.019 Y176.309 E223.74823
G1 X219.781 Y175.5 E223.77628
G1 X219.583 Y174.901 E223.79726
G1 X219.34 Y174.293 E223.81904
G1 X219.11 Y173.818 E223.83659
G1 X218.956 Y173.548 E223.84693
G1 X218.798 Y173.297 E223.8568
G1 X218.553 Y172.964 E223.87055
G1 X218.234 Y172.623 E223.88608
G1 X217.924 Y172.369 E223.89941
G1 X217.638 Y172.177 E223.91087
G1 X217.267 Y171.988 E223.92471
G1 X216.942 Y171.869 E223.93622
G1 X216.636 Y171.798 E223.94667
G1 X216.314 Y171.756 E223.95747
G1 X215.947 Y171.753 E223.96968
G1 X215.653 Y171.786 E223.97952
G1 X215.259 Y171.873 E223.99294
G1 X214.985 Y171.967 E224.00257
G1 X214.712 Y172.085 E224.01247
G1 X214.355 Y172.278 E224.02596
G1 X214.027 Y172.515 E224.03942
G1 X213.776 Y172.724 E224.05029
G1 X213.488 Y173.015 E224.0639
G1 X213.284 Y173.258 E224.07446
G1 X213.006 Y173.659 E224.09069
G1 X212.727 Y174.152 E224.10953
G1 X212.454 Y174.744 E224.13121
G1 X212.282 Y175.22 E224.14804
G1 X212.133 Y175.7 E224.16476
G1 X211.867 Y176.701 E224.19921
G1 X211.414 Y178.623 E224.26489
G1 X211.116 Y179.766 E224.30417
G1 X210.85 Y180.656 E224.33507
G1 X210.584 Y181.451 E224.36295
G1 X210.144 Y182.584 E224.40338
G1 X209.841 Y183.286 E224.42881
G1 X209.451 Y184.114 E224.45925
G1 X209.049 Y184.915 E224.48906
G1 X208.55 Y185.84 E224.52401
G1 X208.044 Y186.724 E224.55789
G1 X206.103 Y189.906 E224.68186
G1 X205.633 Y190.693 E224.71235
G1 X205.131 Y191.573 E224.74605
G1 X204.819 Y192.156 E224.76804
G1 X204.43 Y192.952 E224.79751
G1 X204.127 Y193.657 E224.82303
G1 X203.931 Y194.217 E224.84276
G1 X203.822 Y194.606 E224.8562
G1 X203.725 Y195.025 E224.8705
G1 X203.664 Y195.477 E224.88567
G1 X203.641 Y195.797 E224.89634
G1 X203.656 Y196.31 E224.91341
G1 X203.751 Y196.832 E224.93106
G1 X203.879 Y197.253 E224.9457
G1 X204.148 Y197.792 E224.96573
G1 X204.382 Y198.116 E224.97903
G1 X204.6 Y198.372 E224.99021
G1 X204.881 Y198.657 E225.00352
G1 X205.136 Y198.878 E225.01474
G1 X205.349 Y199.047 E225.02379
G1 X205.603 Y199.227 E225.03414
G1 X205.605 Y199.239 E225.03455
G1 X206.241 Y199.647 E225.05968
G1 X206.282 Y199.669 E225.06123
G0 F9000 X206.643 Y199.048
G0 X211.954 Y188.495
G0 X212.686 Y188.253
G1 F1500 X212.677 Y187.785 E225.07679
G1 X212.732 Y187.385 E225.09022
G1 X212.865 Y186.989 E225.10412
G1 X213.085 Y186.561 E225.12012
G1 X213.322 Y186.258 E225.13292
G1 X213.573 Y186.008 E225.1447
G1 X213.829 Y185.808 E225.15551
G1 X214.174 Y185.605 E225.16882
G1 X214.543 Y185.461 E225.18199
G1 X214.976 Y185.362 E225.19677
G1 X215.413 Y185.332 E225.21134
G1 X215.898 Y185.404 E225.22764
G1 X216.166 Y185.484 E225.23695
G1 X216.636 Y185.688 E225.25399
G1 X217.056 Y185.984 E225.27108
G1 X217.426 Y186.371 E225.28889
G1 X217.647 Y186.701 E225.3021
G1 X217.835 Y187.117 E225.31728
G1 X217.964 Y187.615 E225.33439
G1 X217.983 Y188.244 E225.35532
G1 X217.861 Y188.788 E225.37386
G1 X217.742 Y189.088 E225.3846
G1 X217.534 Y189.452 E225.39854
G1 X217.306 Y189.742 E225.41081
G1 X217.083 Y189.955 E225.42107
G1 X216.799 Y190.175 E225.43302
G1 X216.476 Y190.362 E225.44543
G1 X216.044 Y190.533 E225.46088
G1 X215.644 Y190.613 E225.47445
G1 X215.11 Y190.636 E225.49223
G1 X214.557 Y190.523 E225.511
G1 X214.173 Y190.359 E225.52489
G1 X213.777 Y190.135 E225.54002
G1 X213.417 Y189.821 E225.55591
G1 X213.129 Y189.49 E225.5705
G1 X212.857 Y188.971 E225.58999
G1 X212.75 Y188.637 E225.60166
G1 X212.686 Y188.253 E225.6146
G0 F9000 X212.264 Y188.644
;TYPE:FILL
G1 F3000 X206.493 Y190.19 E225.81332
G0 F9000 X206.69 Y190.308
G0 X205.202 Y192.991
G0 X204.995 Y192.888
G1 F3000 X213.288 Y201.181 E226.20339
G0 F9000 X213.276 Y200.954
G0 X214.268 Y200.769
G0 X214.335 Y200.981
G1 F3000 X217.139 Y190.518 E226.56367
G0 F9000 X217.278 Y190.702
G0 X217.932 Y189.976
G0 X218.449 Y189.238
G0 X218.23 Y189.152
G1 F3000 X222.013 Y192.935 E226.74161
G0 F9000 X222.449 Y192.127
G1 F3000 X204.3 Y196.99 E227.36655
G0 F9000 X204.521 Y196.923
G0 X208.441 Y199.914
G0 X208.352 Y200.129
G1 F3000 X215.825 Y172.241 E228.32683
G0 F9000 X215.849 Y172.479
G0 X218.677 Y174.546
G0 X218.882 Y174.447
G1 F3000 X212.509 Y176.155 E228.54628
G0 F9000 X212.789 Y175.226
G1 F3000 X221.81 Y184.247 E228.9706
G0 F9000 X221.593 Y184.318
G0 X222.128 Y186.007
G0 X222.348 Y185.942
G1 F3000 X218.31 Y187.024 E229.10964
G0 F9000 X218.166 Y186.687
G1 F3000 X220.217 Y179.031 E229.37326
G0 F9000 X219.998 Y179.086
G0 X220.322 Y180.275
G0 X220.541 Y180.215
G1 F3000 X210.532 Y182.896 E229.71789
G0 F9000 X210.745 Y182.989
G0 X211.157 Y181.943
G0 X210.939 Y181.862
G1 F3000 X214.169 Y185.092 E229.86982
G0 F9000 X214.087 Y184.881
G0 X208.319 Y187.646
G0 X208.118 Y187.525
G1 F3000 X218.364 Y197.772 E230.35179
G0 F9000 X218.186 Y197.629
G0 X216.049 Y199.834
G0 X216.183 Y200.017
G1 F3000 X211.956 Y201.15 E230.49734
G0 F9000 X212.026 Y200.628
;MESH:NONMESH
G0 F300 Z2.4
G0 F9000 X212.092 Y188.91
G0 X212.368 Y188.819
;TIME_ELAPSED:350.591440
;LAYER:11
;TYPE:WALL-INNER
;MESH:Rock Wall Hold Knob 1.stl
G1 F1500 X212.283 Y188.406 E230.51137
G1 X212.244 Y187.852 E230.52984
G1 X212.344 Y187.202 E230.55171
G1 X212.534 Y186.706 E230.56938
G1 X212.756 Y186.314 E230.58436
G1 X213.024 Y185.966 E230.59897
G1 X213.286 Y185.697 E230.61146
G1 X213.73 Y185.369 E230.62982
G1 X214.191 Y185.141 E230.64692
G1 X214.589 Y185.012 E230.66084
G1 X214.97 Y184.944 E230.67371
G1 X215.428 Y184.922 E230.68896
G1 X215.884 Y184.977 E230.70424
G1 X216.3 Y185.087 E230.71855
G1 X216.834 Y185.313 E230.73784
G1 X217.329 Y185.68 E230.75833
G1 X217.652 Y185.98 E230.77299
G1 X218.025 Y186.504 E230.79439
G1 X218.208 Y186.93 E230.80981
G1 X218.333 Y187.358 E230.82464
G1 X218.396 Y187.841 E230.84084
G1 X218.389 Y188.213 E230.85321
G1 X218.341 Y188.577 E230.86543
G1 X218.219 Y189.023 E230.8808
G1 X217.976 Y189.538 E230.89974
G1 X217.726 Y189.891 E230.91413
G1 X217.488 Y190.151 E230.92586
G1 X217.201 Y190.401 E230.93851
G1 X216.779 Y190.687 E230.95547
G1 X216.285 Y190.899 E230.97335
G1 X215.761 Y191.021 E230.99124
G1 X215.289 Y191.064 E231.00701
G1 X214.784 Y191.005 E231.02392
G1 X214.403 Y190.905 E231.03702
G1 X213.871 Y190.691 E231.05609
G1 X213.415 Y190.377 E231.07451
G1 X213.107 Y190.095 E231.0884
G1 X212.772 Y189.717 E231.1052
G1 X212.504 Y189.198 E231.12462
G1 X212.372 Y188.836 E231.13744
G1 X212.368 Y188.819 E231.13802
G0 F9000 X212.068 Y188.881
G0 X206.632 Y199.066
G0 X206.473 Y199.329
G1 F1500 X206.532 Y199.365 E231.14032
G1 X207.103 Y199.668 E231.16182
G1 X207.5 Y199.858 E231.17646
G1 X208.162 Y200.151 E231.20054
G1 X208.639 Y200.343 E231.21764
G1 X209.569 Y200.679 E231.25053
G1 X210.066 Y200.836 E231.26786
G1 X210.756 Y201.025 E231.29166
G1 X211.309 Y201.146 E231.31048
G1 X211.894 Y201.24 E231.33019
G1 X212.46 Y201.296 E231.34911
G1 X212.809 Y201.303 E231.36072
G1 X213.187 Y201.296 E231.37329
G1 X213.718 Y201.242 E231.39105
G1 X214.148 Y201.149 E231.40568
G1 X214.432 Y201.067 E231.41551
G1 X214.687 Y200.981 E231.42446
G1 X215.065 Y200.828 E231.43802
G1 X215.383 Y200.669 E231.44985
G1 X215.602 Y200.547 E231.45819
G1 X215.871 Y200.378 E231.46875
G1 X216.251 Y200.102 E231.48437
G1 X216.72 Y199.712 E231.50466
G1 X217.02 Y199.435 E231.51824
G1 X217.385 Y199.069 E231.53543
G1 X218.08 Y198.277 E231.57048
G1 X218.467 Y197.797 E231.59099
G1 X221.18 Y194.238 E231.73983
G1 X221.667 Y193.577 E231.76714
G1 X222.049 Y192.996 E231.79027
G1 X222.324 Y192.521 E231.80852
G1 X222.509 Y192.158 E231.82207
G1 X222.612 Y191.925 E231.83054
G1 X222.787 Y191.458 E231.84713
G1 X222.884 Y191.144 E231.85806
G1 X222.981 Y190.721 E231.8725
G1 X223.061 Y190.172 E231.89095
G1 X223.083 Y189.631 E231.90896
G1 X223.08 Y189.359 E231.91801
G1 X223.061 Y188.984 E231.93049
G1 X222.97 Y188.225 E231.95592
G1 X222.887 Y187.755 E231.97179
G1 X222.778 Y187.238 E231.98937
G1 X222.687 Y186.866 E232.0021
G1 X222.502 Y186.187 E232.02551
G1 X222.2 Y185.203 E232.05975
G1 X221.263 Y182.371 E232.15896
G1 X220.746 Y180.715 E232.21666
G1 X220.455 Y179.683 E232.25232
G1 X219.589 Y176.355 E232.3667
G1 X219.406 Y175.721 E232.38865
G1 X219.217 Y175.141 E232.40894
G1 X219.113 Y174.86 E232.4189
G1 X218.906 Y174.368 E232.43666
G1 X218.694 Y173.946 E232.45236
G1 X218.518 Y173.652 E232.46376
G1 X218.363 Y173.425 E232.4729
G1 X218.113 Y173.121 E232.48599
G1 X217.863 Y172.865 E232.49789
G1 X217.589 Y172.66 E232.50928
G1 X217.171 Y172.423 E232.52526
G1 X216.795 Y172.275 E232.5387
G1 X216.483 Y172.221 E232.54923
G1 X216.07 Y172.19 E232.563
G1 X215.614 Y172.246 E232.57828
G1 X215.24 Y172.354 E232.59123
G1 X214.883 Y172.509 E232.60418
G1 X214.569 Y172.69 E232.61623
G1 X214.34 Y172.853 E232.62558
G1 X214.05 Y173.105 E232.63836
G1 X213.812 Y173.36 E232.64996
G1 X213.653 Y173.553 E232.65828
G1 X213.417 Y173.885 E232.67183
G1 X213.177 Y174.318 E232.68829
G1 X212.997 Y174.716 E232.70282
G1 X212.862 Y175.052 E232.71486
G1 X212.723 Y175.448 E232.72882
G1 X212.578 Y175.923 E232.74534
G1 X212.351 Y176.797 E232.77537
G1 X211.823 Y179.044 E232.85215
G1 X211.457 Y180.367 E232.8978
G1 X211.115 Y181.429 E232.93491
G1 X210.906 Y182.007 E232.95535
G1 X210.49 Y183.047 E232.99261
G1 X210.266 Y183.547 E233.01083
G1 X209.497 Y185.102 E233.06853
G1 X209.292 Y185.494 E233.08324
G1 X208.78 Y186.407 E233.11806
G1 X208.066 Y187.609 E233.16456
G1 X206.355 Y190.371 E233.27262
G1 X205.824 Y191.253 E233.30686
G1 X205.176 Y192.42 E233.35126
G1 X204.779 Y193.217 E233.38087
G1 X204.599 Y193.619 E233.39552
G1 X204.41 Y194.113 E233.41312
G1 X204.232 Y194.659 E233.43222
G1 X204.111 Y195.203 E233.45075
G1 X204.062 Y195.529 E233.46172
G1 X204.034 Y195.946 E233.47562
G1 X204.065 Y196.389 E233.49039
G1 X204.133 Y196.762 E233.503
G1 X204.216 Y197.035 E233.51249
G1 X204.337 Y197.345 E233.52356
G1 X204.549 Y197.696 E233.5372
G1 X204.721 Y197.933 E233.54693
G1 X205.038 Y198.284 E233.56267
G1 X205.33 Y198.547 E233.57574
G1 X205.69 Y198.826 E233.59088
G1 X206.077 Y199.09 E233.60647
G1 X206.473 Y199.329 E233.62185
G0 F9000 X206.277 Y199.678
;TYPE:WALL-OUTER
G1 F1500 X206.335 Y199.713 E233.6241
G1 X206.923 Y200.025 E233.64624
G1 X207.332 Y200.222 E233.66134
G1 X208.006 Y200.519 E233.68584
G1 X208.496 Y200.717 E233.70342
G1 X209.441 Y201.058 E233.73683
G1 X209.953 Y201.22 E233.75469
G1 X210.66 Y201.413 E233.77907
G1 X211.234 Y201.539 E233.79861
G1 X211.842 Y201.637 E233.8191
G1 X212.436 Y201.696 E233.83895
G1 X212.809 Y201.703 E233.85136
G1 X213.211 Y201.696 E233.86473
G1 X213.78 Y201.638 E233.88375
G1 X214.246 Y201.537 E233.89961
G1 X214.552 Y201.449 E233.9102
G1 X214.826 Y201.356 E233.91983
G1 X215.229 Y201.193 E233.93429
G1 X215.57 Y201.023 E233.94696
G1 X215.806 Y200.891 E233.95595
G1 X216.095 Y200.71 E233.9673
G1 X216.497 Y200.418 E233.98382
G1 X216.984 Y200.013 E234.00489
G1 X217.297 Y199.723 E234.01908
G1 X217.677 Y199.343 E234.03695
G1 X218.386 Y198.535 E234.07271
G1 X218.782 Y198.044 E234.09369
G1 X221.502 Y194.475 E234.24294
G1 X221.995 Y193.805 E234.2706
G1 X222.389 Y193.206 E234.29445
G1 X222.676 Y192.712 E234.31345
G1 X222.871 Y192.33 E234.32772
G1 X222.982 Y192.076 E234.33694
G1 X223.166 Y191.587 E234.35431
G1 X223.27 Y191.248 E234.36611
G1 X223.375 Y190.795 E234.38157
G1 X223.46 Y190.209 E234.40127
G1 X223.483 Y189.637 E234.42031
G1 X223.48 Y189.347 E234.42995
G1 X223.46 Y188.95 E234.44318
G1 X223.366 Y188.166 E234.46944
G1 X223.272 Y187.641 E234.48718
G1 X223.167 Y187.144 E234.50407
G1 X223.073 Y186.761 E234.51719
G1 X222.884 Y186.07 E234.54102
G1 X222.58 Y185.077 E234.57556
G1 X221.645 Y182.252 E234.67453
G1 X221.131 Y180.607 E234.73185
G1 X220.842 Y179.583 E234.76724
G1 X219.987 Y176.293 E234.8803
G1 X219.788 Y175.603 E234.90419
G1 X219.595 Y175.01 E234.92493
G1 X219.485 Y174.714 E234.93543
G1 X219.27 Y174.2 E234.95396
G1 X219.044 Y173.753 E234.97062
G1 X218.855 Y173.436 E234.9829
G1 X218.683 Y173.185 E234.99302
G1 X218.411 Y172.854 E235.00726
G1 X218.127 Y172.563 E235.02079
G1 X217.815 Y172.33 E235.03374
G1 X217.585 Y172.187 E235.04275
G1 X217.337 Y172.059 E235.05203
G1 X217.062 Y171.95 E235.06187
G1 X216.79 Y171.868 E235.07132
G1 X216.531 Y171.823 E235.08006
G1 X216.051 Y171.789 E235.09607
G1 X215.533 Y171.853 E235.11343
G1 X215.104 Y171.977 E235.12828
G1 X214.703 Y172.151 E235.14282
G1 X214.353 Y172.353 E235.15626
G1 X214.092 Y172.538 E235.1669
G1 X213.772 Y172.817 E235.18102
G1 X213.511 Y173.096 E235.19373
G1 X213.335 Y173.31 E235.20294
G1 X213.083 Y173.664 E235.2174
G1 X212.819 Y174.138 E235.23544
G1 X212.629 Y174.559 E235.2508
G1 X212.488 Y174.911 E235.26342
G1 X212.343 Y175.323 E235.27794
G1 X212.193 Y175.815 E235.29505
G1 X211.963 Y176.701 E235.3255
G1 X211.437 Y178.938 E235.40193
G1 X211.076 Y180.245 E235.44703
G1 X210.739 Y181.293 E235.48364
G1 X210.534 Y181.859 E235.50366
G1 X210.115 Y182.906 E235.54117
G1 X209.908 Y183.369 E235.55804
G1 X209.127 Y184.946 E235.61657
G1 X208.943 Y185.298 E235.62978
G1 X208.436 Y186.203 E235.66428
G1 X207.726 Y187.398 E235.71051
G1 X206.012 Y190.165 E235.81877
G1 X205.478 Y191.053 E235.85324
G1 X204.822 Y192.234 E235.89817
G1 X204.417 Y193.046 E235.92835
G1 X204.229 Y193.465 E235.94362
G1 X204.033 Y193.979 E235.96192
G1 X203.846 Y194.553 E235.982
G1 X203.717 Y195.129 E236.00163
G1 X203.664 Y195.486 E236.01364
G1 X203.633 Y195.947 E236.029
G1 X203.667 Y196.439 E236.04541
G1 X203.743 Y196.856 E236.0595
G1 X203.838 Y197.166 E236.07029
G1 X203.977 Y197.523 E236.08303
G1 X204.215 Y197.917 E236.09834
G1 X204.406 Y198.18 E236.10915
G1 X204.573 Y198.377 E236.11774
G1 X204.76 Y198.572 E236.12673
G1 X205.073 Y198.854 E236.14074
G1 X205.454 Y199.15 E236.15679
G1 X205.861 Y199.427 E236.17316
G1 X206.277 Y199.678 E236.18932
G0 F9000 X206.641 Y199.071
G0 X211.967 Y188.325
G0 X212.673 Y188.275
G1 F1500 X212.648 Y187.893 E236.20205
G1 X212.74 Y187.287 E236.22244
G1 X212.884 Y186.899 E236.2362
G1 X213.06 Y186.579 E236.24835
G1 X213.312 Y186.244 E236.26229
G1 X213.556 Y185.992 E236.27396
G1 X213.955 Y185.704 E236.29033
G1 X214.363 Y185.503 E236.30545
G1 X214.692 Y185.398 E236.31694
G1 X214.963 Y185.347 E236.32611
G1 X215.433 Y185.325 E236.34176
G1 X215.831 Y185.373 E236.3551
G1 X216.172 Y185.466 E236.36685
G1 X216.654 Y185.678 E236.38436
G1 X217.057 Y185.973 E236.40098
G1 X217.337 Y186.233 E236.41368
G1 X217.68 Y186.716 E236.43339
G1 X217.849 Y187.113 E236.44774
G1 X217.946 Y187.458 E236.45966
G1 X217.996 Y187.873 E236.47356
G1 X217.991 Y188.167 E236.48334
G1 X217.954 Y188.475 E236.49366
G1 X217.842 Y188.889 E236.50792
G1 X217.638 Y189.324 E236.5239
G1 X217.418 Y189.636 E236.5366
G1 X217.207 Y189.865 E236.54696
G1 X216.987 Y190.063 E236.5568
G1 X216.572 Y190.34 E236.5734
G1 X216.14 Y190.523 E236.589
G1 X215.748 Y190.619 E236.60243
G1 X215.299 Y190.664 E236.61743
G1 X214.849 Y190.61 E236.63251
G1 X214.534 Y190.527 E236.64334
G1 X214.067 Y190.342 E236.66005
G1 X213.647 Y190.051 E236.67704
G1 X213.406 Y189.829 E236.68794
G1 X213.12 Y189.507 E236.70227
G1 X212.886 Y189.074 E236.71864
G1 X212.764 Y188.754 E236.73003
G1 X212.678 Y188.344 E236.74396
G1 X212.673 Y188.275 E236.74626
G0 F9000 X212.28 Y188.787
;TYPE:FILL
G1 F3000 X206.465 Y190.345 E236.94649
G0 F9000 X206.659 Y190.467
G0 X205.293 Y192.883
G0 X205.086 Y192.779
G1 F3000 X213.493 Y201.185 E237.34191
G0 F9000 X214.167 Y201.061
G1 F3000 X216.952 Y190.666 E237.69984
G0 F9000 X217.083 Y190.858
G0 X217.932 Y190.042
G0 X218.53 Y189.081
G0 X218.299 Y189.021
G1 F3000 X222.073 Y192.795 E237.87736
G0 F9000 X222.345 Y192.301
G1 F3000 X204.338 Y197.126 E238.4974
G0 F9000 X204.551 Y197.043
G0 X208.301 Y199.877
G0 X208.217 Y200.084
G1 F3000 X215.656 Y172.322 E239.45334
G0 F9000 X215.685 Y172.548
G0 X213.13 Y175.225
G0 X212.912 Y175.148
G1 F3000 X221.695 Y183.931 E239.86647
G0 F9000 X221.478 Y184.002
G0 X222.167 Y186.145
G0 X222.384 Y186.079
G1 F3000 X218.36 Y187.157 E240.00503
G0 F9000 X218.083 Y186.448
G1 F3000 X220.137 Y178.781 E240.26902
G0 F9000 X219.916 Y178.838
G0 X220.343 Y180.417
G0 X220.562 Y180.356
G1 F3000 X210.583 Y183.03 E240.61264
G0 F9000 X210.791 Y183.122
G0 X211.286 Y181.87
G0 X211.069 Y181.79
G1 F3000 X214.3 Y185.022 E240.76464
G0 F9000 X214.231 Y184.802
G0 X208.446 Y187.574
G0 X208.249 Y187.456
G1 F3000 X218.463 Y197.67 E241.24507
G0 F9000 X218.283 Y197.532
G0 X215.806 Y200.046
G0 X215.937 Y200.23
G1 F3000 X212.312 Y201.201 E241.36989
G0 F9000 X212.334 Y200.973
G0 X211.743 Y188.198
G0 X212.786 Y176.345
G0 X212.566 Y176.287
G1 F3000 X218.912 Y174.586 E241.58841
G0 F9000 X218.423 Y174.79
;MESH:NONMESH
G0 F300 Z2.6
G0 F9000 X212.466 Y186.155
G0 X211.743 Y188.198
G0 X212.069 Y188.888
G0 X212.364 Y188.827
;TIME_ELAPSED:365.788996
;LAYER:12
;TYPE:WALL-INNER
;MESH:Rock Wall Hold Knob 1.stl
G1 F1500 X212.297 Y188.53 E241.59854
G1 X212.241 Y188.12 E241.6123
G1 X212.273 Y187.608 E241.62936
G1 X212.373 Y187.106 E241.64639
G1 X212.503 Y186.743 E241.65921
G1 X212.777 Y186.251 E241.67794
G1 X213.132 Y185.843 E241.69593
G1 X213.397 Y185.601 E241.70787
G1 X213.812 Y185.304 E241.72484
G1 X214.316 Y185.088 E241.74308
G1 X214.838 Y184.951 E241.76103
G1 X215.345 Y184.916 E241.77793
G1 X215.663 Y184.934 E241.78852
G1 X216.078 Y185.01 E241.80256
G1 X216.502 Y185.156 E241.81747
G1 X216.826 Y185.307 E241.82936
G1 X217.26 Y185.606 E241.84689
G1 X217.548 Y185.871 E241.85991
G1 X217.788 Y186.15 E241.87215
G1 X218.089 Y186.63 E241.89099
G1 X218.239 Y186.997 E241.90418
G1 X218.334 Y187.339 E241.91598
G1 X218.4 Y187.85 E241.93312
G1 X218.393 Y188.209 E241.94506
G1 X218.344 Y188.596 E241.95804
G1 X218.231 Y189.009 E241.97228
G1 X217.994 Y189.523 E241.9911
G1 X217.751 Y189.879 E242.00544
G1 X217.504 Y190.146 E242.01754
G1 X217.205 Y190.406 E242.03072
G1 X216.837 Y190.647 E242.04535
G1 X216.392 Y190.865 E242.06183
G1 X216.042 Y190.971 E242.07399
G1 X215.552 Y191.066 E242.09059
G1 X214.918 Y191.046 E242.11169
G1 X214.41 Y190.916 E242.12913
G1 X214.009 Y190.754 E242.14352
G1 X213.689 Y190.579 E242.15565
G1 X213.376 Y190.354 E242.16847
G1 X213.014 Y190.003 E242.18524
G1 X212.751 Y189.667 E242.19943
G1 X212.507 Y189.242 E242.21573
G1 X212.371 Y188.858 E242.22928
G1 X212.364 Y188.827 E242.23034
G0 F9000 X212.064 Y188.897
G0 X206.622 Y199.068
G0 X206.469 Y199.335
G1 F1500 X206.728 Y199.482 E242.24024
G1 X207.285 Y199.763 E242.26099
G1 X207.822 Y200.01 E242.28065
G1 X208.888 Y200.445 E242.31894
G1 X209.564 Y200.676 E242.3427
G1 X210.322 Y200.904 E242.36903
G1 X211.143 Y201.105 E242.39714
G1 X211.646 Y201.199 E242.41416
G1 X212.099 Y201.263 E242.42938
G1 X212.495 Y201.296 E242.4426
G1 X212.87 Y201.304 E242.45507
G1 X213.146 Y201.296 E242.46426
G1 X213.776 Y201.234 E242.48531
G1 X214.25 Y201.127 E242.50147
G1 X214.784 Y200.954 E242.52014
G1 X215.035 Y200.851 E242.52917
G1 X215.386 Y200.681 E242.54214
G1 X215.675 Y200.514 E242.55324
G1 X216.113 Y200.223 E242.57073
G1 X216.585 Y199.843 E242.59088
G1 X217.049 Y199.421 E242.61174
G1 X217.54 Y198.911 E242.63529
G1 X218.12 Y198.238 E242.66484
G1 X218.505 Y197.746 E242.68562
G1 X220.988 Y194.46 E242.8226
G1 X221.483 Y193.787 E242.85039
G1 X221.76 Y193.387 E242.86657
G1 X222.116 Y192.827 E242.88864
G1 X222.338 Y192.432 E242.90372
G1 X222.605 Y191.869 E242.92444
G1 X222.796 Y191.338 E242.94321
G1 X222.875 Y191.068 E242.95257
G1 X222.966 Y190.675 E242.96598
G1 X223.012 Y190.364 E242.97644
G1 X223.049 Y190.006 E242.98841
G1 X223.067 Y189.629 E243.00096
G1 X223.052 Y189.073 E243.01946
G1 X223 Y188.51 E243.03827
G1 X222.955 Y188.188 E243.04908
G1 X222.876 Y187.757 E243.06366
G1 X222.691 Y186.943 E243.09142
G1 X222.495 Y186.214 E243.11653
G1 X221.993 Y184.617 E243.17221
G1 X221.377 Y182.781 E243.23662
G1 X221.057 Y181.795 E243.2711
G1 X220.552 Y180.13 E243.32896
G1 X220.094 Y178.444 E243.38707
G1 X219.6 Y176.497 E243.45388
G1 X219.406 Y175.816 E243.47743
G1 X219.115 Y174.95 E243.50782
G1 X218.923 Y174.48 E243.52471
G1 X218.755 Y174.129 E243.53765
G1 X218.558 Y173.78 E243.55098
G1 X218.356 Y173.472 E243.56323
G1 X218.179 Y173.247 E243.57275
G1 X217.924 Y172.983 E243.58496
G1 X217.688 Y172.783 E243.59525
G1 X217.456 Y172.625 E243.60458
G1 X217.117 Y172.451 E243.61726
G1 X216.865 Y172.357 E243.6262
G1 X216.463 Y172.267 E243.6399
G1 X216.054 Y172.254 E243.65351
G1 X215.747 Y172.286 E243.66378
G1 X215.417 Y172.361 E243.67504
G1 X215.174 Y172.448 E243.68362
G1 X214.762 Y172.643 E243.69878
G1 X214.47 Y172.839 E243.71048
G1 X214.191 Y173.067 E243.72246
G1 X213.904 Y173.364 E243.7362
G1 X213.627 Y173.726 E243.75136
G1 X213.484 Y173.948 E243.76014
G1 X213.224 Y174.42 E243.77807
G1 X212.991 Y174.96 E243.79763
G1 X212.834 Y175.401 E243.8132
G1 X212.674 Y175.922 E243.83132
G1 X212.404 Y176.993 E243.86806
G1 X212.091 Y178.359 E243.91467
G1 X211.871 Y179.258 E243.94545
G1 X211.628 Y180.151 E243.97624
G1 X211.445 Y180.764 E243.99751
G1 X211.125 Y181.715 E244.03089
G1 X210.789 Y182.591 E244.06209
G1 X210.269 Y183.769 E244.10492
G1 X209.984 Y184.359 E244.12671
G1 X209.264 Y185.735 E244.17837
G1 X208.796 Y186.541 E244.20936
G1 X208.193 Y187.547 E244.24837
G1 X206.215 Y190.712 E244.37251
G1 X205.568 Y191.805 E244.41475
G1 X205.151 Y192.553 E244.44324
G1 X205.156 Y192.562 E244.44358
G1 X204.872 Y193.111 E244.46414
G1 X204.601 Y193.706 E244.48588
G1 X204.418 Y194.175 E244.50263
G1 X204.236 Y194.732 E244.52212
G1 X204.113 Y195.278 E244.54073
G1 X204.055 Y195.767 E244.55711
G1 X204.045 Y196.023 E244.56563
G1 X204.07 Y196.392 E244.57793
G1 X204.12 Y196.733 E244.5894
G1 X204.223 Y197.075 E244.60128
G1 X204.336 Y197.353 E244.61126
G1 X204.533 Y197.69 E244.62424
G1 X204.745 Y197.989 E244.63643
G1 X205.037 Y198.295 E244.6505
G1 X205.427 Y198.641 E244.66784
G1 X205.796 Y198.915 E244.68313
G1 X206.229 Y199.199 E244.70035
G1 X206.469 Y199.335 E244.70953
G0 F9000 X206.273 Y199.684
;TYPE:WALL-OUTER
G1 F1500 X206.539 Y199.835 E244.7197
G1 X207.111 Y200.123 E244.741
G1 X207.661 Y200.376 E244.76113
G1 X208.273 Y200.632 E244.7832
G1 X208.75 Y200.82 E244.80025
G1 X209.442 Y201.057 E244.82458
G1 X210.217 Y201.29 E244.8515
G1 X211.059 Y201.496 E244.88033
G1 X211.581 Y201.594 E244.89799
G1 X212.055 Y201.661 E244.91391
G1 X212.475 Y201.696 E244.92793
G1 X212.871 Y201.704 E244.94111
G1 X213.171 Y201.696 E244.95109
G1 X213.84 Y201.63 E244.97345
G1 X214.352 Y201.514 E244.99091
G1 X214.646 Y201.425 E245.00112
G1 X214.925 Y201.328 E245.01095
G1 X215.198 Y201.217 E245.02075
G1 X215.574 Y201.035 E245.03464
G1 X215.886 Y200.854 E245.04664
G1 X216.349 Y200.546 E245.06514
G1 X216.845 Y200.147 E245.08631
G1 X217.328 Y199.708 E245.10802
G1 X217.836 Y199.181 E245.13236
G1 X218.429 Y198.492 E245.1626
G1 X218.824 Y197.987 E245.18392
G1 X221.31 Y194.697 E245.32107
G1 X221.809 Y194.019 E245.34907
G1 X222.093 Y193.609 E245.36566
G1 X222.46 Y193.033 E245.38838
G1 X222.694 Y192.616 E245.40428
G1 X222.975 Y192.023 E245.42611
G1 X223.177 Y191.462 E245.44594
G1 X223.262 Y191.169 E245.45609
G1 X223.359 Y190.75 E245.47039
G1 X223.409 Y190.414 E245.48169
G1 X223.448 Y190.036 E245.49433
G1 X223.467 Y189.633 E245.50775
G1 X223.452 Y189.049 E245.52718
G1 X223.397 Y188.464 E245.54672
G1 X223.35 Y188.124 E245.55814
G1 X223.268 Y187.677 E245.57325
G1 X223.089 Y186.888 E245.60016
G1 X222.867 Y186.063 E245.62858
G1 X222.372 Y184.49 E245.68343
G1 X221.757 Y182.658 E245.7477
G1 X221.44 Y181.679 E245.78193
G1 X220.938 Y180.025 E245.83942
G1 X220.482 Y178.346 E245.89728
G1 X219.97 Y176.334 E245.96633
G1 X219.788 Y175.699 E245.98831
G1 X219.489 Y174.808 E246.01956
G1 X219.289 Y174.318 E246.03717
G1 X219.11 Y173.945 E246.05093
G1 X218.9 Y173.572 E246.06516
G1 X218.681 Y173.238 E246.07845
G1 X218.481 Y172.984 E246.0892
G1 X218.198 Y172.691 E246.10275
G1 X217.93 Y172.464 E246.11443
G1 X217.661 Y172.281 E246.12525
G1 X217.279 Y172.084 E246.13955
G1 X216.979 Y171.973 E246.15019
G1 X216.514 Y171.868 E246.16604
G1 X216.04 Y171.853 E246.18182
G1 X215.681 Y171.89 E246.19382
G1 X215.305 Y171.977 E246.20666
G1 X215.021 Y172.078 E246.21668
G1 X214.564 Y172.295 E246.23351
G1 X214.232 Y172.517 E246.24679
G1 X213.92 Y172.772 E246.26019
G1 X213.6 Y173.103 E246.27551
G1 X213.3 Y173.496 E246.29195
G1 X213.14 Y173.743 E246.30174
G1 X212.864 Y174.244 E246.32076
G1 X212.619 Y174.814 E246.3414
G1 X212.454 Y175.275 E246.35768
G1 X212.289 Y175.814 E246.37643
G1 X212.015 Y176.899 E246.41365
G1 X211.703 Y178.264 E246.46022
G1 X211.485 Y179.153 E246.49067
G1 X211.244 Y180.037 E246.52114
G1 X211.066 Y180.636 E246.54193
G1 X210.751 Y181.572 E246.57477
G1 X210.411 Y182.457 E246.60631
G1 X209.909 Y183.595 E246.64768
G1 X209.63 Y184.173 E246.66902
G1 X208.909 Y185.549 E246.72069
G1 X208.452 Y186.335 E246.75093
G1 X207.854 Y187.335 E246.78968
G1 X205.899 Y190.461 E246.91231
G1 X205.254 Y191.548 E246.95435
G1 X204.79 Y192.378 E246.98598
G1 X204.796 Y192.388 E246.98637
G1 X204.512 Y192.936 E247.0069
G1 X204.233 Y193.55 E247.02933
G1 X204.041 Y194.04 E247.04683
G1 X203.85 Y194.626 E247.06733
G1 X203.718 Y195.21 E247.08725
G1 X203.656 Y195.736 E247.10486
G1 X203.645 Y196.029 E247.11461
G1 X203.672 Y196.434 E247.12811
G1 X203.728 Y196.82 E247.14109
G1 X203.845 Y197.209 E247.1546
G1 X203.976 Y197.531 E247.16616
G1 X204.197 Y197.907 E247.18067
G1 X204.435 Y198.244 E247.19439
G1 X204.759 Y198.583 E247.20998
G1 X205.175 Y198.952 E247.22848
G1 X205.567 Y199.243 E247.24472
G1 X206.021 Y199.541 E247.26278
G1 X206.273 Y199.684 E247.27242
G0 F9000 X206.625 Y199.07
G0 X211.965 Y188.383
G0 X212.667 Y188.287
G1 F1500 X212.645 Y188.124 E247.27789
G1 X212.672 Y187.637 E247.29411
G1 X212.759 Y187.212 E247.30854
G1 X212.877 Y186.894 E247.31982
G1 X213.116 Y186.469 E247.33604
G1 X213.406 Y186.134 E247.35077
G1 X213.631 Y185.925 E247.36099
G1 X214.017 Y185.648 E247.37679
G1 X214.438 Y185.469 E247.39201
G1 X214.891 Y185.348 E247.4076
G1 X215.323 Y185.316 E247.42201
G1 X215.624 Y185.332 E247.43203
G1 X215.992 Y185.4 E247.44448
G1 X216.333 Y185.518 E247.45648
G1 X216.663 Y185.675 E247.46864
G1 X217.003 Y185.912 E247.48242
G1 X217.294 Y186.183 E247.49565
G1 X217.482 Y186.407 E247.50537
G1 X217.737 Y186.826 E247.52169
G1 X217.857 Y187.118 E247.53219
G1 X217.951 Y187.463 E247.54408
G1 X218.001 Y187.884 E247.55818
G1 X217.995 Y188.166 E247.56756
G1 X217.958 Y188.492 E247.57848
G1 X217.846 Y188.897 E247.59245
G1 X217.644 Y189.328 E247.60828
G1 X217.418 Y189.654 E247.62148
G1 X217.219 Y189.865 E247.63112
G1 X216.981 Y190.074 E247.64166
G1 X216.661 Y190.288 E247.65446
G1 X216.23 Y190.496 E247.67038
G1 X215.905 Y190.593 E247.68166
G1 X215.497 Y190.664 E247.69543
G1 X214.955 Y190.643 E247.71347
G1 X214.528 Y190.534 E247.72813
G1 X214.164 Y190.384 E247.74123
G1 X213.887 Y190.231 E247.75175
G1 X213.642 Y190.055 E247.76179
G1 X213.308 Y189.732 E247.77724
G1 X213.098 Y189.468 E247.78846
G1 X212.868 Y189.062 E247.80398
G1 X212.761 Y188.766 E247.81445
G1 X212.693 Y188.476 E247.82435
G1 X212.667 Y188.287 E247.8307
G0 F9000 X212.312 Y188.924
;TYPE:FILL
G1 F3000 X206.444 Y190.496 E248.03275
G0 F9000 X206.638 Y190.619
G0 X205.39 Y192.784
G0 X205.185 Y192.678
G1 F3000 X213.671 Y201.163 E248.43188
G0 F9000 X214.011 Y201.099
G1 F3000 X216.781 Y190.763 E248.78779
G0 F9000 X216.881 Y190.974
G0 X217.673 Y190.331
G0 X218.11 Y189.776
G0 X218.574 Y188.934
G0 X218.352 Y188.875
G1 F3000 X222.126 Y192.648 E248.96529
G1 X222.218 Y192.481
G1 X204.384 Y197.26 E249.57937
G0 F9000 X204.599 Y197.175
G0 X208.173 Y199.824
G0 X208.086 Y200.03
G1 F3000 X215.482 Y172.428 E250.52981
G0 F9000 X215.533 Y172.654
G0 X213.255 Y175.151
G0 X213.035 Y175.072
G1 F3000 X221.568 Y183.605 E250.93117
G0 F9000 X221.352 Y183.676
G0 X222.194 Y186.282
G0 X222.413 Y186.217
G1 F3000 X218.404 Y187.292 E251.06922
G0 F9000 X218.662 Y187.181
G0 X218.173 Y186.177
G0 X217.978 Y186.293
G1 F3000 X220.047 Y178.574 E251.33502
G0 F9000 X219.83 Y178.628
G0 X220.363 Y180.561
G0 X220.58 Y180.497
G1 F3000 X210.624 Y183.165 E251.67784
G0 F9000 X210.833 Y183.258
G0 X211.422 Y181.801
G0 X211.205 Y181.727
G1 F3000 X214.449 Y184.971 E251.83043
G0 F9000 X214.349 Y184.737
G0 X208.579 Y187.507
G0 X208.381 Y187.388
G1 F3000 X218.548 Y197.556 E252.30868
G0 F9000 X218.37 Y197.42
G0 X215.481 Y200.269
G0 X215.595 Y200.468
G1 F3000 X212.779 Y201.222 E252.40564
G0 F9000 X212.785 Y200.994
G0 X211.765 Y188.127
G0 X212.855 Y176.472
G0 X212.633 Y176.415
G1 F3000 X218.937 Y174.725 E252.62271
G0 F9000 X218.445 Y174.923
;MESH:NONMESH
G0 F300 Z2.8
G0 F9000 X212.461 Y186.146
G0 X211.765 Y188.127
G0 X212.064 Y188.898
G0 X212.364 Y188.828
;TIME_ELAPSED:381.077734
;LAYER:13
;TYPE:WALL-INNER
;MESH:Rock Wall Hold Knob 1.stl
G1 F1500 X212.257 Y188.344 E252.6392
G1 X212.25 Y187.681 E252.66125
G1 X212.366 Y187.141 E252.67962
G1 X212.546 Y186.616 E252.69808
G1 X212.906 Y186.09 E252.71928
G1 X213.128 Y185.842 E252.73035
G1 X213.397 Y185.598 E252.74243
G1 X213.686 Y185.393 E252.75422
G1 X214.09 Y185.176 E252.76947
G1 X214.564 Y185.005 E252.78623
G1 X214.934 Y184.935 E252.79875
G1 X215.32 Y184.912 E252.81162
G1 X215.923 Y184.953 E252.83172
G1 X216.518 Y185.159 E252.85266
G1 X216.8 Y185.297 E252.8631
G1 X217.206 Y185.552 E252.87905
G1 X217.547 Y185.866 E252.89447
G1 X217.859 Y186.239 E252.91064
G1 X218.104 Y186.667 E252.92704
G1 X218.236 Y186.985 E252.93849
G1 X218.337 Y187.348 E252.95103
G1 X218.396 Y187.735 E252.96405
G1 X218.4 Y188.172 E252.97858
G1 X218.352 Y188.569 E252.99188
G1 X218.236 Y189.003 E253.00682
G1 X218.015 Y189.482 E253.02437
G1 X217.749 Y189.886 E253.04046
G1 X217.374 Y190.266 E253.05822
G1 X217.077 Y190.499 E253.07077
G1 X216.626 Y190.764 E253.08817
G1 X216.294 Y190.907 E253.10019
G1 X215.846 Y191.019 E253.11555
G1 X215.471 Y191.062 E253.12811
G1 X214.793 Y191.032 E253.15068
G1 X214.176 Y190.842 E253.17215
G1 X213.741 Y190.616 E253.18845
G1 X213.389 Y190.364 E253.20285
G1 X213.162 Y190.159 E253.21303
G1 X212.796 Y189.76 E253.23103
G1 X212.493 Y189.206 E253.25204
G1 X212.381 Y188.906 E253.26269
G1 X212.364 Y188.828 E253.26534
G0 F9000 X212.066 Y188.935
G0 X206.619 Y199.065
G0 X206.47 Y199.334
G1 F1500 X206.878 Y199.557 E253.28081
G1 X207.54 Y199.875 E253.30523
G1 X207.919 Y200.043 E253.31902
G1 X208.492 Y200.275 E253.33958
G1 X209.163 Y200.52 E253.36334
G1 X210.083 Y200.815 E253.39548
G1 X210.903 Y201.027 E253.42365
G1 X211.388 Y201.125 E253.4401
G1 X211.955 Y201.216 E253.4592
G1 X212.411 Y201.257 E253.47443
G1 X212.7 Y201.271 E253.48405
G1 X213.242 Y201.261 E253.50208
G1 X213.705 Y201.214 E253.51756
G1 X214.225 Y201.108 E253.53521
G1 X214.506 Y201.027 E253.54494
G1 X214.747 Y200.944 E253.55342
G1 X215.326 Y200.696 E253.57437
G1 X215.844 Y200.386 E253.59445
G1 X216.077 Y200.227 E253.60383
G1 X216.581 Y199.832 E253.62513
G1 X216.974 Y199.477 E253.64274
G1 X217.521 Y198.911 E253.66892
G1 X218.006 Y198.347 E253.69366
G1 X218.39 Y197.871 E253.714
G1 X221.378 Y193.857 E253.88044
G1 X221.848 Y193.161 E253.90837
G1 X222.052 Y192.833 E253.92122
G1 X222.235 Y192.512 E253.93351
G1 X222.421 Y192.142 E253.94728
G1 X222.595 Y191.751 E253.96152
G1 X222.786 Y191.225 E253.98013
G1 X222.874 Y190.886 E253.99178
G1 X222.965 Y190.42 E254.00757
G1 X223.016 Y189.911 E254.02458
G1 X223.035 Y189.368 E254.04265
G1 X222.997 Y188.738 E254.06365
G1 X222.955 Y188.37 E254.07597
G1 X222.873 Y187.853 E254.09338
G1 X222.766 Y187.346 E254.11061
G1 X222.584 Y186.605 E254.13599
G1 X222.252 Y185.482 E254.17494
G1 X221.058 Y181.884 E254.30102
G1 X220.545 Y180.204 E254.35945
G1 X220.066 Y178.459 E254.41963
G1 X219.717 Y177.07 E254.46727
G1 X219.491 Y176.225 E254.49636
G1 X219.309 Y175.625 E254.51722
G1 X219.109 Y175.046 E254.53759
G1 X218.93 Y174.598 E254.55364
G1 X218.651 Y174.017 E254.57507
G1 X218.366 Y173.564 E254.59287
G1 X218.177 Y173.321 E254.60311
G1 X217.935 Y173.057 E254.61502
G1 X217.682 Y172.834 E254.62624
G1 X217.288 Y172.584 E254.64176
G1 X216.945 Y172.445 E254.65407
G1 X216.699 Y172.376 E254.66257
G1 X216.305 Y172.314 E254.67583
G1 X215.989 Y172.327 E254.68635
G1 X215.676 Y172.369 E254.69686
G1 X215.306 Y172.475 E254.70966
G1 X214.912 Y172.644 E254.72392
G1 X214.559 Y172.873 E254.73791
G1 X214.304 Y173.074 E254.74871
G1 X213.99 Y173.399 E254.76374
G1 X213.756 Y173.689 E254.77614
G1 X213.569 Y173.979 E254.78761
G1 X213.329 Y174.419 E254.80428
G1 X213.089 Y174.98 E254.82458
G1 X212.865 Y175.638 E254.8477
G1 X212.712 Y176.161 E254.86582
G1 X212.549 Y176.823 E254.8885
G1 X212.141 Y178.62 E254.94979
G1 X211.735 Y180.171 E255.00311
G1 X211.527 Y180.855 E255.02689
G1 X211.288 Y181.565 E255.0518
G1 X211.087 Y182.117 E255.07134
G1 X210.706 Y183.043 E255.10465
G1 X210.249 Y184.037 E255.14104
G1 X209.886 Y184.764 E255.16806
G1 X209.384 Y185.701 E255.20342
G1 X208.863 Y186.602 E255.23803
G1 X208.292 Y187.549 E255.27481
G1 X206.276 Y190.737 E255.40027
G1 X205.6 Y191.869 E255.44412
G1 X205.165 Y192.648 E255.4738
G1 X204.901 Y193.162 E255.49302
G1 X204.593 Y193.839 E255.51775
G1 X204.412 Y194.3 E255.53423
G1 X204.255 Y194.755 E255.55024
G1 X204.139 Y195.285 E255.56828
G1 X204.089 Y195.628 E255.57981
G1 X204.058 Y195.96 E255.5909
G1 X204.086 Y196.383 E255.605
G1 X204.159 Y196.856 E255.62092
G1 X204.336 Y197.344 E255.63818
G1 X204.566 Y197.726 E255.65301
G1 X204.805 Y198.059 E255.66665
G1 X205.086 Y198.344 E255.67996
G1 X205.517 Y198.71 E255.69877
G1 X206.004 Y199.055 E255.71862
G1 X206.37 Y199.28 E255.73291
G1 X206.47 Y199.334 E255.73669
G0 F9000 X206.274 Y199.683
;TYPE:WALL-OUTER
G1 F1500 X206.696 Y199.913 E255.75267
G1 X207.372 Y200.238 E255.77762
G1 X207.763 Y200.411 E255.79184
G1 X208.348 Y200.649 E255.81284
G1 X209.033 Y200.898 E255.83709
G1 X209.972 Y201.199 E255.86988
G1 X210.813 Y201.417 E255.89878
G1 X211.316 Y201.519 E255.91585
G1 X211.905 Y201.613 E255.93569
G1 X212.383 Y201.656 E255.95165
G1 X212.69 Y201.671 E255.96187
G1 X212.964 Y201.672 E255.97099
G1 X213.27 Y201.66 E255.98117
G1 X213.765 Y201.61 E255.99772
G1 X214.32 Y201.497 E256.01656
G1 X214.627 Y201.409 E256.02718
G1 X214.891 Y201.317 E256.03648
G1 X215.349 Y201.121 E256.05305
G1 X215.584 Y201.007 E256.06174
G1 X216.06 Y200.723 E256.08017
G1 X216.313 Y200.55 E256.09036
G1 X216.839 Y200.138 E256.11259
G1 X217.25 Y199.767 E256.131
G1 X217.536 Y199.48 E256.14448
G1 X217.819 Y199.178 E256.15824
G1 X218.314 Y198.603 E256.18348
G1 X218.706 Y198.117 E256.20425
G1 X221.704 Y194.088 E256.37128
G1 X222.184 Y193.379 E256.39976
G1 X222.396 Y193.037 E256.41314
G1 X222.587 Y192.701 E256.426
G1 X222.783 Y192.314 E256.44042
G1 X222.966 Y191.901 E256.45545
G1 X223.168 Y191.344 E256.47516
G1 X223.264 Y190.975 E256.48784
G1 X223.361 Y190.478 E256.50468
G1 X223.416 Y189.938 E256.52273
G1 X223.435 Y189.363 E256.54187
G1 X223.4 Y188.757 E256.56206
G1 X223.361 Y188.378 E256.57473
G1 X223.267 Y187.781 E256.59483
G1 X223.164 Y187.293 E256.61142
G1 X222.955 Y186.445 E256.64047
G1 X222.645 Y185.396 E256.67685
G1 X221.44 Y181.767 E256.80403
G1 X220.931 Y180.098 E256.86206
G1 X220.454 Y178.361 E256.92198
G1 X220.119 Y177.025 E256.96779
G1 X219.875 Y176.115 E256.99912
G1 X219.689 Y175.502 E257.02043
G1 X219.484 Y174.906 E257.04139
G1 X219.296 Y174.437 E257.0582
G1 X219.003 Y173.827 E257.08071
G1 X218.692 Y173.332 E257.10015
G1 X218.483 Y173.062 E257.11151
G1 X218.215 Y172.771 E257.12466
G1 X217.923 Y172.513 E257.13762
G1 X217.472 Y172.227 E257.15539
G1 X217.075 Y172.066 E257.16963
G1 X216.785 Y171.984 E257.17966
G1 X216.328 Y171.913 E257.19504
G1 X215.954 Y171.928 E257.20749
G1 X215.594 Y171.977 E257.21957
G1 X215.172 Y172.097 E257.23417
G1 X214.723 Y172.29 E257.25042
G1 X214.325 Y172.547 E257.26618
G1 X214.035 Y172.777 E257.27849
G1 X213.69 Y173.133 E257.29498
G1 X213.431 Y173.454 E257.3087
G1 X213.225 Y173.775 E257.32138
G1 X212.969 Y174.244 E257.33915
G1 X212.715 Y174.836 E257.36058
G1 X212.483 Y175.517 E257.38451
G1 X212.326 Y176.057 E257.40321
G1 X212.159 Y176.735 E257.42644
G1 X211.754 Y178.519 E257.48728
G1 X211.352 Y180.055 E257.54009
G1 X211.142 Y180.744 E257.56405
G1 X210.912 Y181.429 E257.58808
G1 X210.717 Y181.965 E257.60705
G1 X210.342 Y182.876 E257.63982
G1 X209.891 Y183.858 E257.67576
G1 X209.533 Y184.575 E257.70241
G1 X209.038 Y185.501 E257.73734
G1 X208.52 Y186.396 E257.77173
G1 X207.954 Y187.335 E257.8082
G1 X205.963 Y190.481 E257.93203
G1 X205.254 Y191.669 E257.97804
G1 X204.813 Y192.459 E258.00814
G1 X204.541 Y192.988 E258.02792
G1 X204.225 Y193.683 E258.05331
G1 X204.036 Y194.162 E258.07044
G1 X203.869 Y194.647 E258.0875
G1 X203.745 Y195.213 E258.10677
G1 X203.691 Y195.58 E258.11911
G1 X203.657 Y195.955 E258.13163
G1 X203.688 Y196.426 E258.14733
G1 X203.769 Y196.957 E258.1652
G1 X203.974 Y197.517 E258.18503
G1 X204.232 Y197.946 E258.20168
G1 X204.434 Y198.227 E258.21319
G1 X204.611 Y198.432 E258.2222
G1 X204.81 Y198.634 E258.23163
G1 X205.274 Y199.028 E258.25188
G1 X205.783 Y199.389 E258.27263
G1 X206.169 Y199.626 E258.2877
G1 X206.274 Y199.683 E258.29167
G0 F9000 X206.615 Y199.063
G0 X211.932 Y188.567
G0 X212.657 Y188.305
G1 F1500 X212.653 Y188.288 E258.29225
G1 X212.648 Y187.72 E258.31115
G1 X212.756 Y187.228 E258.3279
G1 X212.915 Y186.781 E258.34368
G1 X213.206 Y186.355 E258.36084
G1 X213.402 Y186.134 E258.37066
G1 X213.628 Y185.924 E258.38092
G1 X213.937 Y185.707 E258.39348
G1 X214.213 Y185.559 E258.4039
G1 X214.67 Y185.391 E258.42009
G1 X214.99 Y185.332 E258.43092
G1 X215.319 Y185.312 E258.44188
G1 X215.868 Y185.354 E258.46019
G1 X216.344 Y185.519 E258.47695
G1 X216.611 Y185.65 E258.48684
G1 X216.976 Y185.884 E258.50126
G1 X217.296 Y186.181 E258.51578
G1 X217.52 Y186.457 E258.5276
G1 X217.725 Y186.802 E258.54095
G1 X217.847 Y187.083 E258.55114
G1 X217.942 Y187.409 E258.56243
G1 X217.996 Y187.762 E258.57431
G1 X217.999 Y188.174 E258.58801
G1 X217.954 Y188.525 E258.59978
G1 X217.855 Y188.881 E258.61207
G1 X217.646 Y189.324 E258.62837
G1 X217.434 Y189.64 E258.64102
G1 X217.102 Y189.972 E258.65664
G1 X216.871 Y190.156 E258.66646
G1 X216.468 Y190.396 E258.68206
G1 X216.149 Y190.531 E258.69358
G1 X215.749 Y190.631 E258.7073
G1 X215.432 Y190.664 E258.7179
G1 X214.861 Y190.638 E258.73691
G1 X214.33 Y190.473 E258.7554
G1 X213.93 Y190.263 E258.77043
G1 X213.636 Y190.05 E258.7825
G1 X213.432 Y189.864 E258.79169
G1 X213.113 Y189.507 E258.80761
G1 X212.881 Y189.095 E258.82334
G1 X212.756 Y188.766 E258.83504
G1 X212.657 Y188.305 E258.85072
G0 F9000 X212.354 Y189.059
;TYPE:FILL
G1 F3000 X206.426 Y190.647 E259.05484
G0 F9000 X206.62 Y190.77
G0 X205.492 Y192.697
G0 X205.291 Y192.585
G1 F3000 X213.121 Y200.414 E259.42312
G0 F9000 X214.093 Y200.249
G1 F3000 X216.609 Y190.857 E259.74651
G0 F9000 X216.7 Y191.07
G0 X217.549 Y190.45
G0 X217.935 Y190.059
G0 X218.094 Y189.824
G0 X218.62 Y188.783
G0 X218.398 Y188.72
G1 F3000 X220.645 Y190.968 E259.85223
G0 F9000 X221.922 Y192.245
G1 F3000 X222.16 Y192.483 E259.86342
G0 F9000 X222.05 Y192.672
G1 F3000 X221.605 Y192.792 E259.87875
G0 F9000 X220.582 Y193.066
G1 F3000 X204.455 Y197.387 E260.43406
G0 F9000 X204.652 Y197.27
G0 X208.042 Y199.759
G0 X207.956 Y199.971
G1 F3000 X215.299 Y172.565 E261.37774
G0 F9000 X215.389 Y172.778
G0 X213.382 Y175.084
G0 X213.166 Y175.003
G1 F3000 X221.435 Y183.272 E261.76668
G0 F9000 X221.215 Y183.344
G0 X220.375 Y180.705
G0 X220.594 Y180.639
G1 F3000 X210.677 Y183.296 E262.10816
G0 F9000 X210.887 Y183.393
G0 X211.556 Y181.742
G0 X211.338 Y181.661
G1 F3000 X214.595 Y184.918 E262.26136
G0 F9000 X214.515 Y184.695
G0 X215.112 Y184.421
G0 X215.568 Y184.396
G0 X217.359 Y185.354
G0 X218.053 Y185.987
G0 X217.876 Y186.132
G1 F3000 X219.958 Y178.361 E262.52894
G0 F9000 X219.742 Y178.415
G0 X218.74 Y174.952
G0 X218.953 Y174.867
G1 F3000 X212.7 Y176.543 E262.74425
G0 F9000 X212.925 Y176.6
G0 X211.763 Y180.945
G0 X210.94 Y183.136
G0 X210.183 Y184.658
G0 X208.715 Y187.446
G0 X208.518 Y187.326
G1 F3000 X217.422 Y196.23 E263.16307
G0 F9000 X218.071 Y196.879
G1 F3000 X218.62 Y197.428 E263.18889
G0 F9000 X218.442 Y197.292
G0 X214.752 Y200.609
G0 X214.84 Y200.816
G1 F3000 X214.54 Y200.896 E263.19922
G0 F9000 X214.685 Y200.677
G0 X218.94 Y188
G0 X218.72 Y187.304
G0 X218.428 Y187.431
G1 F3000 X222.428 Y186.359 E263.33696
G0 F9000 X222.209 Y186.423
G0 X222.695 Y188.841
G0 X222.723 Y188.841
G1 F750 X220.522 Y191.043 E263.39909
G0 F9000 X220.805 Y191.325
G1 F750 X222.754 Y189.376 E263.45409
G0 F9000 X222.729 Y189.967
G1 F750 X221.088 Y191.608 E263.50041
G0 F9000 X221.932 Y192.424
G0 X221.956 Y192.437
G1 F750 X217.693 Y196.699 E263.6207
G0 F9000 X217.411 Y196.417
G1 F750 X222.423 Y191.404 E263.76217
G0 F9000 X222.64 Y190.622
G1 F750 X220.255 Y193.007 E263.82948
G0 F9000 X220.796 Y194.125
G0 X220.817 Y194.141
G1 F750 X217.976 Y196.982 E263.90965
G0 F9000 X212.659 Y200.344
G0 X212.667 Y200.93
G0 X212.936 Y200.894
;TYPE:SKIN
G1 F1418.4 X212.881 Y200.506 E263.92344
G1 F1382.5 X213.565 Y200.399 E263.94842
G1 F1373 X214.363 Y200.256 E263.97788
G1 F1395.3 X214.437 Y200.655 E263.99239
G1 F1385.7 X214.136 Y200.738 E264.00363
G1 F1363.6 X213.645 Y200.834 E264.02194
G1 F1373 X213.228 Y200.885 E264.0372
G1 F1408.5 X212.936 Y200.894 E264.04755
G0 F9000 X212.401 Y200.648
;MESH:NONMESH
G0 F300 Z3
G0 F9000 X212.065 Y188.935
G0 X212.363 Y188.828
;TIME_ELAPSED:399.870545
;LAYER:14
;TYPE:WALL-INNER
;MESH:Rock Wall Hold Knob 1.stl
G1 F1500 X212.262 Y188.405 E264.06201
G1 X212.248 Y187.963 E264.07672
G1 X212.269 Y187.607 E264.08858
G1 X212.34 Y187.222 E264.1016
G1 X212.543 Y186.615 E264.12289
G1 X212.899 Y186.101 E264.14369
G1 X213.133 Y185.838 E264.1554
G1 X213.346 Y185.638 E264.16511
G1 X213.724 Y185.368 E264.18056
G1 X214.202 Y185.123 E264.19843
G1 X214.762 Y184.961 E264.21782
G1 X215.401 Y184.895 E264.23919
G1 X216.023 Y184.995 E264.26014
G1 X216.623 Y185.194 E264.28116
G1 X217.126 Y185.501 E264.30076
G1 X217.516 Y185.84 E264.31795
G1 X217.814 Y186.159 E264.33247
G1 X218.031 Y186.527 E264.34668
G1 X218.23 Y186.947 E264.36214
G1 X218.339 Y187.358 E264.37628
G1 X218.403 Y187.827 E264.39202
G1 X218.396 Y188.223 E264.4052
G1 X218.341 Y188.637 E264.41909
G1 X218.24 Y188.996 E264.43149
G1 X217.995 Y189.521 E264.45076
G1 X217.755 Y189.878 E264.46507
G1 X217.409 Y190.237 E264.48165
G1 X217.077 Y190.499 E264.49572
G1 X216.626 Y190.764 E264.51312
G1 X216.366 Y190.876 E264.52253
G1 X215.947 Y191.002 E264.53708
G1 X215.446 Y191.063 E264.55387
G1 X214.953 Y191.042 E264.57028
G1 X214.621 Y190.981 E264.58151
G1 X214.263 Y190.873 E264.59395
G1 X213.713 Y190.599 E264.61438
G1 X213.357 Y190.338 E264.62907
G1 X213.117 Y190.113 E264.64001
G1 X212.792 Y189.751 E264.65619
G1 X212.507 Y189.25 E264.67536
G1 X212.372 Y188.865 E264.68893
G1 X212.363 Y188.828 E264.6902
G0 F9000 X212.065 Y188.937
G0 X206.633 Y199.049
G0 X206.479 Y199.317
G1 F1500 X206.724 Y199.458 E264.6996
G1 X207.107 Y199.648 E264.71382
G1 X207.986 Y200.037 E264.74579
G1 X208.788 Y200.347 E264.77439
G1 X209.785 Y200.68 E264.80935
G1 X209.795 Y200.672 E264.80977
G1 X210.256 Y200.804 E264.82572
G1 X211.08 Y201.003 E264.85392
G1 X211.666 Y201.106 E264.87371
G1 X212.138 Y201.166 E264.88953
G1 X212.702 Y201.203 E264.90833
G1 X213.267 Y201.2 E264.92712
G1 X213.907 Y201.109 E264.94862
G1 X214.292 Y201.023 E264.96174
G1 X214.591 Y200.933 E264.97213
G1 X215.035 Y200.763 E264.98794
G1 X215.409 Y200.582 E265.00176
G1 X215.731 Y200.395 E265.01415
G1 X215.987 Y200.232 E265.02424
G1 X216.366 Y199.942 E265.04011
G1 X216.58 Y199.765 E265.04935
G1 X216.938 Y199.444 E265.06534
G1 X217.396 Y198.982 E265.08698
G1 X217.991 Y198.303 E265.11701
G1 X218.796 Y197.267 E265.16064
G1 X220.876 Y194.431 E265.27762
G1 X221.552 Y193.469 E265.31673
G1 X221.761 Y193.154 E265.3293
G1 X222.053 Y192.672 E265.34804
G1 X222.305 Y192.194 E265.36602
G1 X222.527 Y191.71 E265.38373
G1 X222.676 Y191.286 E265.39867
G1 X222.791 Y190.899 E265.4121
G1 X222.881 Y190.507 E265.42548
G1 X222.961 Y189.923 E265.44508
G1 X222.98 Y189.431 E265.46146
G1 X222.976 Y189.08 E265.47314
G1 X222.95 Y188.695 E265.48597
G1 X222.866 Y188.04 E265.50793
G1 X222.771 Y187.519 E265.52555
G1 X222.706 Y187.221 E265.53569
G1 X222.494 Y186.404 E265.56377
G1 X222.095 Y185.101 E265.60909
G1 X220.917 Y181.576 E265.73271
G1 X220.47 Y180.078 E265.7847
G1 X220.074 Y178.661 E265.83364
G1 X219.59 Y176.764 E265.89875
G1 X219.412 Y176.122 E265.92091
G1 X219.198 Y175.435 E265.94484
G1 X219.009 Y174.904 E265.96359
G1 X218.83 Y174.487 E265.97868
G1 X218.65 Y174.119 E265.99231
G1 X218.339 Y173.607 E266.01223
G1 X218.041 Y173.241 E266.02793
G1 X217.703 Y172.929 E266.04323
G1 X217.423 Y172.741 E266.05445
G1 X217.151 Y172.591 E266.06478
G1 X216.77 Y172.461 E266.07817
G1 X216.404 Y172.403 E266.09049
G1 X216.086 Y172.389 E266.10108
G1 X215.648 Y172.448 E266.11578
G1 X215.257 Y172.578 E266.12948
G1 X214.964 Y172.718 E266.14028
G1 X214.658 Y172.901 E266.15214
G1 X214.328 Y173.172 E266.16635
G1 X213.902 Y173.646 E266.18754
G1 X213.642 Y174.045 E266.20338
G1 X213.445 Y174.419 E266.21744
G1 X213.216 Y174.934 E266.23619
G1 X212.951 Y175.723 E266.26387
G1 X212.808 Y176.247 E266.28194
G1 X212.64 Y176.916 E266.30488
G1 X212.121 Y179.157 E266.38139
G1 X211.912 Y179.951 E266.40869
G1 X211.638 Y180.874 E266.44072
G1 X211.398 Y181.592 E266.4659
G1 X211.087 Y182.418 E266.49525
G1 X210.877 Y182.924 E266.51347
G1 X210.564 Y183.629 E266.53913
G1 X210.123 Y184.523 E266.57229
G1 X209.837 Y185.078 E266.59305
G1 X209.271 Y186.099 E266.63188
G1 X208.971 Y186.611 E266.65162
G1 X208.166 Y187.92 E266.70273
G1 X206.56 Y190.428 E266.80178
G1 X205.895 Y191.494 E266.84357
G1 X205.459 Y192.243 E266.87239
G1 X204.975 Y193.133 E266.90609
G1 X204.791 Y193.52 E266.92034
G1 X204.502 Y194.195 E266.94476
G1 X204.405 Y194.456 E266.95403
G1 X204.235 Y195.016 E266.97349
G1 X204.12 Y195.588 E266.9929
G1 X204.098 Y196.131 E267.01097
G1 X204.128 Y196.571 E267.02564
G1 X204.224 Y196.964 E267.0391
G1 X204.316 Y197.226 E267.04833
G1 X204.424 Y197.453 E267.05669
G1 X204.618 Y197.791 E267.06965
G1 X204.911 Y198.146 E267.08496
G1 X205.101 Y198.34 E267.094
G1 X205.465 Y198.657 E267.11005
G1 X205.739 Y198.861 E267.12141
G1 X206.069 Y199.081 E267.1346
G1 X206.479 Y199.317 E267.15034
G0 F9000 X206.284 Y199.666
;TYPE:WALL-OUTER
G1 F1500 X206.535 Y199.811 E267.15998
G1 X206.937 Y200.01 E267.1749
G1 X207.833 Y200.407 E267.20749
G1 X208.652 Y200.723 E267.23669
G1 X209.681 Y201.067 E267.27278
G1 X209.692 Y201.058 E267.27325
G1 X210.152 Y201.19 E267.28917
G1 X211 Y201.395 E267.31818
G1 X211.606 Y201.502 E267.33865
G1 X212.1 Y201.564 E267.35521
G1 X212.69 Y201.603 E267.37488
G1 X213.297 Y201.6 E267.39507
G1 X213.979 Y201.503 E267.41798
G1 X214.393 Y201.41 E267.43209
G1 X214.717 Y201.313 E267.44334
G1 X215.198 Y201.129 E267.46047
G1 X215.597 Y200.935 E267.47522
G1 X215.939 Y200.737 E267.48837
G1 X216.217 Y200.56 E267.49933
G1 X216.615 Y200.255 E267.51601
G1 X216.841 Y200.068 E267.52576
G1 X217.214 Y199.734 E267.54242
G1 X217.689 Y199.255 E267.56485
G1 X218.298 Y198.559 E267.59561
G1 X219.116 Y197.507 E267.63993
G1 X221.203 Y194.661 E267.75732
G1 X221.905 Y193.661 E267.79795
G1 X222.099 Y193.368 E267.80964
G1 X222.401 Y192.869 E267.82904
G1 X222.664 Y192.371 E267.84777
G1 X222.898 Y191.86 E267.86647
G1 X223.057 Y191.41 E267.88234
G1 X223.178 Y191.001 E267.89653
G1 X223.275 Y190.579 E267.91093
G1 X223.36 Y189.958 E267.93178
G1 X223.38 Y189.437 E267.94912
G1 X223.376 Y189.064 E267.96152
G1 X223.348 Y188.656 E267.97513
G1 X223.262 Y187.979 E267.99782
G1 X223.181 Y187.528 E268.01306
G1 X223.085 Y187.087 E268.02807
G1 X222.879 Y186.295 E268.05529
G1 X222.475 Y184.974 E268.10124
G1 X221.3 Y181.462 E268.22441
G1 X220.855 Y179.97 E268.2762
G1 X220.462 Y178.562 E268.32482
G1 X219.976 Y176.657 E268.39021
G1 X219.796 Y176.009 E268.41258
G1 X219.578 Y175.308 E268.43699
G1 X219.381 Y174.758 E268.45642
G1 X219.194 Y174.32 E268.47226
G1 X219.003 Y173.931 E268.48668
G1 X218.665 Y173.373 E268.50838
G1 X218.333 Y172.966 E268.52585
G1 X217.951 Y172.614 E268.54312
G1 X217.631 Y172.399 E268.55594
G1 X217.314 Y172.224 E268.56799
G1 X216.867 Y172.071 E268.5837
G1 X216.444 Y172.004 E268.59795
G1 X216.178 Y171.993 E268.6068
G1 X215.92 Y172.008 E268.6154
G1 X215.558 Y172.056 E268.62754
G1 X215.107 Y172.206 E268.64335
G1 X214.775 Y172.365 E268.65559
G1 X214.428 Y172.573 E268.66905
G1 X214.051 Y172.882 E268.68526
G1 X213.674 Y173.301 E268.70401
G1 X213.52 Y173.5 E268.71238
G1 X213.297 Y173.842 E268.72596
G1 X213.085 Y174.244 E268.74107
G1 X212.843 Y174.789 E268.76091
G1 X212.568 Y175.607 E268.78961
G1 X212.42 Y176.149 E268.8083
G1 X212.25 Y176.826 E268.83151
G1 X211.734 Y179.055 E268.90761
G1 X211.528 Y179.837 E268.93451
G1 X211.258 Y180.748 E268.96611
G1 X211.024 Y181.451 E268.99075
G1 X210.717 Y182.265 E269.01969
G1 X210.511 Y182.762 E269.03758
G1 X210.204 Y183.453 E269.06273
G1 X209.806 Y184.264 E269.09278
G1 X209.487 Y184.884 E269.11597
G1 X208.927 Y185.895 E269.15441
G1 X208.631 Y186.401 E269.17391
G1 X207.829 Y187.704 E269.2248
G1 X206.221 Y190.216 E269.324
G1 X205.552 Y191.288 E269.36603
G1 X205.111 Y192.047 E269.39522
G1 X204.619 Y192.951 E269.42945
G1 X204.427 Y193.355 E269.44433
G1 X204.13 Y194.047 E269.46938
G1 X204.026 Y194.328 E269.47934
G1 X203.847 Y194.918 E269.49985
G1 X203.746 Y195.416 E269.51675
G1 X203.716 Y195.676 E269.52546
G1 X203.697 Y196.137 E269.5408
G1 X203.731 Y196.633 E269.55734
G1 X203.84 Y197.078 E269.57258
G1 X203.946 Y197.379 E269.58319
G1 X204.07 Y197.639 E269.59277
G1 X204.222 Y197.904 E269.60293
G1 X204.38 Y198.13 E269.6121
G1 X204.613 Y198.414 E269.62432
G1 X204.823 Y198.628 E269.63429
G1 X205.217 Y198.971 E269.65167
G1 X205.508 Y199.188 E269.66374
G1 X205.858 Y199.421 E269.67773
G1 X206.284 Y199.666 E269.69407
G0 F9000 X206.637 Y199.052
G0 X211.928 Y188.565
G0 X212.662 Y188.296
G1 F1500 X212.648 Y187.93 E269.70625
G1 X212.671 Y187.609 E269.71696
G1 X212.738 Y187.278 E269.72819
G1 X212.917 Y186.775 E269.74595
G1 X213.201 Y186.364 E269.76256
G1 X213.393 Y186.144 E269.77228
G1 X213.628 Y185.924 E269.78298
G1 X213.929 Y185.712 E269.79523
G1 X214.368 Y185.491 E269.81157
G1 X214.824 Y185.359 E269.82736
G1 X215.405 Y185.3 E269.84679
G1 X215.947 Y185.387 E269.86504
G1 X216.451 Y185.555 E269.88271
G1 X216.877 Y185.817 E269.89935
G1 X217.223 Y186.112 E269.91447
G1 X217.479 Y186.387 E269.92697
G1 X217.669 Y186.698 E269.93909
G1 X217.857 Y187.101 E269.95388
G1 X217.943 Y187.412 E269.96461
G1 X218.004 Y187.867 E269.97988
G1 X217.999 Y188.173 E269.99006
G1 X217.949 Y188.555 E270.00287
G1 X217.859 Y188.874 E270.0139
G1 X217.647 Y189.323 E270.03041
G1 X217.433 Y189.64 E270.04313
G1 X217.109 Y189.969 E270.05849
G1 X216.877 Y190.153 E270.06834
G1 X216.468 Y190.396 E270.08416
G1 X216.184 Y190.517 E270.09443
G1 X215.88 Y190.605 E270.10496
G1 X215.421 Y190.664 E270.12035
G1 X214.987 Y190.644 E270.1348
G1 X214.697 Y190.588 E270.14462
G1 X214.389 Y190.493 E270.15534
G1 X213.953 Y190.277 E270.17153
G1 X213.628 Y190.044 E270.18483
G1 X213.428 Y189.86 E270.19387
G1 X213.11 Y189.5 E270.20984
G1 X212.867 Y189.069 E270.2263
G1 X212.767 Y188.793 E270.23606
G1 X212.665 Y188.371 E270.2505
G1 X212.662 Y188.296 E270.253
G0 F9000 X212.402 Y189.193
;TYPE:FILL
G1 F3000 X206.427 Y190.794 E270.45874
G0 F9000 X206.621 Y190.915
G0 X205.613 Y192.612
G0 X205.41 Y192.502
G1 F3000 X212.787 Y199.879 E270.80573
G0 F9000 X212.765 Y199.661
G0 X214.048 Y199.463
G0 X214.099 Y199.678
G1 F3000 X216.443 Y190.928 E271.10702
G0 F9000 X216.533 Y191.142
G0 X217.55 Y190.449
G0 X217.935 Y190.059
G0 X218.162 Y189.724
G0 X218.662 Y188.583
G0 X218.432 Y188.554
G1 F3000 X221.382 Y191.504 E271.24578
G0 F9000 X221.187 Y191.415
G0 X220.334 Y193.122
G0 X220.524 Y193.228
G1 F3000 X204.548 Y197.509 E271.79589
G0 F9000 X204.746 Y197.394
G0 X207.925 Y199.672
G0 X207.832 Y199.882
G1 F3000 X215.105 Y172.739 E272.73051
G0 F9000 X215.203 Y172.95
G0 X213.516 Y175.027
G0 X213.302 Y174.938
G1 F3000 X221.282 Y182.919 E273.10589
G0 F9000 X221.06 Y182.992
G0 X220.38 Y180.851
G0 X220.598 Y180.785
G1 F3000 X210.741 Y183.426 E273.4453
G0 F9000 X210.951 Y183.52
G0 X211.698 Y181.674
G0 X211.479 Y181.601
G1 F3000 X214.758 Y184.88 E273.59954
G0 F9000 X214.737 Y184.652
G0 X215.062 Y184.424
G0 X216.726 Y184.961
G0 X217.935 Y185.836
G0 X217.766 Y185.991
G1 F3000 X219.864 Y178.162 E273.86912
G0 F9000 X219.647 Y178.218
G0 X218.747 Y175.089
G0 X218.962 Y175.012
G1 F3000 X212.786 Y176.667 E274.08178
G0 F9000 X213.008 Y176.723
G0 X212.228 Y179.843
G0 X211.326 Y182.498
G0 X210.567 Y184.168
G0 X208.857 Y187.389
G0 X208.661 Y187.268
G1 F3000 X218.679 Y197.286 E274.55299
G0 F9000 X218.499 Y197.148
G0 X218.679 Y187.543
G0 X218.448 Y187.573
G1 F3000 X222.435 Y186.505 E274.69028
G0 F9000 X222.216 Y186.561
G0 X219.487 Y194.724
G0 X219.935 Y195.106
G0 X220.085 Y194.881
;TYPE:SKIN
G1 F1432 X219.751 Y194.662 E274.70419
G1 F1369.9 X220.268 Y193.829 E274.7399
G1 F1217 X220.94 Y192.681 E274.79443
G1 F1098.9 X221.603 Y191.313 E274.86345
G1 F1083 X221.75 Y190.958 E274.88115
G1 F1136.4 X221.962 Y190.403 E274.90723
G1 F1195.2 X222.164 Y189.824 E274.93283
G1 F1204.8 X222.338 Y189.212 E274.95917
G1 X222.578 Y189.25 E274.96923
G1 X222.551 Y189.897 E274.99605
G1 X222.478 Y190.415 E275.01771
G1 F1169.6 X222.377 Y190.793 E275.0344
G1 F1115.2 X222.265 Y191.142 E275.0508
G1 F1083 X222.116 Y191.538 E275.07029
G1 F1067.6 X221.913 Y191.981 E275.09306
G1 F1075.3 X221.674 Y192.449 E275.11744
G1 F1111.1 X221.407 Y192.917 E275.14163
G1 F1158.3 X221.231 Y193.202 E275.15606
G1 F1252.6 X220.551 Y194.223 E275.20492
G1 F1382.5 X220.085 Y194.881 E275.23402
G0 F9000 X219.935 Y195.106
G0 X209.311 Y199.602
G0 X209.139 Y200.103
G0 X209.405 Y200.156
G1 F1395.3 X209.472 Y199.825 E275.24609
G1 X209.932 Y199.879 E275.26265
G1 F1333.3 X210.421 Y199.958 E275.28119
G1 F1242.2 X210.729 Y199.996 E275.29365
G1 F1156.1 X210.731 Y200.019 E275.29465
G1 F1069.5 X211.729 Y200.066 E275.34125
G1 F990.1 X212.356 Y200.074 E275.37285
G1 F913.2 X213.177 Y200.017 E275.41781
G1 F882.4 X213.855 Y199.915 E275.45658
G1 F911.9 X214.669 Y199.7 E275.50264
G1 F966.2 X215.141 Y199.507 E275.52897
G1 F1030.9 X215.574 Y199.293 E275.55234
G1 F1107 X215.955 Y199.061 E275.57245
G1 F1181.1 X216.259 Y198.847 E275.58815
G1 F1268.5 X216.753 Y198.445 E275.6132
G1 F1385.7 X217.348 Y197.888 E275.64255
G1 F1449.3 X217.624 Y198.162 E275.65593
G1 F1388.9 X217.111 Y198.722 E275.68321
G1 F1282.1 X216.672 Y199.139 E275.70678
G1 F1190.5 X216.271 Y199.473 E275.72865
G1 F1090.9 X215.721 Y199.866 E275.75956
G1 F1020.4 X215.502 Y199.994 E275.77196
G1 F982 X215.182 Y200.163 E275.79035
G1 F944.9 X214.833 Y200.322 E275.8106
G1 F911.9 X214.432 Y200.462 E275.83384
G1 F890.2 X214.18 Y200.534 E275.84852
G1 F882.4 X213.805 Y200.616 E275.87023
G1 F877.2 X213.235 Y200.699 E275.90299
G1 F894.2 X212.737 Y200.711 E275.93078
G1 F927.4 X212.056 Y200.69 E275.96744
G1 F1020.4 X211.165 Y200.578 E276.01134
G1 F1107 X210.671 Y200.459 E276.03424
G1 F1156.1 X210.657 Y200.482 E276.0354
G1 F1242.2 X210.355 Y200.422 E276.04777
G1 F1333.3 X209.871 Y200.305 E276.0664
G1 F1395.3 X209.862 Y200.31 E276.06677
G1 X209.405 Y200.156 E276.08401
G0 F9000 X208.956 Y199.76
;MESH:NONMESH
G0 F300 Z3.2
G0 F9000 X212.065 Y188.938
G0 X212.362 Y188.83
;TIME_ELAPSED:417.326536
;LAYER:15
;TYPE:WALL-INNER
;MESH:Rock Wall Hold Knob 1.stl
G1 F1500 X212.269 Y188.396 E276.09878
G1 X212.245 Y188.092 E276.10892
G1 X212.257 Y187.643 E276.12386
G1 X212.36 Y187.148 E276.14067
G1 X212.542 Y186.62 E276.15925
G1 X212.931 Y186.052 E276.18215
G1 X213.256 Y185.718 E276.19765
G1 X213.618 Y185.418 E276.21328
G1 X214.171 Y185.139 E276.23389
G1 X214.746 Y184.966 E276.25386
G1 X215.391 Y184.9 E276.27542
G1 X215.992 Y184.979 E276.29558
G1 X216.618 Y185.19 E276.31755
G1 X217.162 Y185.531 E276.33891
G1 X217.512 Y185.835 E276.35433
G1 X217.827 Y186.174 E276.36972
G1 X218.097 Y186.648 E276.38786
G1 X218.251 Y187.023 E276.40135
G1 X218.341 Y187.352 E276.41269
G1 X218.408 Y187.822 E276.42848
G1 X218.388 Y188.48 E276.45038
G1 X218.23 Y189.026 E276.46928
G1 X217.984 Y189.539 E276.4882
G1 X217.728 Y189.911 E276.50322
G1 X217.412 Y190.234 E276.51825
G1 X217.08 Y190.5 E276.5324
G1 X216.657 Y190.746 E276.54868
G1 X216.307 Y190.895 E276.56133
G1 X215.901 Y191.016 E276.57542
G1 X215.427 Y191.067 E276.59128
G1 X214.89 Y191.034 E276.60917
G1 X214.629 Y190.983 E276.61802
G1 X214.277 Y190.874 E276.63027
G1 X213.714 Y190.6 E276.6511
G1 X213.412 Y190.383 E276.66347
G1 X213.079 Y190.085 E276.67833
G1 X212.776 Y189.707 E276.69444
G1 X212.504 Y189.237 E276.7125
G1 X212.365 Y188.842 E276.72643
G1 X212.362 Y188.83 E276.72684
G0 F9000 X212.068 Y188.933
G0 X206.637 Y199.017
G0 X206.495 Y199.288
G1 F1500 X206.802 Y199.451 E276.7384
G1 X207.213 Y199.645 E276.75352
G1 X207.651 Y199.838 E276.76944
G1 X208.189 Y200.05 E276.78867
G1 X208.943 Y200.323 E276.81534
G1 X209.751 Y200.574 E276.84348
G1 X210.63 Y200.794 E276.87362
G1 X211.286 Y200.929 E276.8959
G1 X211.815 Y201.009 E276.91369
G1 X212.537 Y201.076 E276.93781
G1 X212.807 Y201.083 E276.94679
G1 X213.061 Y201.076 E276.95524
G1 X213.423 Y201.05 E276.96732
G1 X213.697 Y201.018 E276.97649
G1 X214.165 Y200.93 E276.99233
G1 X214.489 Y200.842 E277.0035
G1 X214.805 Y200.731 E277.01464
G1 X215.047 Y200.631 E277.02334
G1 X215.351 Y200.485 E277.03456
G1 X215.85 Y200.196 E277.05374
G1 X216.088 Y200.032 E277.06335
G1 X216.501 Y199.708 E277.08081
G1 X216.973 Y199.282 E277.10196
G1 X217.348 Y198.902 E277.11972
G1 X217.695 Y198.522 E277.13683
G1 X218.176 Y197.943 E277.16187
G1 X218.512 Y197.51 E277.1801
G1 X219.363 Y196.362 E277.22763
G1 X220.739 Y194.443 E277.30617
G1 X221.274 Y193.68 E277.33716
G1 X221.658 Y193.087 E277.36066
G1 X221.96 Y192.578 E277.38034
G1 X222.1 Y192.313 E277.39031
G1 X222.334 Y191.824 E277.40834
G1 X222.485 Y191.453 E277.42166
G1 X222.666 Y190.903 E277.44092
G1 X222.741 Y190.605 E277.45114
G1 X222.826 Y190.165 E277.46605
G1 X222.881 Y189.685 E277.48212
G1 X222.896 Y189.33 E277.49393
G1 X222.882 Y188.736 E277.5137
G1 X222.862 Y188.427 E277.524
G1 X222.768 Y187.785 E277.54558
G1 X222.681 Y187.336 E277.56079
G1 X222.579 Y186.911 E277.57532
G1 X222.27 Y185.805 E277.61352
G1 X222.004 Y184.964 E277.64286
G1 X220.964 Y181.86 E277.75174
G1 X220.653 Y180.885 E277.78578
G1 X220.441 Y180.18 E277.81026
G1 X220.083 Y178.884 E277.85498
G1 X219.387 Y176.222 E277.94649
G1 X219.169 Y175.524 E277.97082
G1 X219.178 Y175.513 E277.97129
G1 X218.913 Y174.805 E277.99643
G1 X218.73 Y174.399 E278.01124
G1 X218.603 Y174.15 E278.02054
G1 X218.312 Y173.675 E278.03907
G1 X218.09 Y173.399 E278.05085
G1 X217.844 Y173.146 E278.06259
G1 X217.511 Y172.884 E278.07668
G1 X217.274 Y172.744 E278.08583
G1 X216.888 Y172.575 E278.09985
G1 X216.516 Y172.5 E278.11247
G1 X216.137 Y172.469 E278.12512
G1 X215.678 Y172.539 E278.14056
G1 X215.351 Y172.644 E278.15199
G1 X215.018 Y172.798 E278.16419
G1 X214.766 Y172.955 E278.17406
G1 X214.423 Y173.217 E278.18842
G1 X214.106 Y173.565 E278.20408
G1 X213.922 Y173.807 E278.21419
G1 X213.774 Y174.042 E278.22342
G1 X213.568 Y174.416 E278.23763
G1 X213.413 Y174.747 E278.24978
G1 X213.229 Y175.227 E278.26688
G1 X212.983 Y176.016 E278.29437
G1 X212.788 Y176.792 E278.32098
G1 X212.452 Y178.281 E278.37175
G1 X212.172 Y179.441 E278.41144
G1 X211.979 Y180.155 E278.43604
G1 X211.705 Y181.052 E278.46723
G1 X211.562 Y181.484 E278.48237
G1 X211.209 Y182.421 E278.51567
G1 X210.882 Y183.201 E278.5438
G1 X210.479 Y184.064 E278.57548
G1 X210.101 Y184.81 E278.6033
G1 X209.85 Y185.273 E278.62081
G1 X209.185 Y186.445 E278.66563
G1 X208.557 Y187.473 E278.7057
G1 X207.68 Y188.854 E278.76011
G1 X206.356 Y190.901 E278.84119
G1 X205.678 Y192.005 E278.88429
G1 X205.182 Y192.886 E278.91791
G1 X204.856 Y193.535 E278.94207
G1 X204.714 Y193.838 E278.9532
G1 X204.495 Y194.374 E278.97246
G1 X204.328 Y194.872 E278.98993
G1 X204.243 Y195.199 E279.00116
G1 X204.15 Y195.762 E279.02014
G1 X204.133 Y196.14 E279.03273
G1 X204.15 Y196.424 E279.04219
G1 X204.229 Y196.865 E279.05709
G1 X204.342 Y197.222 E279.06955
G1 X204.489 Y197.518 E279.08054
G1 X204.663 Y197.794 E279.09139
G1 X204.816 Y197.997 E279.09984
G1 X204.994 Y198.196 E279.10873
G1 X205.351 Y198.531 E279.12501
G1 X205.708 Y198.809 E279.14006
G1 X205.991 Y198.998 E279.15138
G1 X206.44 Y199.259 E279.16865
G1 X206.495 Y199.288 E279.17072
G0 F9000 X206.3 Y199.638
;TYPE:WALL-OUTER
G1 F1500 X206.622 Y199.809 E279.18284
G1 X207.047 Y200.009 E279.19847
G1 X207.497 Y200.207 E279.21482
G1 X208.047 Y200.424 E279.23448
G1 X208.816 Y200.702 E279.26168
G1 X209.643 Y200.959 E279.29048
G1 X210.541 Y201.184 E279.32128
G1 X211.216 Y201.323 E279.3442
G1 X211.763 Y201.405 E279.36259
G1 X212.515 Y201.476 E279.38772
G1 X212.807 Y201.483 E279.39743
G1 X213.081 Y201.476 E279.40655
G1 X213.461 Y201.448 E279.41922
G1 X213.757 Y201.414 E279.42913
G1 X214.255 Y201.32 E279.44599
G1 X214.608 Y201.224 E279.45815
G1 X214.948 Y201.105 E279.47013
G1 X215.21 Y200.997 E279.47956
G1 X215.538 Y200.839 E279.49167
G1 X216.064 Y200.534 E279.51189
G1 X216.325 Y200.354 E279.52244
G1 X216.759 Y200.014 E279.54077
G1 X217.249 Y199.571 E279.56275
G1 X217.638 Y199.178 E279.58114
G1 X217.997 Y198.784 E279.59887
G1 X218.488 Y198.194 E279.6244
G1 X218.833 Y197.748 E279.64315
G1 X219.702 Y196.575 E279.6917
G1 X221.067 Y194.673 E279.76957
G1 X221.606 Y193.904 E279.8008
G1 X221.998 Y193.298 E279.82481
G1 X222.309 Y192.774 E279.84508
G1 X222.457 Y192.493 E279.85564
G1 X222.7 Y191.986 E279.87434
G1 X222.86 Y191.593 E279.88845
G1 X223.051 Y191.013 E279.90876
G1 X223.132 Y190.692 E279.91977
G1 X223.222 Y190.225 E279.93559
G1 X223.28 Y189.716 E279.95263
G1 X223.296 Y189.334 E279.96535
G1 X223.284 Y188.765 E279.98428
G1 X223.26 Y188.385 E279.99694
G1 X223.172 Y187.776 E280.01741
G1 X223.072 Y187.251 E280.03518
G1 X222.955 Y186.768 E280.05171
G1 X222.664 Y185.726 E280.08769
G1 X222.372 Y184.804 E280.11986
G1 X221.357 Y181.777 E280.22605
G1 X221.036 Y180.77 E280.2612
G1 X220.827 Y180.074 E280.28537
G1 X220.47 Y178.783 E280.32992
G1 X219.771 Y176.112 E280.42175
G1 X219.555 Y175.418 E280.44593
G1 X219.565 Y175.405 E280.44647
G1 X219.283 Y174.653 E280.47318
G1 X219.091 Y174.227 E280.48873
G1 X218.953 Y173.954 E280.4989
G1 X218.64 Y173.444 E280.5188
G1 X218.39 Y173.133 E280.53207
G1 X218.118 Y172.854 E280.54503
G1 X217.73 Y172.548 E280.56147
G1 X217.456 Y172.387 E280.57204
G1 X217.156 Y172.255 E280.58294
G1 X216.888 Y172.166 E280.59233
G1 X216.572 Y172.103 E280.60305
G1 X216.252 Y172.077 E280.61373
G1 X215.96 Y172.092 E280.62345
G1 X215.586 Y172.148 E280.63603
G1 X215.205 Y172.271 E280.64935
G1 X214.828 Y172.445 E280.66316
G1 X214.538 Y172.625 E280.67451
G1 X214.151 Y172.921 E280.69071
G1 X213.798 Y173.309 E280.70816
G1 X213.593 Y173.579 E280.71944
G1 X213.429 Y173.838 E280.72963
G1 X213.211 Y174.235 E280.7447
G1 X213.045 Y174.591 E280.75776
G1 X212.853 Y175.092 E280.77561
G1 X212.597 Y175.91 E280.80411
G1 X212.399 Y176.699 E280.83117
G1 X212.063 Y178.187 E280.88191
G1 X211.781 Y179.353 E280.92181
G1 X211.596 Y180.039 E280.94544
G1 X211.347 Y180.859 E280.97394
G1 X211.188 Y181.343 E280.99089
G1 X210.841 Y182.266 E281.02368
G1 X210.51 Y183.053 E281.05208
G1 X210.123 Y183.883 E281.08254
G1 X209.749 Y184.62 E281.11003
G1 X209.502 Y185.075 E281.12725
G1 X208.843 Y186.237 E281.17168
G1 X208.219 Y187.259 E281.2115
G1 X207.344 Y188.637 E281.2658
G1 X206.018 Y190.687 E281.347
G1 X205.333 Y191.802 E281.39052
G1 X204.829 Y192.698 E281.42472
G1 X204.496 Y193.36 E281.44936
G1 X204.348 Y193.677 E281.461
G1 X204.12 Y194.234 E281.48102
G1 X203.944 Y194.758 E281.4994
G1 X203.852 Y195.112 E281.51157
G1 X203.752 Y195.724 E281.53219
G1 X203.733 Y196.142 E281.54611
G1 X203.759 Y196.576 E281.56057
G1 X203.842 Y196.968 E281.5739
G1 X203.97 Y197.372 E281.58799
G1 X204.139 Y197.714 E281.60068
G1 X204.333 Y198.022 E281.61279
G1 X204.507 Y198.252 E281.62238
G1 X204.708 Y198.476 E281.63239
G1 X205.091 Y198.835 E281.64985
G1 X205.474 Y199.133 E281.66599
G1 X205.779 Y199.338 E281.67821
G1 X206.246 Y199.609 E281.69617
G1 X206.3 Y199.638 E281.69821
G0 F9000 X206.627 Y199.012
G0 X211.934 Y188.551
G0 X212.663 Y188.295
G1 F1500 X212.644 Y188.06 E281.70605
G1 X212.659 Y187.673 E281.71893
G1 X212.738 Y187.278 E281.73233
G1 X212.911 Y186.785 E281.74971
G1 X213.251 Y186.297 E281.76949
G1 X213.512 Y186.026 E281.782
G1 X213.835 Y185.758 E281.79596
G1 X214.339 Y185.502 E281.81476
G1 X214.832 Y185.356 E281.83187
G1 X215.369 Y185.304 E281.84981
G1 X215.919 Y185.372 E281.86824
G1 X216.465 Y185.565 E281.8875
G1 X216.902 Y185.835 E281.90459
G1 X217.219 Y186.107 E281.91848
G1 X217.487 Y186.395 E281.93157
G1 X217.747 Y186.842 E281.94877
G1 X217.879 Y187.17 E281.96053
G1 X217.959 Y187.477 E281.97108
G1 X218.009 Y187.856 E281.98379
G1 X217.99 Y188.415 E282.0024
G1 X217.856 Y188.884 E282.01862
G1 X217.643 Y189.329 E282.03503
G1 X217.434 Y189.639 E282.04746
G1 X217.11 Y189.968 E282.06282
G1 X216.875 Y190.156 E282.07283
G1 X216.497 Y190.38 E282.08744
G1 X216.191 Y190.512 E282.09853
G1 X215.835 Y190.62 E282.1109
G1 X215.432 Y190.664 E282.12438
G1 X214.966 Y190.641 E282.1399
G1 X214.695 Y190.587 E282.14909
G1 X214.4 Y190.493 E282.15939
G1 X213.953 Y190.277 E282.1759
G1 X213.646 Y190.059 E282.18843
G1 X213.357 Y189.797 E282.2014
G1 X213.09 Y189.46 E282.2157
G1 X212.872 Y189.079 E282.2303
G1 X212.736 Y188.687 E282.2441
G1 X212.668 Y188.364 E282.25508
G1 X212.663 Y188.295 E282.25738
G0 F9000 X211.934 Y188.551
G0 X212.234 Y189.402
G0 X212.462 Y189.323
;TYPE:FILL
G1 F3000 X206.426 Y190.94 E282.46522
G0 F9000 X206.622 Y191.061
G0 X205.735 Y192.54
G0 X205.533 Y192.426
G1 F3000 X212.579 Y199.472 E282.79664
G0 F9000 X212.555 Y199.253
G0 X214.018 Y199.025
G0 X214.07 Y199.239
G1 F3000 X216.282 Y190.985 E283.08086
G0 F9000 X216.377 Y191.208
G0 X217.55 Y190.449
G0 X217.935 Y190.059
G0 X218.215 Y189.646
G0 X218.687 Y188.426
G0 X218.47 Y188.392
G1 F3000 X221.137 Y191.06 E283.20633
G0 F9000 X220.938 Y190.968
G0 X219.732 Y193.431
G0 X219.925 Y193.535
G1 F3000 X204.651 Y197.627 E283.73226
G0 F9000 X204.846 Y197.505
G0 X207.801 Y199.564
G0 X207.715 Y199.775
G1 F3000 X214.899 Y172.966 E284.65539
G0 F9000 X215.018 Y173.161
G0 X213.662 Y174.966
G0 X213.446 Y174.883
G1 F3000 X221.109 Y182.547 E285.01586
G0 F9000 X220.891 Y182.619
G0 X220.368 Y181.003
G0 X220.585 Y180.935
G1 F3000 X210.806 Y183.555 E285.35258
G0 F9000 X211.014 Y183.653
G0 X211.839 Y181.627
G0 X211.624 Y181.546
G1 F3000 X214.943 Y184.865 E285.50869
G0 F9000 X214.922 Y184.635
G0 X216.074 Y184.74
G0 X217.213 Y185.137
G0 X217.824 Y185.715
G0 X217.652 Y185.872
G1 F3000 X219.765 Y177.987 E285.7802
G0 F9000 X219.542 Y178.044
G0 X218.744 Y175.238
G0 X218.961 Y175.158
G1 F3000 X212.872 Y176.79 E285.98987
G0 F9000 X213.094 Y176.846
G0 X212.318 Y179.954
G0 X211.446 Y182.507
G0 X210.54 Y184.463
G0 X209.006 Y187.337
G0 X208.808 Y187.216
G1 F3000 X218.053 Y196.46 E286.42471
G0 F9000 X217.883 Y196.326
G0 X218.931 Y188.093
G0 X218.807 Y187.579
G0 X218.475 Y187.712
G1 F3000 X222.425 Y186.653 E286.56072
G0 F9000 X222.205 Y186.713
G0 X207.936 Y199.031
G0 X207.749 Y199.48
G0 X208.043 Y199.555
;TYPE:SKIN
G1 F1229.5 X208.11 Y199.297 E286.57154
G1 X209.166 Y199.463 E286.61491
G1 F1351.4 X209.986 Y199.485 E286.6452
G1 F1500 X210.641 Y199.536 E286.66705
G1 X211.434 Y199.556 E286.69343
G1 X211.999 Y199.548 E286.71223
G1 X212.533 Y199.516 E286.73002
G1 X213.424 Y199.411 E286.75986
G1 X213.845 Y199.333 E286.7741
G1 X214.384 Y199.203 E286.79254
G1 X214.658 Y199.12 E286.80207
G1 X215.197 Y198.911 E286.82129
G1 X215.543 Y198.745 E286.83406
G1 X215.843 Y198.575 E286.84553
G1 X216.314 Y198.257 E286.86443
G1 F1244.8 X216.712 Y198.069 E286.88207
G1 F1087 X217.261 Y197.525 E286.91754
G1 F1145 X217.771 Y196.953 E286.95093
G1 F1195.2 X218.22 Y196.388 E286.98106
G1 F1214.6 X218.55 Y195.943 E287.00381
G1 F1195.2 X219.104 Y195.134 E287.04474
G1 F1145 X219.485 Y194.536 E287.07564
G1 F1063.8 X220.009 Y193.663 E287.12339
G1 F1209.7 X220.118 Y193.259 E287.14064
G1 F1500 X220.467 Y192.574 E287.16621
G1 X220.937 Y191.591 E287.20245
G1 X221.302 Y190.791 E287.2317
G1 X221.517 Y190.286 E287.24995
G1 X221.963 Y189.173 E287.28983
G1 X222.2 Y188.214 E287.32269
G1 X222.488 Y188.247 E287.33233
G1 X222.524 Y188.826 E287.35163
G1 X222.536 Y189.304 E287.36753
G1 X222.52 Y189.643 E287.37882
G1 X222.467 Y190.099 E287.39409
G1 X222.39 Y190.505 E287.40783
G1 X222.319 Y190.793 E287.4177
G1 X222.151 Y191.315 E287.43594
G1 X222.008 Y191.666 E287.44854
G1 X221.784 Y192.135 E287.46583
G1 X221.655 Y192.383 E287.47513
G1 X221.357 Y192.884 E287.49451
G1 X221.006 Y193.429 E287.51608
G1 X220.822 Y193.692 E287.52675
G1 F1209.7 X220.51 Y193.972 E287.54404
G1 F1090.9 X219.534 Y195.407 E287.62341
G1 F1195.2 X219.048 Y196.096 E287.6586
G1 X218.182 Y197.252 E287.71889
G1 F1151.6 X217.794 Y197.729 E287.74553
G1 F1090.9 X217.361 Y198.223 E287.77557
G1 F1038.1 X217.087 Y198.51 E287.79464
G1 F1209.7 X216.847 Y198.91 E287.81388
G1 F1500 X216.285 Y199.412 E287.83895
G1 X215.891 Y199.726 E287.8557
G1 X215.653 Y199.894 E287.86539
G1 X215.186 Y200.159 E287.88325
G1 X214.794 Y200.351 E287.89777
G1 X214.393 Y200.493 E287.91192
G1 X214.1 Y200.571 E287.922
G1 X213.555 Y200.676 E287.94046
G1 X212.899 Y200.724 E287.96234
G1 X212.544 Y200.716 E287.97415
G1 X211.869 Y200.653 E287.9967
G1 X211.372 Y200.577 E288.01342
G1 X210.71 Y200.442 E288.03589
G1 X209.854 Y200.227 E288.06525
G1 F1351.4 X208.328 Y199.668 E288.12525
G1 F1229.5 X208.043 Y199.555 E288.13769
G0 F9000 X207.749 Y199.48
G0 X207.917 Y199.076
G0 X219.914 Y193.091
G0 X220.507 Y193.41
G1 F1234.6 X220.955 Y192.639 E288.17372
G1 F1054.5 X221.332 Y191.917 E288.21226
G1 F993.4 X221.553 Y191.446 E288.23839
G1 F1003.3 X221.691 Y191.124 E288.25581
G1 F1065.7 X221.873 Y190.642 E288.27993
G1 F1158.3 X221.952 Y190.404 E288.29073
G0 F9000 X221.299 Y190.141
G0 X216.436 Y197.832
G0 X216.851 Y198.362
G1 F1500 X215.411 Y199.802 E288.35846
G0 F9000 X214.805 Y199.277
G1 F1500 X213.621 Y200.461 E288.41415
G0 F9000 X213 Y200.516
G1 F1500 X214.019 Y199.497 E288.46208
G0 F9000 X213.327 Y199.623
G1 F1500 X212.445 Y200.506 E288.50359
G0 F9000 X211.927 Y200.458
G1 F1500 X212.685 Y199.7 E288.53925
G0 F9000 X212.074 Y199.745
G1 F1500 X211.433 Y200.386 E288.5694
G0 F9000 X210.963 Y200.29
G1 F1500 X211.498 Y199.755 E288.59456
G0 F9000 X210.945 Y199.743
G1 F1500 X210.504 Y200.184 E288.6153
G0 F9000 X210.052 Y200.07
G1 F1500 X210.405 Y199.717 E288.63191
G0 F9000 X209.87 Y199.686
G1 F1500 X209.638 Y199.918 E288.64282
G1 F2400 E288.14282
G0 F9000 X209.695 Y199.201
G0 X207.738 Y198.73
G0 X207.764 Y199.699
G0 X209.795 Y200.419
G0 X211.837 Y200.849
G0 X212.805 Y200.917
G0 X214.505 Y200.73
G0 X214.353 Y200.294
G1 F2400 E288.64282
G1 F1500 X215.842 Y198.805 E288.71286
G0 F9000 X215.466 Y198.145
;MESH:NONMESH
G0 F300 Z3.4
G0 F9000 X212.068 Y188.931
G0 X212.364 Y188.827
;TIME_ELAPSED:437.401312
;LAYER:16
;TYPE:WALL-INNER
;MESH:Rock Wall Hold Knob 1.stl
G1 F1500 X212.345 Y188.771 E288.71483
G1 X212.269 Y188.396 E288.72755
G1 X212.245 Y188.092 E288.73769
G1 X212.258 Y187.659 E288.7521
G1 X212.36 Y187.148 E288.76943
G1 X212.543 Y186.618 E288.78808
G1 X212.931 Y186.052 E288.81091
G1 X213.258 Y185.717 E288.82648
G1 X213.599 Y185.435 E288.84119
G1 X214.07 Y185.187 E288.8589
G1 X214.627 Y184.98 E288.87866
G1 X215.394 Y184.899 E288.90432
G1 X215.988 Y184.978 E288.92425
G1 X216.63 Y185.195 E288.94679
G1 X217.162 Y185.531 E288.96771
G1 X217.462 Y185.787 E288.98083
G1 X217.826 Y186.171 E288.99843
G1 X218.094 Y186.643 E289.01648
G1 X218.251 Y187.023 E289.03016
G1 X218.341 Y187.352 E289.0415
G1 X218.408 Y187.829 E289.05752
G1 X218.39 Y188.474 E289.07898
G1 X218.235 Y189.012 E289.09761
G1 X218.001 Y189.51 E289.11591
G1 X217.74 Y189.898 E289.13146
G1 X217.394 Y190.252 E289.14792
G1 X217.151 Y190.451 E289.15837
G1 X216.657 Y190.746 E289.17751
G1 X216.307 Y190.894 E289.19015
G1 X215.895 Y191.02 E289.20448
G1 X215.467 Y191.062 E289.21878
G1 X215.062 Y191.055 E289.23225
G1 X214.611 Y190.978 E289.24747
G1 X214.266 Y190.87 E289.25949
G1 X213.755 Y190.625 E289.27834
G1 X213.377 Y190.356 E289.29377
G1 X213.023 Y190.023 E289.30994
G1 X212.727 Y189.634 E289.3262
G1 X212.505 Y189.246 E289.34106
G1 X212.364 Y188.827 E289.35577
G0 F9000 X212.068 Y188.931
G0 X206.667 Y198.968
G0 X206.524 Y199.238
G1 F1500 X206.53 Y199.241 E289.35599
G1 X207.223 Y199.565 E289.38143
G1 X207.976 Y199.866 E289.40841
G1 X208.678 Y200.113 E289.43316
G1 X209.431 Y200.338 E289.4593
G1 X209.913 Y200.464 E289.47587
G1 X210.927 Y200.686 E289.51039
G1 X211.496 Y200.781 E289.52958
G1 X212.027 Y200.842 E289.54736
G1 X212.342 Y200.868 E289.55787
G1 X212.718 Y200.879 E289.57038
G1 X213.169 Y200.868 E289.58538
G1 X213.585 Y200.825 E289.59929
G1 X214.118 Y200.725 E289.61733
G1 X214.422 Y200.648 E289.62776
G1 X214.695 Y200.557 E289.63733
G1 X215.123 Y200.381 E289.65272
G1 X215.404 Y200.24 E289.66318
G1 X215.669 Y200.093 E289.67326
G1 X215.987 Y199.885 E289.6859
G1 X216.196 Y199.734 E289.69447
G1 X216.552 Y199.449 E289.70964
G1 X216.858 Y199.176 E289.72328
G1 X217.154 Y198.889 E289.73699
G1 X217.523 Y198.504 E289.75473
G1 X218.017 Y197.93 E289.77992
G1 X218.449 Y197.38 E289.80318
G1 X218.924 Y196.744 E289.82958
G1 X219.996 Y195.247 E289.89082
G1 X220.874 Y193.973 E289.94228
G1 X221.244 Y193.407 E289.96477
G1 X221.585 Y192.853 E289.98641
G1 X221.801 Y192.462 E290.00127
G1 X222.081 Y191.911 E290.02183
G1 X222.255 Y191.514 E290.03624
G1 X222.356 Y191.244 E290.04583
G1 X222.536 Y190.677 E290.06562
G1 X222.639 Y190.238 E290.08061
G1 X222.735 Y189.658 E290.10017
G1 X222.772 Y189.204 E290.11532
G1 X222.779 Y188.651 E290.13371
G1 X222.731 Y188.102 E290.15204
G1 X222.695 Y187.831 E290.16113
G1 X222.617 Y187.405 E290.17554
G1 X222.482 Y186.807 E290.19593
G1 X222.289 Y186.108 E290.22005
G1 X222.036 Y185.272 E290.2491
G1 X221.285 Y183.066 E290.32661
G1 X220.742 Y181.391 E290.38517
G1 X220.351 Y180.106 E290.42984
G1 X220.088 Y179.191 E290.46151
G1 X219.73 Y177.853 E290.50758
G1 X219.285 Y176.116 E290.56722
G1 X219.143 Y175.637 E290.58383
G1 X218.909 Y174.969 E290.60737
G1 X218.75 Y174.59 E290.62104
G1 X218.61 Y174.306 E290.63158
G1 X218.414 Y173.962 E290.64474
G1 X218.22 Y173.677 E290.65621
G1 X218.019 Y173.426 E290.66691
G1 X217.661 Y173.082 E290.68342
G1 X217.189 Y172.791 E290.70186
G1 X216.794 Y172.647 E290.71585
G1 X216.453 Y172.59 E290.72734
G1 X216.088 Y172.575 E290.73949
G1 X215.678 Y172.641 E290.75331
G1 X215.36 Y172.749 E290.76448
G1 X215.112 Y172.856 E290.77346
G1 X214.785 Y173.067 E290.7864
G1 X214.437 Y173.366 E290.80166
G1 X214.189 Y173.645 E290.81408
G1 X214.032 Y173.853 E290.82275
G1 X213.895 Y174.063 E290.83109
G1 X213.748 Y174.316 E290.84082
G1 X213.532 Y174.773 E290.85763
G1 X213.344 Y175.258 E290.87493
G1 X213.199 Y175.686 E290.88996
G1 X213.208 Y175.698 E290.89046
G1 X213.091 Y176.087 E290.90397
G1 X212.816 Y177.195 E290.94194
G1 X212.446 Y178.837 E290.99792
G1 X212.234 Y179.682 E291.0269
G1 X211.898 Y180.865 E291.0678
G1 X211.615 Y181.693 E291.09691
G1 X211.379 Y182.329 E291.11947
G1 X211.178 Y182.818 E291.13705
G1 X210.866 Y183.527 E291.16282
G1 X210.567 Y184.153 E291.18589
G1 X210.256 Y184.763 E291.20867
G1 X209.815 Y185.573 E291.23934
G1 X209.204 Y186.629 E291.27992
G1 X208.731 Y187.394 E291.30983
G1 X207.941 Y188.638 E291.35885
G1 X206.755 Y190.449 E291.43085
G1 X206.074 Y191.517 E291.47298
G1 X205.765 Y192.026 E291.49278
G1 X205.281 Y192.865 E291.525
G1 X205.119 Y193.166 E291.53637
G1 X204.79 Y193.842 E291.56137
G1 X204.615 Y194.25 E291.57614
G1 X204.439 Y194.736 E291.59333
G1 X204.332 Y195.096 E291.60582
G1 X204.223 Y195.648 E291.62453
G1 X204.189 Y196.051 E291.63799
G1 X204.192 Y196.317 E291.64683
G1 X204.225 Y196.639 E291.6576
G1 X204.349 Y197.131 E291.67447
G1 X204.556 Y197.549 E291.68999
G1 X204.736 Y197.832 E291.70114
G1 X204.926 Y198.066 E291.71117
G1 X205.178 Y198.328 E291.72326
G1 X205.422 Y198.548 E291.73419
G1 X205.768 Y198.797 E291.74837
G1 X206.001 Y198.949 E291.75762
G1 X206.262 Y199.102 E291.76768
G1 X206.524 Y199.238 E291.7775
G0 F9000 X206.328 Y199.587
;TYPE:WALL-OUTER
G1 F1500 X206.353 Y199.6 E291.77844
G1 X207.064 Y199.932 E291.80454
G1 X207.835 Y200.24 E291.83215
G1 X208.554 Y200.493 E291.8575
G1 X209.323 Y200.723 E291.8842
G1 X209.819 Y200.853 E291.90125
G1 X210.851 Y201.079 E291.93639
G1 X211.44 Y201.177 E291.95625
G1 X211.988 Y201.24 E291.9746
G1 X212.32 Y201.268 E291.98568
G1 X212.717 Y201.279 E291.99889
G1 X213.195 Y201.268 E292.01479
G1 X213.643 Y201.221 E292.02977
G1 X214.204 Y201.116 E292.04875
G1 X214.535 Y201.032 E292.06011
G1 X214.834 Y200.932 E292.0706
G1 X215.289 Y200.745 E292.08696
G1 X215.59 Y200.594 E292.09816
G1 X215.876 Y200.436 E292.10903
G1 X216.214 Y200.215 E292.12246
G1 X216.438 Y200.052 E292.13167
G1 X216.81 Y199.755 E292.14751
G1 X217.131 Y199.469 E292.16181
G1 X217.438 Y199.171 E292.17604
G1 X217.819 Y198.773 E292.19436
G1 X218.325 Y198.184 E292.22019
G1 X218.717 Y197.689 E292.24119
G1 X219.249 Y196.977 E292.27075
G1 X220.308 Y195.501 E292.33117
G1 X221.206 Y194.196 E292.38386
G1 X221.563 Y193.652 E292.4055
G1 X221.931 Y193.055 E292.42883
G1 X222.155 Y192.65 E292.44422
G1 X222.443 Y192.082 E292.4654
G1 X222.626 Y191.664 E292.48058
G1 X222.734 Y191.374 E292.49087
G1 X222.922 Y190.783 E292.5115
G1 X223.031 Y190.316 E292.52745
G1 X223.133 Y189.707 E292.54799
G1 X223.172 Y189.222 E292.56417
G1 X223.179 Y188.636 E292.58366
G1 X223.129 Y188.058 E292.60296
G1 X223.09 Y187.768 E292.61269
G1 X223 Y187.281 E292.62916
G1 X222.87 Y186.709 E292.64867
G1 X222.672 Y185.993 E292.67338
G1 X222.417 Y185.15 E292.70267
G1 X221.665 Y182.942 E292.78025
G1 X221.124 Y181.275 E292.83854
G1 X220.735 Y179.996 E292.88301
G1 X220.474 Y179.088 E292.91443
G1 X220.118 Y177.754 E292.96035
G1 X219.671 Y176.01 E293.02023
G1 X219.525 Y175.517 E293.03733
G1 X219.281 Y174.822 E293.06183
G1 X219.114 Y174.424 E293.07619
G1 X218.963 Y174.118 E293.08754
G1 X218.754 Y173.75 E293.10161
G1 X218.542 Y173.439 E293.11413
G1 X218.315 Y173.156 E293.1262
G1 X218.02 Y172.872 E293.13982
G1 X217.793 Y172.693 E293.14943
G1 X217.364 Y172.429 E293.16619
G1 X216.896 Y172.259 E293.18275
G1 X216.495 Y172.192 E293.19627
G1 X216.064 Y172.173 E293.21062
G1 X215.581 Y172.251 E293.22689
G1 X215.216 Y172.375 E293.23971
G1 X214.923 Y172.502 E293.25034
G1 X214.55 Y172.743 E293.26511
G1 X214.216 Y173.011 E293.27935
G1 X213.879 Y173.391 E293.29624
G1 X213.704 Y173.623 E293.30591
G1 X213.555 Y173.853 E293.31502
G1 X213.394 Y174.13 E293.32568
G1 X213.164 Y174.615 E293.34353
G1 X212.968 Y175.121 E293.36158
G1 X212.809 Y175.591 E293.37808
G1 X212.819 Y175.604 E293.37863
G1 X212.705 Y175.981 E293.39173
G1 X212.427 Y177.103 E293.43017
G1 X212.056 Y178.749 E293.48629
G1 X211.85 Y179.572 E293.51451
G1 X211.51 Y180.765 E293.55577
G1 X211.24 Y181.554 E293.58351
G1 X211.009 Y182.177 E293.60561
G1 X210.812 Y182.657 E293.62286
G1 X210.505 Y183.355 E293.64823
G1 X210.211 Y183.971 E293.67093
G1 X209.904 Y184.572 E293.69337
G1 X209.469 Y185.373 E293.72369
G1 X208.854 Y186.434 E293.76448
G1 X208.393 Y187.18 E293.79365
G1 X207.607 Y188.418 E293.84242
G1 X206.432 Y190.209 E293.91366
G1 X205.734 Y191.306 E293.95691
G1 X205.421 Y191.822 E293.97698
G1 X204.931 Y192.67 E294.00956
G1 X204.763 Y192.984 E294.0214
G1 X204.426 Y193.676 E294.047
G1 X204.243 Y194.102 E294.06242
G1 X204.059 Y194.611 E294.08043
G1 X203.943 Y195 E294.09393
G1 X203.827 Y195.592 E294.11399
G1 X203.789 Y196.036 E294.12881
G1 X203.792 Y196.34 E294.13892
G1 X203.83 Y196.709 E294.15126
G1 X203.972 Y197.271 E294.17054
G1 X204.207 Y197.745 E294.18814
G1 X204.411 Y198.066 E294.20079
G1 X204.626 Y198.331 E294.21214
G1 X204.9 Y198.616 E294.22529
G1 X205.17 Y198.86 E294.23739
G1 X205.542 Y199.127 E294.25262
G1 X205.79 Y199.289 E294.26247
G1 X206.069 Y199.452 E294.27322
G1 X206.328 Y199.587 E294.28293
G0 F9000 X206.658 Y198.963
G0 X211.934 Y188.551
G0 X212.663 Y188.295
G1 F1500 X212.644 Y188.06 E294.29078
G1 X212.659 Y187.673 E294.30366
G1 X212.738 Y187.278 E294.31706
G1 X212.907 Y186.788 E294.3343
G1 X213.251 Y186.297 E294.35424
G1 X213.512 Y186.025 E294.36677
G1 X213.84 Y185.76 E294.3808
G1 X214.212 Y185.561 E294.39483
G1 X214.721 Y185.369 E294.41292
G1 X215.368 Y185.304 E294.43455
G1 X215.914 Y185.371 E294.45285
G1 X216.439 Y185.552 E294.47132
G1 X216.902 Y185.835 E294.48937
G1 X217.219 Y186.107 E294.50326
G1 X217.487 Y186.395 E294.51634
G1 X217.758 Y186.866 E294.53442
G1 X217.879 Y187.17 E294.5453
G1 X217.959 Y187.477 E294.55585
G1 X218.009 Y187.858 E294.56863
G1 X217.991 Y188.406 E294.58687
G1 X217.853 Y188.891 E294.60364
G1 X217.649 Y189.32 E294.61944
G1 X217.428 Y189.646 E294.63254
G1 X217.111 Y189.968 E294.64757
G1 X216.875 Y190.156 E294.6576
G1 X216.497 Y190.38 E294.67222
G1 X216.191 Y190.512 E294.6833
G1 X215.796 Y190.628 E294.69699
G1 X215.428 Y190.664 E294.70929
G1 X215.09 Y190.656 E294.72054
G1 X214.699 Y190.587 E294.73374
G1 X214.39 Y190.489 E294.74453
G1 X213.941 Y190.27 E294.76114
G1 X213.635 Y190.05 E294.77368
G1 X213.338 Y189.776 E294.78712
G1 X213.09 Y189.46 E294.80048
G1 X212.882 Y189.1 E294.8143
G1 X212.736 Y188.687 E294.82887
G1 X212.668 Y188.364 E294.83985
G1 X212.663 Y188.295 E294.84215
G0 F9000 X211.934 Y188.551
G0 X212.281 Y189.537
G0 X212.53 Y189.451
;TYPE:FILL
G1 F3000 X206.447 Y191.082 E295.05162
G0 F9000 X206.64 Y191.205
G0 X205.864 Y192.472
G0 X205.665 Y192.357
G1 F3000 X212.45 Y199.142 E295.37077
G0 F9000 X212.428 Y198.924
G0 X213.964 Y198.696
G0 X214.011 Y198.911
G1 F3000 X216.122 Y191.033 E295.64203
G0 F9000 X216.225 Y191.274
G0 X217.258 Y190.682
G0 X217.935 Y190.059
G0 X218.215 Y189.646
G0 X218.356 Y189.347
G0 X218.707 Y188.208
G0 X218.477 Y188.199
G1 F3000 X220.945 Y190.667 E295.75812
G0 F9000 X220.744 Y190.58
G0 X219.191 Y193.721
G0 X219.381 Y193.827
G1 F3000 X204.772 Y197.742 E296.26116
G0 F9000 X204.967 Y197.618
G0 X207.857 Y198.625
G0 X207.818 Y198.842
G1 F3000 X214.67 Y173.271 E297.14166
G0 F9000 X214.816 Y173.439
G0 X213.81 Y174.915
G0 X213.595 Y174.831
G1 F3000 X220.898 Y182.134 E297.48517
G0 F9000 X220.682 Y182.204
G0 X220.347 Y181.153
G0 X220.565 Y181.087
G1 F3000 X210.881 Y183.682 E297.81863
G0 F9000 X211.09 Y183.782
G0 X211.99 Y181.567
G0 X211.768 Y181.49
G1 F3000 X215.124 Y184.845 E297.97646
G0 F9000 X215.104 Y184.618
G0 X216.074 Y184.74
G0 X217.213 Y185.137
G0 X217.688 Y185.572
G0 X217.537 Y185.751
G1 F3000 X219.651 Y177.864 E298.24804
G0 F9000 X219.429 Y177.92
G0 X218.733 Y175.379
G0 X218.944 Y175.31
G1 F3000 X212.97 Y176.91 E298.45374
G0 F9000 X213.192 Y176.964
G0 X212.003 Y181.345
G0 X211.097 Y183.627
G0 X210.797 Y184.213
G0 X209.16 Y187.292
G0 X208.963 Y187.17
G1 F3000 X217.914 Y196.121 E298.87477
G0 F9000 X217.737 Y195.99
G0 X218.682 Y188.143
G0 X218.488 Y187.855
G1 F3000 X222.398 Y186.807 E299.00941
G0 F9000 X222.18 Y186.867
G0 X206.976 Y198.541
G0 X206.785 Y198.958
G0 X207.086 Y199.043
;TYPE:SKIN
G1 F1174.2 X207.151 Y198.817 E299.0194
G1 F1090.9 X209.25 Y199.198 E299.11696
G1 F1212.1 X209.672 Y199.136 E299.13452
G1 F1500 X210.425 Y199.192 E299.15963
G1 X211.399 Y199.22 E299.19204
G1 X211.975 Y199.212 E299.2112
G1 X212.4 Y199.188 E299.22536
G1 X213.23 Y199.102 E299.25311
G1 X213.674 Y199.026 E299.26809
G1 X214.132 Y198.924 E299.2837
G1 X214.679 Y198.755 E299.30274
G1 X214.997 Y198.631 E299.31409
G1 X215.377 Y198.448 E299.32812
G1 X215.82 Y198.19 E299.34517
G1 X216.224 Y197.911 E299.3615
G1 X216.648 Y197.56 E299.37981
G1 X217.16 Y197.06 E299.40361
G1 X217.487 Y196.709 E299.41957
G1 X217.871 Y196.239 E299.43975
G1 X218.357 Y195.584 E299.46688
G1 X218.735 Y195.015 E299.4896
G1 X219.148 Y194.332 E299.51615
G1 X219.828 Y193.101 E299.56292
G1 X220.199 Y192.362 E299.59043
G1 X220.918 Y190.825 E299.64686
G1 X221.152 Y190.293 E299.66619
G1 X221.593 Y189.233 E299.70438
G1 X221.701 Y188.946 E299.71458
G1 F1321.6 X221.862 Y188.596 E299.72912
G1 F1244.8 X221.905 Y188.275 E299.7421
G1 F1327.4 X221.94 Y187.534 E299.76998
G1 F1342.3 X222.245 Y187.52 E299.78133
G1 X222.349 Y188.14 E299.8047
G1 F1257.9 X222.362 Y188.662 E299.82541
G1 F1321.6 X222.42 Y189.108 E299.84239
G1 F1496.3 X222.376 Y189.599 E299.85882
G1 F1500 X222.287 Y190.156 E299.87758
G1 X222.183 Y190.589 E299.8924
G1 X222.015 Y191.114 E299.91073
G1 X221.914 Y191.385 E299.92035
G1 X221.765 Y191.73 E299.93285
G1 X221.487 Y192.278 E299.95329
G1 X221.28 Y192.653 E299.96753
G1 X220.939 Y193.213 E299.98934
G1 X220.576 Y193.764 E300.01129
G1 X219.701 Y195.034 E300.06258
G1 X218.636 Y196.523 E300.12347
G1 X218.116 Y197.218 E300.15234
G1 X217.741 Y197.691 E300.17242
G1 X217.263 Y198.253 E300.19695
G1 X216.908 Y198.623 E300.21401
G1 X216.62 Y198.901 E300.22732
G1 X216.326 Y199.167 E300.24051
G1 X215.89 Y199.513 E300.25902
G1 X215.478 Y199.787 E300.27548
G1 X214.979 Y200.046 E300.29418
G1 X214.561 Y200.22 E300.30924
G1 X214.324 Y200.3 E300.31756
G1 X214.05 Y200.369 E300.32695
G1 X213.53 Y200.47 E300.34457
G1 X213.152 Y200.508 E300.35721
G1 X212.729 Y200.516 E300.37128
G1 X212.353 Y200.508 E300.38379
G1 X211.552 Y200.425 E300.41057
G1 X210.998 Y200.329 E300.42927
G1 X209.971 Y200.105 E300.46423
G1 X209.515 Y199.984 E300.47993
G1 F1212.1 X209.143 Y199.774 E300.49751
G1 F1090.9 X208.292 Y199.545 E300.53781
G1 F1174.2 X207.381 Y199.178 E300.57954
G1 X207.086 Y199.043 E300.59333
G0 F9000 X206.785 Y198.958
G0 X206.785 Y198.236
G0 X215.685 Y197.97
G0 X216.09 Y198.649
G1 F953.9 X216.535 Y198.293 E300.62313
G1 F1081.1 X216.929 Y197.928 E300.64792
G1 F1224.5 X217.407 Y197.415 E300.67649
G1 F1385.7 X217.774 Y196.992 E300.69665
G1 F1511.3 X218.177 Y196.477 E300.71824
G1 F1587.3 X218.665 Y195.815 E300.74409
G1 F1562.5 X219.069 Y195.229 E300.76681
G1 F1418.4 X219.517 Y194.545 E300.79557
G1 F1169.6 X220.17 Y193.487 E300.84861
G1 F983.6 X220.496 Y192.931 E300.8813
G1 F891.5 X220.804 Y192.371 E300.91706
G1 F826.4 X221.235 Y191.502 E300.97562
G1 F807.5 X221.389 Y191.156 E300.99902
G1 F855.9 X221.674 Y190.423 E301.04486
G1 F944.9 X221.791 Y190.057 E301.06515
G0 F9000 X221.093 Y189.765
G0 X215.323 Y198.181
G0 X215.557 Y198.586
G1 F1500 X215.817 Y198.847 E301.0774
G0 F9000 X215.762 Y199.357
G1 F1500 X215.174 Y198.769 E301.10506
G0 F9000 X214.772 Y198.933
G1 F1500 X215.422 Y199.583 E301.13563
G0 F9000 X215.055 Y199.781
G1 F1500 X214.342 Y199.068 E301.16917
G0 F9000 X213.891 Y199.183
G1 F1500 X214.667 Y199.959 E301.20567
G0 F9000 X214.253 Y200.111
G1 F1500 X213.415 Y199.273 E301.24509
G0 F9000 X212.913 Y199.336
G1 F1500 X213.792 Y200.215 E301.28643
G0 F9000 X213.302 Y200.292
G1 F1500 X212.4 Y199.389 E301.32888
G0 F9000 X211.859 Y199.414
G1 F1500 X212.76 Y200.315 E301.37126
G0 F9000 X212.166 Y200.287
G1 F1500 X211.296 Y199.417 E301.41219
G0 F9000 X210.714 Y199.4
G1 F1500 X211.532 Y200.218 E301.45066
G0 F9000 X210.837 Y200.089
G1 F1500 X210.118 Y199.37 E301.48448
G0 F9000 X210.113 Y199.931
G1 F1500 X209.556 Y199.374 E301.51068
G0 F9000 X209.616 Y198.572
;MESH:NONMESH
G0 F300 Z3.6
G0 F9000 X212.068 Y188.931
G0 X212.364 Y188.827
;TIME_ELAPSED:457.251247
;LAYER:17
;TYPE:WALL-INNER
;MESH:Rock Wall Hold Knob 1.stl
G1 F1500 X212.345 Y188.771 E301.51265
G1 X212.269 Y188.396 E301.52537
G1 X212.244 Y188.022 E301.53784
G1 X212.266 Y187.597 E301.552
G1 X212.338 Y187.225 E301.5646
G1 X212.543 Y186.619 E301.58588
G1 X212.902 Y186.093 E301.60706
G1 X213.258 Y185.716 E301.6243
G1 X213.599 Y185.435 E301.639
G1 X214.07 Y185.187 E301.6567
G1 X214.621 Y184.977 E301.67632
G1 X215.4 Y184.9 E301.70235
G1 X216.016 Y184.981 E301.72302
G1 X216.616 Y185.189 E301.74414
G1 X217.129 Y185.502 E301.76413
G1 X217.512 Y185.835 E301.78101
G1 X217.828 Y186.175 E301.79644
G1 X218.119 Y186.696 E301.81629
G1 X218.266 Y187.065 E301.8295
G1 X218.355 Y187.427 E301.8419
G1 X218.409 Y187.857 E301.85632
G1 X218.387 Y188.488 E301.87732
G1 X218.241 Y188.991 E301.89474
G1 X218.011 Y189.49 E301.91301
G1 X217.757 Y189.876 E301.92838
G1 X217.363 Y190.279 E301.94713
G1 X217.079 Y190.5 E301.95909
G1 X216.656 Y190.746 E301.97537
G1 X216.307 Y190.895 E301.98799
G1 X215.894 Y191.02 E302.00234
G1 X215.45 Y191.063 E302.01718
G1 X215.039 Y191.053 E302.03085
G1 X214.63 Y190.982 E302.04466
G1 X214.24 Y190.86 E302.05825
G1 X213.728 Y190.609 E302.07722
G1 X213.413 Y190.384 E302.09009
G1 X213.075 Y190.08 E302.10521
G1 X212.775 Y189.707 E302.12113
G1 X212.506 Y189.249 E302.1388
G1 X212.364 Y188.827 E302.15361
G0 F9000 X212.068 Y188.931
G0 X206.377 Y198.153
G0 X206.182 Y198.658
G0 X206.566 Y199.163
G1 F1503.8 X207.003 Y199.357 E302.16947
G1 F1500 X207.494 Y199.548 E302.18699
G1 X208.176 Y199.78 E302.21095
G1 X209.027 Y200.037 E302.24052
G1 X209.883 Y200.235 E302.26974
G1 X210.365 Y200.324 E302.28605
G1 X211.148 Y200.446 E302.3124
G1 X212.266 Y200.511 E302.34965
G1 X212.802 Y200.496 E302.36748
G1 X213.328 Y200.459 E302.38502
G1 X213.983 Y200.347 E302.40712
G1 X214.252 Y200.283 E302.41632
G1 X214.617 Y200.179 E302.42894
G1 X215.063 Y200.021 E302.44468
G1 X215.592 Y199.764 E302.46424
G1 X215.968 Y199.536 E302.47887
G1 X216.217 Y199.364 E302.48893
G1 X216.592 Y199.074 E302.5047
G1 X217.003 Y198.708 E302.523
G1 X217.471 Y198.235 E302.54514
G1 X217.742 Y197.935 E302.55858
G1 X218.148 Y197.448 E302.57967
G1 X218.6 Y196.863 E302.60426
G1 X219.186 Y196.061 E302.6373
G1 X220.054 Y194.793 E302.6884
G1 X220.876 Y193.509 E302.73911
G1 X221.208 Y192.945 E302.76088
G1 X221.57 Y192.272 E302.7863
G1 X221.756 Y191.897 E302.80022
G1 X222.027 Y191.283 E302.82254
G1 X222.246 Y190.682 E302.84382
G1 X222.392 Y190.196 E302.86069
G1 X222.479 Y189.827 E302.8733
G1 X222.576 Y189.266 E302.89224
G1 X222.616 Y188.825 E302.90697
G1 X222.623 Y188.271 E302.92539
G1 X222.562 Y187.782 E302.94179
G1 X222.569 Y187.774 E302.94214
G1 X222.489 Y187.327 E302.95724
G1 X222.396 Y186.88 E302.97243
G1 X222.149 Y185.974 E303.00366
G1 X221.91 Y185.208 E303.03035
G1 X221.101 Y182.801 E303.11481
G1 X220.609 Y181.281 E303.16795
G1 X220.005 Y179.268 E303.23785
G1 X219.696 Y178.15 E303.27643
G1 X219.256 Y176.336 E303.33851
G1 X219.088 Y175.724 E303.35962
G1 X218.903 Y175.151 E303.37964
G1 X218.731 Y174.716 E303.3952
G1 X218.551 Y174.354 E303.40865
G1 X218.262 Y173.863 E303.4276
G1 X217.981 Y173.519 E303.44237
G1 X217.748 Y173.286 E303.45333
G1 X217.487 Y173.08 E303.46439
G1 X217.257 Y172.943 E303.4733
G1 X216.868 Y172.773 E303.48741
G1 X216.516 Y172.705 E303.49934
G1 X216.165 Y172.683 E303.51104
G1 X215.684 Y172.756 E303.52722
G1 X215.279 Y172.913 E303.54166
G1 X214.965 Y173.087 E303.5536
G1 X214.722 Y173.266 E303.56364
G1 X214.465 Y173.509 E303.57541
G1 X214.254 Y173.75 E303.58606
G1 X213.953 Y174.204 E303.60418
G1 X213.802 Y174.487 E303.61485
G1 X213.626 Y174.868 E303.62881
G1 X213.452 Y175.331 E303.64526
G1 X213.245 Y176.001 E303.66858
G1 X213.063 Y176.695 E303.69244
G1 X212.569 Y178.881 E303.76698
G1 X212.233 Y180.163 E303.81106
G1 X212.088 Y180.663 E303.82838
G1 X211.795 Y181.583 E303.86049
G1 X211.483 Y182.413 E303.88998
G1 X211.309 Y182.836 E303.9052
G1 X210.899 Y183.757 E303.93873
G1 X210.389 Y184.777 E303.97666
G1 X210.096 Y185.32 E303.99718
G1 X209.414 Y186.502 E304.04257
G1 X208.598 Y187.81 E304.09384
G1 X208.15 Y188.51 E304.12148
G1 X206.623 Y190.831 E304.21389
G1 X205.791 Y192.154 E304.26587
G1 X205.28 Y193.044 E304.3
G1 X205.09 Y193.411 E304.31375
G1 X204.761 Y194.1 E304.33914
G1 X204.631 Y194.418 E304.35057
G1 X204.425 Y195.033 E304.37214
G1 X204.337 Y195.383 E304.38415
G1 X204.269 Y195.827 E304.39909
G1 X204.243 Y196.147 E304.40976
G1 X204.269 Y196.467 E304.42044
G1 X204.305 Y196.717 E304.42884
G1 X204.371 Y196.971 E304.43757
G1 X204.488 Y197.296 E304.44906
G1 X204.619 Y197.552 E304.45863
G1 X204.781 Y197.813 E304.46884
G1 X205.003 Y198.082 E304.48044
G1 X205.266 Y198.351 E304.49296
G1 X205.613 Y198.619 E304.50754
G1 X205.885 Y198.797 E304.51835
G1 X206.172 Y198.965 E304.52941
G1 X206.519 Y199.142 E304.54237
G1 F1503.8 X206.566 Y199.163 E304.54408
G0 F9000 X206.37 Y199.513
;TYPE:WALL-OUTER
G1 F1500 X206.849 Y199.727 E304.56152
G1 X207.357 Y199.924 E304.57965
G1 X208.054 Y200.161 E304.60413
G1 X208.921 Y200.423 E304.63426
G1 X209.804 Y200.627 E304.6644
G1 X210.298 Y200.718 E304.68111
G1 X211.106 Y200.844 E304.7083
G1 X212.26 Y200.911 E304.74675
G1 X212.822 Y200.896 E304.76545
G1 X213.376 Y200.857 E304.78392
G1 X214.063 Y200.739 E304.80711
G1 X214.353 Y200.67 E304.81702
G1 X214.739 Y200.561 E304.83036
G1 X215.218 Y200.391 E304.84727
G1 X215.784 Y200.116 E304.8682
G1 X216.186 Y199.872 E304.88384
G1 X216.453 Y199.686 E304.89466
G1 X216.848 Y199.382 E304.91124
G1 X217.278 Y198.998 E304.93041
G1 X217.762 Y198.51 E304.95327
G1 X218.044 Y198.197 E304.96729
G1 X218.46 Y197.698 E304.98889
G1 X218.92 Y197.103 E305.01391
G1 X219.512 Y196.292 E305.0473
G1 X220.365 Y195.049 E305.09744
G1 X221.217 Y193.719 E305.14998
G1 X221.557 Y193.141 E305.17228
G1 X221.926 Y192.456 E305.19816
G1 X222.118 Y192.067 E305.21259
G1 X222.398 Y191.433 E305.23564
G1 X222.626 Y190.808 E305.25777
G1 X222.778 Y190.3 E305.2754
G1 X222.871 Y189.907 E305.28884
G1 X222.973 Y189.318 E305.30872
G1 X223.016 Y188.845 E305.32452
G1 X223.023 Y188.248 E305.34437
G1 X222.96 Y187.749 E305.3611
G1 X222.969 Y187.739 E305.36155
G1 X222.881 Y187.245 E305.37824
G1 X222.785 Y186.787 E305.3938
G1 X222.531 Y185.855 E305.42593
G1 X222.289 Y185.081 E305.4529
G1 X221.481 Y182.678 E305.53723
G1 X220.992 Y181.166 E305.59008
G1 X220.391 Y179.162 E305.65967
G1 X220.085 Y178.056 E305.69783
G1 X219.642 Y176.231 E305.7603
G1 X219.472 Y175.61 E305.78171
G1 X219.279 Y175.016 E305.80248
G1 X219.097 Y174.554 E305.819
G1 X218.903 Y174.164 E305.83349
G1 X218.594 Y173.638 E305.85378
G1 X218.279 Y173.251 E305.87037
G1 X218.014 Y172.986 E305.88284
G1 X217.714 Y172.75 E305.89553
G1 X217.44 Y172.587 E305.90614
G1 X216.988 Y172.389 E305.92255
G1 X216.566 Y172.307 E305.93685
G1 X216.14 Y172.282 E305.95104
G1 X215.58 Y172.367 E305.96988
G1 X215.109 Y172.55 E305.98669
G1 X214.749 Y172.749 E306.00037
G1 X214.465 Y172.958 E306.0121
G1 X214.177 Y173.231 E306.0253
G1 X213.936 Y173.506 E306.03746
G1 X213.609 Y173.999 E306.05713
G1 X213.444 Y174.309 E306.06881
G1 X213.257 Y174.714 E306.08365
G1 X213.074 Y175.201 E306.10095
G1 X212.861 Y175.891 E306.12497
G1 X212.675 Y176.6 E306.14935
G1 X212.182 Y178.779 E306.22366
G1 X211.849 Y180.052 E306.26742
G1 X211.707 Y180.541 E306.28436
G1 X211.42 Y181.443 E306.31584
G1 X211.113 Y182.261 E306.3449
G1 X210.943 Y182.674 E306.35976
G1 X210.54 Y183.581 E306.39277
G1 X210.037 Y184.587 E306.43017
G1 X209.75 Y185.12 E306.45031
G1 X209.078 Y186.285 E306.49504
G1 X208.262 Y187.594 E306.54635
G1 X207.816 Y188.29 E306.57384
G1 X206.285 Y190.618 E306.66651
G1 X205.448 Y191.948 E306.71878
G1 X204.928 Y192.852 E306.75347
G1 X204.732 Y193.233 E306.76772
G1 X204.395 Y193.938 E306.79371
G1 X204.256 Y194.278 E306.80592
G1 X204.041 Y194.921 E306.82847
G1 X203.945 Y195.304 E306.84161
G1 X203.871 Y195.78 E306.85763
G1 X203.841 Y196.147 E306.86988
G1 X203.871 Y196.513 E306.88209
G1 X203.913 Y196.796 E306.89161
G1 X203.988 Y197.089 E306.90166
G1 X204.12 Y197.456 E306.91464
G1 X204.271 Y197.749 E306.9256
G1 X204.455 Y198.047 E306.93725
G1 X204.705 Y198.35 E306.95031
G1 X204.906 Y198.555 E306.95986
G1 X205.112 Y198.737 E306.96901
G1 X205.381 Y198.945 E306.98031
G1 X205.674 Y199.137 E306.99197
G1 X205.98 Y199.316 E307.00376
G1 X206.347 Y199.503 E307.01746
G1 X206.37 Y199.513 E307.01829
G0 F9000 X206.182 Y198.658
G0 X205.993 Y198.138
G0 X211.934 Y188.551
G0 X212.663 Y188.295
G1 F1500 X212.644 Y188.06 E307.02613
G1 X212.659 Y187.673 E307.03901
G1 X212.731 Y187.301 E307.05162
G1 X212.907 Y186.792 E307.06953
G1 X213.231 Y186.321 E307.08854
G1 X213.512 Y186.025 E307.10212
G1 X213.84 Y185.76 E307.11614
G1 X214.212 Y185.561 E307.13017
G1 X214.748 Y185.364 E307.14917
G1 X215.383 Y185.304 E307.17038
G1 X215.902 Y185.369 E307.18778
G1 X216.43 Y185.548 E307.20632
G1 X216.902 Y185.835 E307.2247
G1 X217.219 Y186.107 E307.23859
G1 X217.515 Y186.433 E307.25323
G1 X217.755 Y186.861 E307.26955
G1 X217.884 Y187.184 E307.28112
G1 X217.959 Y187.481 E307.29131
G1 X218.009 Y187.859 E307.30399
G1 X217.991 Y188.405 E307.32216
G1 X217.849 Y188.898 E307.33923
G1 X217.652 Y189.313 E307.35451
G1 X217.43 Y189.644 E307.36776
G1 X217.111 Y189.968 E307.38288
G1 X216.899 Y190.14 E307.39196
G1 X216.496 Y190.38 E307.40757
G1 X216.191 Y190.512 E307.41862
G1 X215.796 Y190.628 E307.43231
G1 X215.422 Y190.664 E307.44481
G1 X215.069 Y190.654 E307.45655
G1 X214.699 Y190.587 E307.46906
G1 X214.392 Y190.49 E307.47977
G1 X213.951 Y190.276 E307.49607
G1 X213.647 Y190.059 E307.50849
G1 X213.355 Y189.795 E307.52159
G1 X213.09 Y189.46 E307.53579
G1 X212.882 Y189.1 E307.54962
G1 X212.736 Y188.687 E307.56419
G1 X212.668 Y188.364 E307.57517
G1 X212.663 Y188.295 E307.57747
G0 F9000 X211.934 Y188.551
G0 X212.329 Y189.673
G0 X212.604 Y189.578
;TYPE:FILL
G1 F3000 X206.473 Y191.221 E307.78859
G0 F9000 X206.666 Y191.344
G0 X206.001 Y192.409
G0 X205.802 Y192.295
G1 F3000 X212.373 Y198.866 E308.09766
G0 F9000 X212.36 Y198.647
G0 X213.887 Y198.426
G0 X213.938 Y198.641
G1 F3000 X215.965 Y191.077 E308.35812
G0 F9000 X216.077 Y191.338
G0 X217.258 Y190.682
G0 X217.935 Y190.059
G0 X218.215 Y189.646
G0 X218.416 Y189.219
G0 X218.682 Y188.143
G0 X218.483 Y188.006
G1 F3000 X220.788 Y190.31 E308.46652
G0 F9000 X220.591 Y190.225
G0 X221.368 Y187.188
G0 X221.586 Y187.171
G1 F3000 X218.484 Y188.002 E308.57333
G0 F9000 X218.682 Y188.143
G0 X218.931 Y188.093
G0 X218.338 Y186.572
G0 X218.164 Y186.263
G0 X217.567 Y185.47
G0 X217.42 Y185.644
G1 F3000 X219.526 Y177.786 E308.84391
G0 F9000 X219.305 Y177.839
G0 X218.702 Y175.531
G0 X218.919 Y175.462
G1 F3000 X213.07 Y177.03 E309.04532
G0 F9000 X213.294 Y177.082
G0 X213.962 Y174.885
G0 X213.751 Y174.788
G1 F3000 X220.658 Y181.695 E309.3702
G0 F9000 X220.515 Y181.246
G1 F3000 X210.964 Y183.806 E309.69908
G0 F9000 X211.169 Y183.906
G0 X212.141 Y181.515
G0 X211.923 Y181.445
G1 F3000 X215.308 Y184.831 E309.85833
G0 F9000 X215.287 Y184.601
G0 X214.575 Y184.729
G0 X214.207 Y184.87
G0 X209.315 Y187.249
G0 X209.118 Y187.126
G1 F3000 X217.799 Y195.807 E310.26665
G0 F9000 X217.623 Y195.677
G0 X218.724 Y193.991
G0 X218.916 Y194.098
G1 F3000 X204.915 Y197.85 E310.74876
G0 F9000 X205.094 Y197.704
G0 X207.784 Y198.346
G0 X207.747 Y198.563
G1 F3000 X214.411 Y173.692 E311.60515
G0 F9000 X214.586 Y173.845
G0 X206.894 Y198.185
G0 X206.772 Y198.795
;TYPE:SKIN
G1 F1167.3 X206.471 Y198.662 E311.61922
G1 X206.544 Y198.437 E311.62933
G1 X207.194 Y198.565 E311.65764
G1 X207.771 Y198.664 E311.68266
G1 F1113.2 X208.392 Y198.794 E311.7111
G1 F1041.7 X208.71 Y198.851 E311.72657
G1 F1153.8 X209.021 Y198.823 E311.74007
G1 F1408.5 X209.101 Y198.807 E311.74296
G1 F1500 X209.797 Y198.872 E311.76621
G1 X210.816 Y198.928 E311.80015
G1 X211.251 Y198.936 E311.81463
G1 X212.088 Y198.924 E311.84247
G1 X212.69 Y198.884 E311.86253
G1 X213.403 Y198.791 E311.88645
G1 X213.733 Y198.729 E311.89762
G1 X214.111 Y198.639 E311.91054
G1 X214.616 Y198.483 E311.92812
G1 X215.143 Y198.253 E311.94724
G1 X215.435 Y198.097 E311.95826
G1 X215.732 Y197.911 E311.96991
G1 X216.095 Y197.655 E311.98469
G1 X216.383 Y197.419 E311.99707
G1 X216.729 Y197.099 E312.01274
G1 X217.296 Y196.503 E312.04011
G1 X217.684 Y196.027 E312.06053
G1 X218.15 Y195.391 E312.08675
G1 X218.531 Y194.819 E312.10961
G1 X218.937 Y194.139 E312.13595
G1 X219.532 Y193.057 E312.17702
G1 X219.79 Y192.561 E312.19562
G1 X220.55 Y190.962 E312.2545
G1 X221.293 Y189.231 E312.31716
G1 X221.507 Y188.657 E312.33753
G1 F1287.6 X221.663 Y188.32 E312.35192
G1 F1167.3 X221.689 Y188.013 E312.36509
G1 F1255.2 X221.693 Y187.662 E312.37904
G1 F1351.4 X221.606 Y186.764 E312.41235
G1 F1398.6 X221.96 Y186.714 E312.4251
G1 X222.059 Y187.069 E312.43825
G1 F1327.4 X222.17 Y187.8 E312.46604
G1 F1190.5 X222.193 Y188.37 E312.48994
G1 F1287.6 X222.256 Y188.793 E312.50652
G1 F1500 X222.217 Y189.205 E312.52028
G1 X222.125 Y189.73 E312.53801
G1 X222.041 Y190.095 E312.55047
G1 X221.91 Y190.542 E312.56596
G1 X221.694 Y191.137 E312.58701
G1 X221.43 Y191.739 E312.60887
G1 X221.249 Y192.105 E312.62246
G1 X220.902 Y192.751 E312.64684
G1 X220.574 Y193.307 E312.66832
G1 X219.755 Y194.584 E312.71877
G1 X218.924 Y195.806 E312.76792
G1 X218.268 Y196.702 E312.80486
G1 X217.871 Y197.209 E312.82628
G1 X217.469 Y197.695 E312.84725
G1 X217.21 Y197.986 E312.86021
G1 X216.762 Y198.438 E312.88138
G1 X216.355 Y198.797 E312.89943
G1 X216.064 Y199.027 E312.91177
G1 X215.77 Y199.232 E312.92369
G1 X215.416 Y199.448 E312.93748
G1 X214.922 Y199.687 E312.95573
G1 X214.543 Y199.821 E312.9691
G1 X213.904 Y199.992 E312.9911
G1 X213.283 Y200.101 E313.01207
G1 X212.825 Y200.133 E313.02734
G1 X212.276 Y200.148 E313.04561
G1 X211.182 Y200.084 E313.08206
G1 X210.43 Y199.967 E313.10737
G1 X209.971 Y199.881 E313.1229
G1 X208.981 Y199.654 E313.15669
G1 F1214.6 X208.585 Y199.425 E313.17548
G1 F1038.1 X208.31 Y199.354 E313.18913
G1 F1109.1 X207.646 Y199.16 E313.22024
G1 F1167.3 X207.16 Y198.967 E313.24259
G1 X206.772 Y198.795 E313.26073
G0 F9000 X206.894 Y198.185
G0 X209.192 Y198.558
G0 X209.128 Y199.243
G1 F1123.6 X210.074 Y199.389 E313.30323
G1 F946.4 X210.595 Y199.452 E313.3309
G0 F9000 X210.966 Y199.664
G1 F1174.2 X210.595 Y199.452 E313.34906
G1 X210.996 Y199.31 E313.36713
G1 F1657.5 X211.348 Y199.319 E313.37773
G1 F1630.4 X211.342 Y199.705 E313.38954
G1 F1657.5 X210.966 Y199.664 E313.40093
G1 F2400 E312.90093
G0 F9000 X210.867 Y200.3
G0 X212.793 Y200.335
G0 X213.951 Y200.19
G0 X214.801 Y199.933
G0 X216.127 Y199.304
G0 X215.762 Y198.778
G1 F2400 E313.40093
G1 F1690.1 X215.589 Y198.444 E313.41203
G1 X215.752 Y198.34 E313.41774
G1 F1176.5 X216.166 Y198.252 E313.43569
G1 X215.956 Y198.629 E313.45399
G1 F1690.1 X215.762 Y198.778 E313.46121
G0 F9000 X216.166 Y198.252
G1 F925.9 X216.397 Y198.071 E313.47702
G1 F986.8 X216.723 Y197.775 E313.49928
G1 F1058.2 X217.051 Y197.446 E313.52118
G1 F1160.5 X217.624 Y196.8 E313.55831
G1 F1257.9 X218.033 Y196.283 E313.58445
G1 F1279.3 X218.494 Y195.65 E313.61499
G1 F1265.8 X218.9 Y195.054 E313.64341
G1 F1192.8 X219.338 Y194.372 E313.67731
G1 F1025.6 X220.13 Y193.032 E313.75303
G1 F902.3 X220.428 Y192.48 E313.78771
G1 F848.7 X220.922 Y191.487 E313.85292
G1 F828.7 X221.177 Y190.918 E313.89045
G1 F852.3 X221.393 Y190.37 E313.92493
G1 F909.1 X221.533 Y189.977 E313.94783
G1 F2400 E313.44783
G0 F9000 X220.826 Y189.673
G0 X206.194 Y197.843
G0 X206.178 Y198.772
G0 X207.549 Y199.397
G0 X209.07 Y199.882
G0 X211.166 Y200.286
G0 X212.793 Y200.335
G0 X213.951 Y200.19
G0 X214.801 Y199.933
G0 X215.967 Y199.415
G0 X215.667 Y198.981
G1 F2400 E313.94783
G1 F1500 X215.464 Y199.183 E313.95735
G0 F9000 X215.475 Y198.607
G1 F1500 X214.441 Y199.64 E314.00597
G0 F9000 X213.688 Y199.828
G1 F1500 X214.972 Y198.544 E314.06636
G0 F9000 X214.105 Y198.845
G1 F1500 X213.032 Y199.918 E314.11683
G0 F9000 X212.441 Y199.944
G1 F1500 X213.391 Y198.994 E314.16152
G0 F9000 X212.74 Y199.079
G1 F1500 X211.894 Y199.925 E314.20131
G0 F9000 X211.527 Y199.726
G1 F1500 X212.131 Y199.122 E314.22972
G0 F9000 X212.084 Y198.364
;MESH:NONMESH
G0 F300 Z3.8
G0 F9000 X212.068 Y188.931
G0 X212.364 Y188.827
;TIME_ELAPSED:477.570202
;LAYER:18
;TYPE:WALL-INNER
;MESH:Rock Wall Hold Knob 1.stl
G1 F1500 X212.345 Y188.771 E314.23169
G1 X212.273 Y188.43 E314.24328
G1 X212.245 Y188.092 E314.25456
G1 X212.258 Y187.653 E314.26917
G1 X212.36 Y187.148 E314.2863
G1 X212.548 Y186.604 E314.30545
G1 X212.902 Y186.093 E314.32612
G1 X213.212 Y185.758 E314.3413
G1 X213.601 Y185.434 E314.35814
G1 X214.07 Y185.187 E314.37577
G1 X214.623 Y184.977 E314.39545
G1 X215.399 Y184.9 E314.42138
G1 X216.014 Y184.98 E314.44201
G1 X216.621 Y185.195 E314.46343
G1 X217.13 Y185.503 E314.48321
G1 X217.512 Y185.835 E314.50005
G1 X217.827 Y186.174 E314.51544
G1 X218.094 Y186.643 E314.53339
G1 X218.267 Y187.067 E314.54862
G1 X218.355 Y187.427 E314.56095
G1 X218.408 Y187.837 E314.5747
G1 X218.384 Y188.485 E314.59626
G1 X218.223 Y189.042 E314.61555
G1 X218.007 Y189.498 E314.63233
G1 X217.76 Y189.871 E314.64721
G1 X217.363 Y190.279 E314.66614
G1 X217.079 Y190.5 E314.67811
G1 X216.657 Y190.746 E314.69436
G1 X216.307 Y190.895 E314.70701
G1 X215.909 Y191.014 E314.72083
G1 X215.44 Y191.064 E314.73652
G1 X215.038 Y191.053 E314.74989
G1 X214.62 Y190.98 E314.764
G1 X214.264 Y190.869 E314.77641
G1 X213.763 Y190.629 E314.79488
G1 X213.391 Y190.367 E314.81002
G1 X213.05 Y190.059 E314.8253
G1 X212.727 Y189.634 E314.84305
G1 X212.508 Y189.247 E314.85784
G1 X212.364 Y188.827 E314.87261
G1 F2400 E314.37261
G0 F9000 X212.068 Y188.93
G0 X205.818 Y197.548
G0 X205.813 Y198.448
G0 X206.628 Y199.053
G1 F2400 E314.87261
G1 F1500 X207.098 Y199.242 E314.88946
G1 X207.755 Y199.447 E314.91235
G1 X208.525 Y199.653 E314.93886
G1 X209.024 Y199.767 E314.95589
G1 X209.485 Y199.85 E314.97147
G1 X210.419 Y199.962 E315.00275
G1 X210.816 Y199.993 E315.016
G1 X211.272 Y200.012 E315.03118
G1 X211.833 Y200.014 E315.04984
G1 X212.302 Y200 E315.06544
G1 X212.558 Y199.982 E315.07398
G1 X213.272 Y199.904 E315.09787
G1 X213.682 Y199.844 E315.11165
G1 X213.984 Y199.785 E315.12188
G1 X214.528 Y199.654 E315.1405
G1 X215.119 Y199.451 E315.16128
G1 X215.574 Y199.247 E315.17786
G1 X215.957 Y199.034 E315.19244
G1 X216.518 Y198.652 E315.21501
G1 X216.778 Y198.443 E315.22611
G1 X217.166 Y198.092 E315.24351
G1 X217.535 Y197.724 E315.26084
G1 X218.057 Y197.113 E315.28757
G1 X218.427 Y196.648 E315.30734
G1 X218.686 Y196.299 E315.32179
G1 X219.101 Y195.712 E315.3457
G1 X219.542 Y195.048 E315.37221
G1 X220.268 Y193.848 E315.41886
G1 X220.765 Y192.959 E315.45274
G1 X221.397 Y191.669 E315.50052
G1 X221.622 Y191.173 E315.51863
G1 X221.887 Y190.536 E315.54158
G1 X222.039 Y190.143 E315.55559
G1 X222.167 Y189.765 E315.56887
G1 X222.306 Y189.281 E315.58561
G1 X222.391 Y188.789 E315.60222
G1 X222.427 Y188.315 E315.61803
G1 X222.42 Y187.973 E315.62941
G1 X222.37 Y187.469 E315.64625
G1 X222.25 Y186.87 E315.66657
G1 X222.076 Y186.199 E315.68963
G1 X221.888 Y185.57 E315.71146
G1 X220.61 Y181.686 E315.84746
G1 X220.112 Y180.077 E315.90348
G1 X219.765 Y178.892 E315.94455
G1 X219.516 Y177.988 E315.97574
G1 X219.29 Y177.042 E316.00808
G1 X219.1 Y176.179 E316.03748
G1 X218.902 Y175.422 E316.0635
G1 X218.809 Y175.153 E316.07297
G1 X218.635 Y174.713 E316.0887
G1 X218.459 Y174.36 E316.10182
G1 X218.162 Y173.879 E316.12063
G1 X217.804 Y173.461 E316.13893
G1 X217.414 Y173.151 E316.1555
G1 X216.933 Y172.917 E316.17329
G1 X216.554 Y172.832 E316.18621
G1 X216.205 Y172.81 E316.19784
G1 X215.877 Y172.84 E316.2088
G1 X215.446 Y172.972 E316.22379
G1 X215.041 Y173.193 E316.23913
G1 X214.756 Y173.399 E316.25083
G1 X214.415 Y173.764 E316.26744
G1 X214.17 Y174.112 E316.2816
G1 X213.942 Y174.505 E316.29671
G1 X213.764 Y174.893 E316.31091
G1 X213.628 Y175.235 E316.32315
G1 X213.461 Y175.732 E316.34059
G1 X213.319 Y176.218 E316.35743
G1 X213.212 Y176.647 E316.37213
G1 X212.832 Y178.321 E316.42923
G1 X212.536 Y179.551 E316.47131
G1 X212.34 Y180.288 E316.49667
G1 X212.166 Y180.869 E316.51684
G1 X211.896 Y181.687 E316.54549
G1 X211.638 Y182.388 E316.57034
G1 X211.322 Y183.144 E316.59759
G1 X210.853 Y184.152 E316.63457
G1 X210.331 Y185.16 E316.67232
G1 X209.861 Y185.988 E316.70399
G1 X209.438 Y186.698 E316.73148
G1 X208.812 Y187.703 E316.77086
G1 X208.027 Y188.914 E316.81886
G1 X206.667 Y190.951 E316.90032
G1 X205.72 Y192.464 E316.95969
G1 X205.37 Y193.073 E316.98305
G1 X205.137 Y193.518 E316.99976
G1 X204.891 Y194.034 E317.01877
G1 X204.741 Y194.377 E317.03122
G1 X204.599 Y194.758 E317.04475
G1 X204.51 Y195.031 E317.0543
G1 X204.409 Y195.454 E317.06876
G1 X204.338 Y195.902 E317.08385
G1 X204.329 Y196.33 E317.09809
G1 X204.372 Y196.657 E317.10906
G1 X204.437 Y196.96 E317.11936
G1 X204.568 Y197.299 E317.13145
G1 X204.776 Y197.693 E317.14627
G1 X205.01 Y197.986 E317.15874
G1 X205.347 Y198.316 E317.17443
G1 X205.625 Y198.532 E317.18614
G1 X205.993 Y198.755 E317.20045
G1 X206.241 Y198.883 E317.20973
G1 X206.563 Y199.027 E317.22146
G1 X206.628 Y199.053 E317.22379
G0 F9000 X206.43 Y199.404
;TYPE:WALL-OUTER
G1 F1500 X206.964 Y199.619 E317.24294
G1 X207.644 Y199.831 E317.26663
G1 X208.429 Y200.041 E317.29366
G1 X208.944 Y200.159 E317.31123
G1 X209.426 Y200.246 E317.32752
G1 X210.38 Y200.36 E317.35948
G1 X210.792 Y200.392 E317.37322
G1 X211.262 Y200.412 E317.38887
G1 X211.844 Y200.414 E317.40822
G1 X212.322 Y200.4 E317.42413
G1 X212.688 Y200.371 E317.43634
G1 X213.322 Y200.301 E317.45756
G1 X213.75 Y200.238 E317.47194
G1 X214.069 Y200.176 E317.48275
G1 X214.637 Y200.039 E317.50219
G1 X215.269 Y199.822 E317.52441
G1 X215.754 Y199.605 E317.54208
G1 X216.164 Y199.376 E317.5577
G1 X216.467 Y199.178 E317.56974
G1 X216.759 Y198.972 E317.58163
G1 X217.038 Y198.747 E317.59355
G1 X217.442 Y198.382 E317.61166
G1 X217.829 Y197.996 E317.62984
G1 X218.365 Y197.368 E317.6573
G1 X218.709 Y196.937 E317.67564
G1 X219.01 Y196.534 E317.69237
G1 X219.431 Y195.938 E317.71664
G1 X219.879 Y195.264 E317.74356
G1 X220.214 Y194.721 E317.76478
G1 X220.632 Y194.016 E317.79204
G1 X221.119 Y193.146 E317.8252
G1 X221.761 Y191.835 E317.87375
G1 X221.976 Y191.364 E317.89097
G1 X222.258 Y190.685 E317.91543
G1 X222.415 Y190.279 E317.9299
G1 X222.549 Y189.884 E317.94378
G1 X222.696 Y189.371 E317.96153
G1 X222.789 Y188.839 E317.97949
G1 X222.827 Y188.326 E317.9966
G1 X222.82 Y187.949 E318.00914
G1 X222.766 Y187.41 E318.02716
G1 X222.64 Y186.781 E318.04849
G1 X222.471 Y186.126 E318.07099
G1 X222.261 Y185.424 E318.09536
G1 X220.992 Y181.568 E318.23038
G1 X220.496 Y179.965 E318.28619
G1 X220.151 Y178.786 E318.32705
G1 X219.905 Y177.895 E318.35779
G1 X219.68 Y176.956 E318.38991
G1 X219.489 Y176.087 E318.4195
G1 X219.284 Y175.304 E318.44642
G1 X219.184 Y175.014 E318.45662
G1 X219.001 Y174.55 E318.47321
G1 X218.809 Y174.166 E318.48749
G1 X218.569 Y173.775 E318.50275
G1 X218.406 Y173.548 E318.51205
G1 X218.17 Y173.274 E318.52407
G1 X217.972 Y173.083 E318.53322
G1 X217.628 Y172.811 E318.54781
G1 X217.19 Y172.597 E318.56402
G1 X216.94 Y172.509 E318.57284
G1 X216.611 Y172.435 E318.58405
G1 X216.199 Y172.409 E318.59778
G1 X215.799 Y172.446 E318.61115
G1 X215.29 Y172.602 E318.62885
G1 X214.827 Y172.854 E318.64638
G1 X214.571 Y173.039 E318.65689
G1 X214.374 Y173.222 E318.66583
G1 X214.104 Y173.511 E318.67899
G1 X213.833 Y173.896 E318.69465
G1 X213.586 Y174.321 E318.711
G1 X213.396 Y174.735 E318.72615
G1 X213.252 Y175.097 E318.7391
G1 X213.079 Y175.612 E318.75717
G1 X212.933 Y176.113 E318.77453
G1 X212.822 Y176.558 E318.78979
G1 X212.443 Y178.227 E318.84671
G1 X212.15 Y179.448 E318.88847
G1 X211.956 Y180.174 E318.91347
G1 X211.786 Y180.743 E318.93322
G1 X211.52 Y181.549 E318.96145
G1 X211.269 Y182.234 E318.98571
G1 X210.95 Y182.997 E319.01322
G1 X210.498 Y183.968 E319.04884
G1 X209.983 Y184.963 E319.08611
G1 X209.576 Y185.683 E319.11361
G1 X209.098 Y186.486 E319.1447
G1 X208.476 Y187.485 E319.18384
G1 X207.695 Y188.692 E319.23165
G1 X206.38 Y190.658 E319.31032
G1 X205.376 Y192.259 E319.37318
G1 X205.02 Y192.881 E319.39701
G1 X204.779 Y193.338 E319.4142
G1 X204.527 Y193.868 E319.43372
G1 X204.37 Y194.227 E319.44675
G1 X204.221 Y194.626 E319.46091
G1 X204.125 Y194.923 E319.4713
G1 X204.017 Y195.376 E319.48678
G1 X203.938 Y195.875 E319.50359
G1 X203.929 Y196.352 E319.51946
G1 X203.978 Y196.725 E319.53197
G1 X204.053 Y197.074 E319.54384
G1 X204.203 Y197.465 E319.55777
G1 X204.44 Y197.913 E319.57463
G1 X204.708 Y198.248 E319.5889
G1 X204.885 Y198.437 E319.59751
G1 X205.089 Y198.622 E319.60667
G1 X205.398 Y198.862 E319.61968
G1 X205.798 Y199.105 E319.63525
G1 X206.067 Y199.243 E319.6453
G1 X206.407 Y199.395 E319.65769
G1 X206.43 Y199.404 E319.65851
G1 F2400 E319.15851
G0 F9000 X206.539 Y199.116
G0 X205.813 Y198.448
G0 X205.614 Y197.858
G0 X211.934 Y188.551
G0 X212.663 Y188.295
G1 F2400 E319.65851
G1 F1500 X212.644 Y188.06 E319.66635
G1 X212.657 Y187.688 E319.67873
G1 X212.738 Y187.278 E319.69263
G1 X212.913 Y186.781 E319.71016
G1 X213.231 Y186.321 E319.72876
G1 X213.512 Y186.025 E319.74233
G1 X213.84 Y185.76 E319.75636
G1 X214.212 Y185.561 E319.77039
G1 X214.748 Y185.364 E319.78938
G1 X215.377 Y185.304 E319.8104
G1 X215.904 Y185.369 E319.82806
G1 X216.447 Y185.555 E319.84715
G1 X216.902 Y185.835 E319.86492
G1 X217.219 Y186.107 E319.87881
G1 X217.487 Y186.395 E319.8919
G1 X217.758 Y186.865 E319.90994
G1 X217.884 Y187.182 E319.92129
G1 X217.959 Y187.481 E319.93154
G1 X218.007 Y187.833 E319.94336
G1 X217.99 Y188.415 E319.96272
G1 X217.861 Y188.868 E319.97839
G1 X217.651 Y189.316 E319.99484
G1 X217.415 Y189.661 E320.00875
G1 X217.111 Y189.968 E320.02312
G1 X216.899 Y190.14 E320.0322
G1 X216.497 Y190.38 E320.04777
G1 X216.191 Y190.512 E320.05885
G1 X215.821 Y190.624 E320.07171
G1 X215.419 Y190.664 E320.08515
G1 X215.069 Y190.654 E320.09679
G1 X214.699 Y190.587 E320.1093
G1 X214.4 Y190.493 E320.11972
G1 X213.938 Y190.268 E320.13682
G1 X213.639 Y190.053 E320.14907
G1 X213.338 Y189.776 E320.16267
G1 X213.09 Y189.46 E320.17603
G1 X212.873 Y189.083 E320.1905
G1 X212.736 Y188.687 E320.20444
G1 X212.669 Y188.376 E320.21502
G1 X212.663 Y188.295 E320.21772
G0 F9000 X211.934 Y188.551
G0 X212.408 Y189.716
G0 X212.676 Y189.705
;TYPE:FILL
G1 F3000 X206.507 Y191.358 E320.43014
G0 F9000 X206.697 Y191.482
G0 X206.146 Y192.364
G0 X205.952 Y192.244
G1 F3000 X212.345 Y198.637 E320.73085
G0 F9000 X212.33 Y198.418
G0 X213.801 Y198.204
G0 X213.849 Y198.423
G1 F3000 X215.81 Y191.104 E320.98286
G0 F9000 X215.936 Y191.399
G0 X217.258 Y190.682
G0 X217.935 Y190.059
G0 X218.215 Y189.646
G0 X218.356 Y189.347
G0 X218.709 Y188.159
G0 X218.479 Y188.15
G1 F3000 X221.369 Y187.376 E321.08237
G0 F9000 X221.151 Y187.396
G0 X220.469 Y189.906
G0 X220.671 Y189.993
G1 F3000 X218.484 Y187.805 E321.18527
G0 F9000 X218.841 Y187.662
G0 X218.03 Y186.028
G0 X217.447 Y185.369
G0 X217.3 Y185.543
G1 F3000 X218.967 Y179.322 E321.39948
G0 F9000 X219.19 Y180.027
G1 F3000 X213.916 Y174.752 E321.64757
G0 F9000 X214.057 Y174.466
G1 F3000 X207.668 Y198.311 E322.46864
G0 F9000 X207.704 Y198.094
G0 X205.252 Y197.795
G0 X205.085 Y197.951
G1 F3000 X218.486 Y194.36 E322.93008
G0 F9000 X218.297 Y194.249
G0 X217.539 Y195.396
G0 X217.718 Y195.525
G1 F3000 X209.286 Y187.093 E323.3267
G0 F9000 X209.482 Y187.215
G0 X211.252 Y184.029
G0 X211.044 Y183.931
G1 F3000 X220.442 Y181.413 E323.6503
G0 F9000 X220.381 Y181.217
G1 F3000 X219.397 Y180.233 E323.69658
G0 F9000 X219.461 Y180.443
G0 X219.171 Y180.457
G0 X218.421 Y178.031
G0 X218.185 Y176.512
G0 X218.653 Y175.681
G0 X218.87 Y175.622
G1 F3000 X213.181 Y177.147 E323.89248
G0 F9000 X213.406 Y177.199
G0 X212.296 Y181.47
G0 X212.075 Y181.396
G1 F3000 X215.513 Y184.834 E324.05419
G0 F9000 X215.543 Y184.608
G0 X214.575 Y184.729
G0 X213.926 Y184.977
G0 X213.456 Y185.232
G0 X212.736 Y185.899
G0 X212.403 Y186.382
G0 X206.964 Y197.971
G0 X206.824 Y198.702
;TYPE:SKIN
G1 F1276.6 X206.422 Y198.529 E324.0713
G1 X206.078 Y198.353 E324.0864
G1 X206.154 Y198.115 E324.09616
G1 X207 Y198.275 E324.12981
G1 F1224.5 X207.36 Y198.355 E324.14484
G1 F1085 X208.747 Y198.624 E324.2098
G1 F993.4 X209.115 Y198.682 E324.22851
G1 F949.4 X210.249 Y198.793 E324.28839
G1 F911.9 X210.68 Y198.82 E324.31202
G1 F895.5 X211.362 Y198.838 E324.35002
G1 F886.3 X212.263 Y198.822 E324.40075
G1 X212.571 Y198.797 E324.41815
G1 F885 X213.238 Y198.717 E324.45602
G1 X213.858 Y198.605 E324.49154
G1 X214.484 Y198.422 E324.52831
G1 X214.868 Y198.272 E324.55155
G1 X215.277 Y198.066 E324.57737
G1 F894.2 X215.693 Y197.814 E324.6045
G1 F906.3 X215.978 Y197.608 E324.62386
G1 F914.6 X216.323 Y197.32 E324.64837
G1 F928.8 X216.724 Y196.943 E324.67794
G1 F943.4 X216.957 Y196.697 E324.69586
G1 F958.5 X217.383 Y196.2 E324.72993
G1 F967.7 X217.74 Y195.743 E324.75983
G1 F970.9 X217.958 Y195.442 E324.77892
G1 X218.36 Y194.853 E324.81557
G1 F960 X218.6 Y194.471 E324.83901
G1 F946.4 X218.928 Y193.907 E324.87341
G1 F927.4 X219.529 Y192.816 E324.94042
G1 F903.6 X220.402 Y191.039 E325.04973
G1 F902.3 X220.968 Y189.725 E325.12884
G1 F928.8 X221.204 Y189.127 E325.16337
G1 F964.6 X221.288 Y188.88 E325.17687
G1 F1011.8 X221.39 Y188.513 E325.19565
G1 F1088.9 X221.476 Y188.03 E325.21813
G1 F1181.1 X221.475 Y187.554 E325.23823
G1 F1250 X221.423 Y187.148 E325.25457
G1 F1295.9 X221.308 Y186.589 E325.27654
G1 F1327.4 X221.214 Y186.235 E325.29031
G1 F1345.3 X220.879 Y185.14 E325.33277
G1 F1366.7 X220.538 Y184.08 E325.37342
G1 F1373 X220.952 Y183.944 E325.38925
G1 F1351.4 X221.501 Y185.635 E325.45489
G1 F1327.4 X221.7 Y186.294 E325.48076
G1 F1298.7 X221.881 Y187.039 E325.51022
G1 F1242.2 X221.967 Y187.545 E325.53083
G1 F1176.5 X222 Y187.998 E325.55009
G1 F1119.4 X221.989 Y188.283 E325.5628
G1 F1056.3 X221.936 Y188.732 E325.58415
G1 F983.6 X221.794 Y189.37 E325.61731
G1 F928.8 X221.585 Y189.956 E325.65073
G1 F900.9 X221.157 Y190.993 E325.71285
G1 F894.2 X220.95 Y191.448 E325.74074
G1 F895.5 X220.323 Y192.726 E325.82005
G1 F906.3 X219.863 Y193.571 E325.87301
G1 F934.6 X219.141 Y194.792 E325.94873
G1 F958.5 X218.713 Y195.437 E325.98902
G1 F966.2 X218.307 Y196.016 E326.02554
G1 F964.6 X218.024 Y196.393 E326.04992
G1 F958.5 X217.686 Y196.812 E326.07794
G1 F946.4 X217.188 Y197.386 E326.118
G1 F928.8 X216.829 Y197.738 E326.14501
G1 F914.6 X216.47 Y198.056 E326.17117
G1 F905 X216.217 Y198.26 E326.18908
G1 F892.9 X215.705 Y198.6 E326.22343
G1 F882.4 X215.376 Y198.783 E326.24471
G1 F879.8 X214.943 Y198.977 E326.27162
G1 F877.2 X214.379 Y199.171 E326.30554
G1 X213.895 Y199.292 E326.33392
G1 F879.8 X213.22 Y199.405 E326.37273
G1 F882.4 X212.412 Y199.492 E326.41868
G1 X211.824 Y199.512 E326.45194
G1 F885 X211.295 Y199.514 E326.48177
G1 F895.5 X210.467 Y199.471 E326.52796
G1 F921.7 X209.557 Y199.372 E326.57751
G1 F952.4 X209.131 Y199.305 E326.6001
G1 F986.8 X208.634 Y199.208 E326.6257
G1 F1049 X207.766 Y198.993 E326.66823
G1 F1132.1 X207.243 Y198.849 E326.69213
G1 F1224.5 X206.881 Y198.727 E326.7077
G1 F1276.6 X206.824 Y198.702 E326.71013
G0 F9000 X206.964 Y197.971
G0 X212.325 Y186.496
G0 X212.736 Y185.899
G0 X219.039 Y180.278
G0 X219.304 Y180.196
G1 F1345.3 X218.776 Y178.484 E326.77657
G1 F1312.9 X218.646 Y177.995 E326.7958
G1 F1324.5 X218.534 Y177.459 E326.81642
G1 F1376.1 X218.41 Y176.674 E326.84524
G1 F1415.1 X218.81 Y176.596 E326.8596
G1 F1376.1 X218.972 Y177.366 E326.88813
G1 F1327.4 X219.142 Y178.097 E326.91634
G1 F1333.3 X219.394 Y178.987 E326.95095
G1 F1363.6 X219.718 Y180.07 E326.99231
G1 F1373 X219.304 Y180.196 E327.00803
G0 F9000 X218.753 Y180.368
;MESH:NONMESH
G0 F300 Z4
G0 F9000 X212.736 Y185.899
G0 X212.325 Y186.496
G0 X211.753 Y187.803
G0 X211.756 Y188.119
G0 X212.068 Y188.931
G0 X212.364 Y188.827
;TIME_ELAPSED:496.568309
;LAYER:19
;TYPE:WALL-INNER
;MESH:Rock Wall Hold Knob 1.stl
G1 F1500 X212.345 Y188.771 E327.01
G1 X212.269 Y188.396 E327.02272
G1 X212.244 Y188.022 E327.03519
G1 X212.267 Y187.596 E327.04938
G1 X212.36 Y187.148 E327.0646
G1 X212.543 Y186.616 E327.08331
G1 X212.902 Y186.093 E327.10441
G1 X213.258 Y185.716 E327.12166
G1 X213.582 Y185.451 E327.13558
G1 X214.009 Y185.214 E327.15182
G1 X214.634 Y184.973 E327.1741
G1 X215.42 Y184.904 E327.20034
G1 X216.034 Y184.989 E327.22096
G1 X216.616 Y185.189 E327.24143
G1 X217.129 Y185.502 E327.26142
G1 X217.512 Y185.835 E327.2783
G1 X217.829 Y186.176 E327.29378
G1 X218.13 Y186.721 E327.31449
G1 X218.268 Y187.073 E327.32706
G1 X218.349 Y187.39 E327.33795
G1 X218.41 Y187.827 E327.35262
G1 X218.387 Y188.462 E327.37376
G1 X218.223 Y189.041 E327.39377
G1 X217.97 Y189.561 E327.413
G1 X217.737 Y189.905 E327.42682
G1 X217.363 Y190.279 E327.44442
G1 X217.14 Y190.459 E327.45395
G1 X216.657 Y190.746 E327.47263
G1 X216.307 Y190.895 E327.48529
G1 X215.894 Y191.02 E327.49964
G1 X215.441 Y191.064 E327.51478
G1 X215.028 Y191.052 E327.52852
G1 X214.615 Y190.979 E327.54247
G1 X214.263 Y190.869 E327.55473
G1 X213.759 Y190.627 E327.57333
G1 X213.401 Y190.375 E327.58789
G1 X213.052 Y190.06 E327.60353
G1 X212.775 Y189.707 E327.61845
G1 X212.506 Y189.249 E327.63612
G1 X212.364 Y188.827 E327.65093
G1 F2400 E327.15093
G0 F9000 X212.068 Y188.93
G0 X205.617 Y197.326
G0 X205.65 Y198.218
G0 X206.714 Y198.899
G1 F2400 E327.65093
G1 F1500 X207.061 Y199.023 E327.66318
G1 X208.116 Y199.277 E327.69927
G1 X208.504 Y199.352 E327.71242
G1 X209.183 Y199.459 E327.73528
G1 X210.628 Y199.576 E327.7835
G1 X211.44 Y199.596 E327.81051
G1 X211.993 Y199.588 E327.82891
G1 X212.555 Y199.554 E327.84763
G1 X213.417 Y199.454 E327.8765
G1 X213.867 Y199.369 E327.89173
G1 X214.397 Y199.237 E327.9099
G1 X214.685 Y199.151 E327.91989
G1 X215.216 Y198.945 E327.93884
G1 X215.564 Y198.776 E327.9517
G1 X215.873 Y198.6 E327.96353
G1 X216.299 Y198.317 E327.98054
G1 X216.779 Y197.937 E328.0009
G1 X217.249 Y197.496 E328.02234
G1 X217.753 Y196.951 E328.04703
G1 X218.221 Y196.371 E328.07182
G1 X218.557 Y195.921 E328.0905
G1 X219.094 Y195.12 E328.12257
G1 X219.45 Y194.535 E328.14535
G1 X219.954 Y193.646 E328.17934
G1 X220.512 Y192.576 E328.21947
G1 X220.978 Y191.595 E328.2556
G1 X221.337 Y190.805 E328.28446
G1 X221.936 Y189.351 E328.33676
G1 X222.027 Y189.077 E328.34636
G1 X222.158 Y188.552 E328.36436
G1 X222.202 Y188.047 E328.38122
G1 X222.17 Y187.495 E328.39961
G1 X222.117 Y187.142 E328.41148
G1 X222.004 Y186.595 E328.43006
G1 X221.895 Y186.192 E328.44395
G1 X221.695 Y185.518 E328.46733
G1 X220.916 Y183.144 E328.55043
G1 X220.129 Y180.694 E328.63602
G1 X219.562 Y178.812 E328.70139
G1 X219.366 Y178.12 E328.72532
G1 X219.146 Y177.165 E328.75791
G1 X218.936 Y176.065 E328.79516
G1 X218.803 Y175.488 E328.81485
G1 X218.732 Y175.244 E328.8233
G1 X218.596 Y174.862 E328.83679
G1 X218.376 Y174.397 E328.8539
G1 X218.051 Y173.905 E328.87351
G1 X217.808 Y173.638 E328.88552
G1 X217.486 Y173.355 E328.89978
G1 X217.216 Y173.182 E328.91044
G1 X216.93 Y173.062 E328.92076
G1 X216.489 Y172.946 E328.93593
G1 X216.106 Y172.959 E328.94867
G1 X215.784 Y173.015 E328.95954
G1 X215.463 Y173.128 E328.97086
G1 X215.148 Y173.296 E328.98273
G1 X214.893 Y173.477 E328.99314
G1 X214.69 Y173.68 E329.00268
G1 X214.447 Y173.964 E329.01512
G1 X214.295 Y174.18 E329.0239
G1 X214.165 Y174.396 E329.03229
G1 X213.988 Y174.744 E329.04527
G1 X213.849 Y175.066 E329.05694
G1 X213.669 Y175.545 E329.07396
G1 X213.467 Y176.216 E329.09726
G1 X213.225 Y177.199 E329.13093
G1 X212.826 Y178.965 E329.19115
G1 X212.525 Y180.141 E329.23153
G1 X212.377 Y180.66 E329.24948
G1 X212.133 Y181.437 E329.27656
G1 X211.854 Y182.206 E329.30377
G1 X211.551 Y182.966 E329.33098
G1 X211.265 Y183.617 E329.35463
G1 X210.953 Y184.264 E329.37852
G1 X210.642 Y184.867 E329.40109
G1 X210.174 Y185.713 E329.43325
G1 X209.668 Y186.573 E329.46644
G1 X208.817 Y187.924 E329.51954
G1 X206.369 Y191.621 E329.66702
G1 X205.882 Y192.403 E329.69766
G1 X205.513 Y193.032 E329.72191
G1 X205.15 Y193.724 E329.7479
G1 X204.938 Y194.174 E329.76445
G1 X204.732 Y194.677 E329.78253
G1 X204.617 Y195.024 E329.79469
G1 X204.471 Y195.602 E329.81451
G1 X204.428 Y195.991 E329.82753
G1 X204.418 Y196.327 E329.83871
G1 X204.473 Y196.727 E329.85214
G1 X204.567 Y197.056 E329.86352
G1 X204.703 Y197.38 E329.87521
G1 X204.869 Y197.667 E329.88623
G1 X205.1 Y197.973 E329.89899
G1 X205.438 Y198.284 E329.91426
G1 X205.947 Y198.602 E329.93423
G1 X206.296 Y198.75 E329.94683
G1 X206.714 Y198.899 E329.96159
G0 F9000 X206.515 Y199.253
;TYPE:WALL-OUTER
G1 F1500 X206.949 Y199.407 E329.97691
G1 X208.031 Y199.668 E330.01393
G1 X208.435 Y199.746 E330.02761
G1 X209.136 Y199.857 E330.05122
G1 X210.607 Y199.976 E330.10031
G1 X211.438 Y199.996 E330.12795
G1 X212.008 Y199.988 E330.14691
G1 X212.59 Y199.952 E330.16631
G1 X213.477 Y199.85 E330.196
G1 X213.953 Y199.76 E330.21212
G1 X214.503 Y199.623 E330.23097
G1 X214.815 Y199.53 E330.2418
G1 X215.376 Y199.312 E330.26181
G1 X215.75 Y199.13 E330.27565
G1 X216.083 Y198.941 E330.28838
G1 X216.534 Y198.641 E330.3064
G1 X217.041 Y198.24 E330.3279
G1 X217.533 Y197.778 E330.35035
G1 X218.056 Y197.213 E330.37595
G1 X218.537 Y196.617 E330.40143
G1 X218.884 Y196.152 E330.42073
G1 X219.431 Y195.336 E330.4534
G1 X219.795 Y194.738 E330.47668
G1 X220.304 Y193.839 E330.51104
G1 X220.618 Y193.251 E330.53322
G1 X220.873 Y192.748 E330.55197
G1 X221.342 Y191.761 E330.58832
G1 X221.704 Y190.964 E330.61743
G1 X222.312 Y189.49 E330.67046
G1 X222.411 Y189.188 E330.68104
G1 X222.554 Y188.618 E330.70058
G1 X222.603 Y188.053 E330.71944
G1 X222.568 Y187.453 E330.73943
G1 X222.511 Y187.072 E330.75225
G1 X222.393 Y186.503 E330.77157
G1 X222.279 Y186.078 E330.78621
G1 X222.085 Y185.424 E330.8089
G1 X221.297 Y183.022 E330.89298
G1 X220.512 Y180.578 E330.97836
G1 X219.947 Y178.703 E331.04349
G1 X219.749 Y178.001 E331.06775
G1 X219.539 Y177.09 E331.09884
G1 X219.328 Y175.982 E331.13636
G1 X219.19 Y175.387 E331.15667
G1 X219.113 Y175.122 E331.16585
G1 X218.966 Y174.709 E331.18043
G1 X218.793 Y174.343 E331.1939
G1 X218.672 Y174.12 E331.20234
G1 X218.441 Y173.769 E331.21631
G1 X218.286 Y173.569 E331.22473
G1 X218.093 Y173.357 E331.23426
G1 X217.722 Y173.031 E331.25069
G1 X217.402 Y172.826 E331.26333
G1 X217.059 Y172.682 E331.2757
G1 X216.69 Y172.585 E331.28839
G1 X216.395 Y172.549 E331.29828
G1 X216.065 Y172.56 E331.30926
G1 X215.683 Y172.627 E331.32216
G1 X215.301 Y172.76 E331.33561
G1 X214.938 Y172.955 E331.34932
G1 X214.634 Y173.17 E331.3617
G1 X214.396 Y173.408 E331.37289
G1 X214.131 Y173.719 E331.38648
G1 X213.96 Y173.962 E331.39637
G1 X213.815 Y174.202 E331.40569
G1 X213.626 Y174.574 E331.41957
G1 X213.478 Y174.916 E331.43197
G1 X213.29 Y175.417 E331.44976
G1 X213.081 Y176.11 E331.47384
G1 X212.835 Y177.111 E331.50812
G1 X212.438 Y178.866 E331.56797
G1 X212.141 Y180.031 E331.60796
G1 X211.995 Y180.54 E331.62557
G1 X211.757 Y181.301 E331.65209
G1 X211.485 Y182.053 E331.67869
G1 X211.204 Y182.761 E331.70402
G1 X210.905 Y183.443 E331.72879
G1 X210.598 Y184.08 E331.75231
G1 X210.292 Y184.673 E331.7745
G1 X209.829 Y185.51 E331.80632
G1 X209.33 Y186.359 E331.83907
G1 X208.483 Y187.703 E331.89191
G1 X206.033 Y191.405 E332.03956
G1 X205.54 Y192.196 E332.07056
G1 X205.163 Y192.838 E332.09532
G1 X204.792 Y193.546 E332.12191
G1 X204.572 Y194.013 E332.13908
G1 X204.356 Y194.538 E332.15796
G1 X204.233 Y194.912 E332.17105
G1 X204.112 Y195.391 E332.18749
G1 X204.062 Y195.662 E332.19665
G1 X204.028 Y195.963 E332.20673
G1 X204.017 Y196.349 E332.21957
G1 X204.081 Y196.81 E332.23505
G1 X204.189 Y197.189 E332.24816
G1 X204.344 Y197.558 E332.26147
G1 X204.535 Y197.889 E332.27418
G1 X204.73 Y198.147 E332.28494
G1 X204.906 Y198.338 E332.29357
G1 X205.194 Y198.604 E332.30661
G1 X205.761 Y198.958 E332.32885
G1 X206.147 Y199.122 E332.3428
G1 X206.515 Y199.253 E332.35579
G1 F2400 E331.85579
G0 F9000 X206.611 Y198.968
G0 X205.65 Y198.218
G0 X205.437 Y197.594
G0 X211.934 Y188.551
G0 X212.663 Y188.295
G1 F2400 E332.35579
G1 F1500 X212.644 Y188.06 E332.36363
G1 X212.659 Y187.673 E332.37651
G1 X212.738 Y187.278 E332.38991
G1 X212.907 Y186.788 E332.40715
G1 X213.231 Y186.321 E332.42605
G1 X213.512 Y186.025 E332.43963
G1 X213.818 Y185.774 E332.45279
G1 X214.198 Y185.567 E332.46718
G1 X214.705 Y185.373 E332.48524
G1 X215.368 Y185.304 E332.50741
G1 X215.902 Y185.369 E332.5253
G1 X216.465 Y185.565 E332.54513
G1 X216.902 Y185.835 E332.56221
G1 X217.219 Y186.107 E332.57611
G1 X217.515 Y186.433 E332.59075
G1 X217.747 Y186.845 E332.60648
G1 X217.886 Y187.194 E332.61897
G1 X217.957 Y187.468 E332.62839
G1 X218.008 Y187.848 E332.64114
G1 X217.991 Y188.408 E332.65977
G1 X217.861 Y188.868 E332.67567
G1 X217.638 Y189.337 E332.69295
G1 X217.436 Y189.636 E332.70495
G1 X217.111 Y189.968 E332.7204
G1 X216.895 Y190.143 E332.72965
G1 X216.497 Y190.38 E332.74505
G1 X216.191 Y190.512 E332.75614
G1 X215.796 Y190.628 E332.76983
G1 X215.419 Y190.664 E332.78243
G1 X215.078 Y190.655 E332.79377
G1 X214.708 Y190.59 E332.80627
G1 X214.399 Y190.493 E332.81704
G1 X213.951 Y190.276 E332.83359
G1 X213.643 Y190.056 E332.84618
G1 X213.338 Y189.776 E332.85995
G1 X213.09 Y189.46 E332.87331
G1 X212.882 Y189.1 E332.88714
G1 X212.736 Y188.687 E332.90171
G1 X212.668 Y188.364 E332.91269
G1 X212.663 Y188.295 E332.91499
G0 F9000 X211.934 Y188.551
G0 X212.408 Y189.716
G0 X212.588 Y189.967
G0 X212.769 Y189.827
;TYPE:FILL
G1 F3000 X206.551 Y191.493 E333.1291
G0 F9000 X206.104 Y192.197
G1 F3000 X212.336 Y198.428 E333.42221
G0 F9000 X212.319 Y198.212
G0 X213.704 Y198.013
G0 X213.756 Y198.227
G1 F3000 X215.66 Y191.12 E333.66692
G0 F9000 X215.804 Y191.456
G0 X217.258 Y190.682
G0 X217.935 Y190.059
G0 X218.215 Y189.646
G0 X218.356 Y189.347
G0 X218.703 Y188.308
G0 X218.471 Y188.299
G1 F3000 X221.179 Y187.573 E333.76017
G0 F9000 X220.959 Y187.573
G0 X220.371 Y189.61
G0 X220.572 Y189.694
G1 F3000 X218.454 Y187.576 E333.8598
G0 F9000 X218.757 Y187.455
G0 X218.103 Y186.171
G0 X217.328 Y185.269
G0 X217.182 Y185.441
G1 F3000 X218.79 Y179.437 E334.06653
G1 X218.786 Y179.423
G1 X214.087 Y174.724 E334.28756
G0 F9000 X214.293 Y174.829
G0 X213.517 Y177.314
G0 X213.293 Y177.263
G1 F3000 X218.791 Y175.79 E334.47687
G0 F9000 X218.569 Y175.84
G0 X217.948 Y175.94
G0 X218.111 Y177.512
G0 X218.248 Y178.115
G0 X219.327 Y181.867
G0 X219.538 Y181.801
G1 F3000 X211.145 Y184.05 E334.76587
G0 F9000 X211.352 Y184.15
G0 X211.835 Y183.088
G0 X211.625 Y182.995
G1 F3000 X207.58 Y198.093 E335.28574
G0 F9000 X207.616 Y197.877
G0 X206.119 Y197.614
G0 X206.08 Y197.83
G1 F3000 X218.087 Y194.613 E335.69918
G0 F9000 X217.65 Y195.257
G1 F3000 X209.454 Y187.062 E336.08467
G0 F9000 X209.649 Y187.185
G0 X211.251 Y184.186
G0 X212.46 Y181.432
G0 X212.24 Y181.362
G1 F3000 X215.745 Y184.867 E336.24954
G0 F9000 X215.776 Y184.639
G0 X214.575 Y184.729
G0 X213.926 Y184.977
G0 X213.456 Y185.232
G0 X212.736 Y185.899
G0 X205.686 Y197.823
G0 X205.898 Y197.879
G1 F3000 X205.292 Y198.042 E336.27041
G0 F9000 X205.447 Y197.876
G0 X205.444 Y197.567
G0 X207.05 Y197.783
G0 X206.912 Y198.545
;TYPE:SKIN
G1 F1333.3 X206.449 Y198.4 E336.28856
G1 F1366.7 X206.122 Y198.264 E336.30149
G1 X205.894 Y198.12 E336.31133
G1 X205.961 Y197.869 E336.32082
G1 X206.563 Y197.979 E336.34316
G1 F1276.6 X207.285 Y198.138 E336.37205
G1 F1149.4 X208.292 Y198.322 E336.41648
G1 F1092.9 X209.21 Y198.456 E336.45883
G1 F1075.3 X210.309 Y198.547 E336.51
G1 F1065.7 X211.278 Y198.583 E336.55539
G1 F1060.1 X212.226 Y198.563 E336.60002
G1 X213.065 Y198.478 E336.6397
G1 F1058.2 X213.681 Y198.372 E336.66917
G1 F1056.3 X213.993 Y198.295 E336.68435
G1 X214.489 Y198.139 E336.70891
G1 X214.906 Y197.971 E336.73014
G1 F1054.5 X215.345 Y197.73 E336.75384
G1 X215.561 Y197.594 E336.76591
G1 F1056.3 X215.841 Y197.389 E336.7823
G1 F1060.1 X216.313 Y196.993 E336.8113
G1 F1063.8 X216.558 Y196.761 E336.82712
G1 F1067.6 X216.871 Y196.429 E336.84844
G1 F1071.4 X217.229 Y196.01 E336.87411
G1 F1073.3 X217.617 Y195.512 E336.90345
G1 X218.215 Y194.634 E336.95283
G1 F1075.3 X218.384 Y194.365 E336.96757
G1 F1069.5 X218.886 Y193.483 E337.01491
G1 F1061.9 X219.274 Y192.762 E337.05337
G1 F1054.5 X219.624 Y192.073 E337.08994
G1 F1052.6 X220.089 Y191.099 E337.14109
G1 F1050.8 X220.459 Y190.264 E337.18445
G1 F1063.8 X221.042 Y188.881 E337.25484
G1 F1092.9 X221.163 Y188.493 E337.27339
G1 F1119.4 X221.241 Y188.143 E337.28937
G1 F1162.8 X221.272 Y187.825 E337.30308
G1 F1204.8 X221.26 Y187.465 E337.318
G1 F1234.6 X221.218 Y187.138 E337.33132
G1 F1260.5 X221.124 Y186.667 E337.35033
G1 F1276.6 X221.023 Y186.275 E337.36615
G1 F1290.3 X220.798 Y185.526 E337.39639
G1 F1318.7 X219.337 Y180.944 E337.57834
G1 F1304.3 X218.576 Y178.506 E337.67603
G1 F1268.5 X218.468 Y178.101 E337.69251
G1 F1282.1 X218.338 Y177.469 E337.71762
G1 F1315.8 X218.252 Y176.934 E337.73817
G1 F1382.5 X218.159 Y176.107 E337.7682
G1 F1398.6 X218.558 Y176.05 E337.78258
G1 F1339.3 X218.759 Y177.227 E337.82706
G1 F1293.1 X218.971 Y178.169 E337.86431
G1 F1287.6 X219.185 Y178.919 E337.89453
G1 F1318.7 X219.761 Y180.805 E337.96914
G1 F1312.9 X221.317 Y185.627 E338.16168
G1 F1282.1 X221.513 Y186.294 E338.18873
G1 F1265.8 X221.61 Y186.669 E338.204
G1 F1242.2 X221.726 Y187.261 E338.22822
G1 F1214.6 X221.759 Y187.511 E338.23858
G1 F1176.5 X221.778 Y188.048 E338.26137
G1 F1123.6 X221.73 Y188.474 E338.2804
G1 F1090.9 X221.605 Y188.943 E338.3026
G1 F1075.3 X221.524 Y189.183 E338.31435
G1 F1056.3 X221 Y190.446 E338.37894
G1 F1049 X220.61 Y191.323 E338.42459
G1 F1050.8 X220.11 Y192.379 E338.48006
G1 F1052.6 X219.576 Y193.401 E338.53471
G1 F1060.1 X219.074 Y194.3 E338.58317
G1 F1067.6 X218.726 Y194.873 E338.6145
G1 X218.201 Y195.657 E338.65859
G1 F1065.7 X217.881 Y196.09 E338.6838
G1 F1063.8 X217.424 Y196.652 E338.71777
G1 X216.958 Y197.157 E338.74999
G1 F1056.3 X216.489 Y197.596 E338.78033
G1 F1049 X216.046 Y197.949 E338.80727
G1 F1050.8 X215.65 Y198.211 E338.82982
G1 X215.362 Y198.375 E338.84555
G1 F1052.6 X215.056 Y198.525 E338.8617
G1 F1049 X214.535 Y198.726 E338.88826
G1 X214.29 Y198.802 E338.90046
G1 F1052.6 X213.797 Y198.927 E338.92457
G1 X213.366 Y199.008 E338.94536
G1 F1049 X212.529 Y199.107 E338.98544
G1 X211.975 Y199.142 E339.01184
G1 F1050.8 X211.447 Y199.151 E339.03692
G1 F1054.5 X210.647 Y199.132 E339.07478
G1 F1063.8 X209.245 Y199.022 E339.14073
G1 F1090.9 X208.204 Y198.856 E339.18894
G1 F1149.4 X207.172 Y198.627 E339.23482
G1 F1247.4 X206.912 Y198.545 E339.24572
G0 F9000 X207.105 Y197.488
;MESH:NONMESH
G0 F300 Z4.2
G0 F9000 X212.068 Y188.931
G0 X212.364 Y188.827
;TIME_ELAPSED:514.685872
;LAYER:20
;TYPE:WALL-INNER
;MESH:Rock Wall Hold Knob 1.stl
G1 F1500 X212.345 Y188.771 E339.24769
G1 X212.269 Y188.396 E339.26042
G1 X212.244 Y188.022 E339.27288
G1 X212.258 Y187.656 E339.28507
G1 X212.36 Y187.148 E339.3023
G1 X212.545 Y186.615 E339.32107
G1 X212.902 Y186.094 E339.34207
G1 X213.205 Y185.765 E339.35695
G1 X213.595 Y185.438 E339.37388
G1 X214.023 Y185.207 E339.39005
G1 X214.644 Y184.972 E339.41214
G1 X215.402 Y184.9 E339.43746
G1 X216.015 Y184.981 E339.45803
G1 X216.62 Y185.191 E339.47933
G1 X217.112 Y185.493 E339.49853
G1 X217.512 Y185.835 E339.51603
G1 X217.833 Y186.189 E339.53193
G1 X218.095 Y186.649 E339.54953
G1 X218.271 Y187.082 E339.56508
G1 X218.349 Y187.393 E339.57574
G1 X218.408 Y187.832 E339.59048
G1 X218.388 Y188.485 E339.6122
G1 X218.232 Y189.019 E339.63071
G1 X218.009 Y189.495 E339.64819
G1 X217.742 Y189.899 E339.6643
G1 X217.412 Y190.234 E339.67994
G1 X217.151 Y190.451 E339.69123
G1 X216.724 Y190.712 E339.70787
G1 X216.343 Y190.882 E339.72175
G1 X215.884 Y191.022 E339.73771
G1 X215.401 Y191.065 E339.75384
G1 X215.031 Y191.052 E339.76615
G1 X214.623 Y190.981 E339.77992
G1 X214.244 Y190.862 E339.79314
G1 X213.746 Y190.619 E339.81157
G1 X213.413 Y190.384 E339.82512
G1 X213.056 Y190.064 E339.84107
G1 X212.775 Y189.707 E339.85618
G1 X212.506 Y189.249 E339.87385
G1 X212.364 Y188.827 E339.88866
G1 F2400 E339.38866
G0 F9000 X212.068 Y188.93
G0 X205.646 Y197.126
G0 X205.652 Y198.073
G0 X206.821 Y198.709
G1 F2400 E339.88866
G1 F1500 X207.031 Y198.763 E339.89587
G1 X207.508 Y198.867 E339.9121
G1 X208.729 Y199.083 E339.95335
G1 X208.739 Y199.075 E339.95377
G1 X209.25 Y199.142 E339.97091
G1 X210.429 Y199.229 E340.01023
G1 X210.817 Y199.248 E340.02315
G1 X211.402 Y199.26 E340.04262
G1 X211.96 Y199.252 E340.06118
G1 X212.429 Y199.222 E340.07681
G1 X213.212 Y199.14 E340.10299
G1 X213.689 Y199.062 E340.11907
G1 X214.15 Y198.958 E340.13479
G1 X214.424 Y198.879 E340.14427
G1 X214.683 Y198.791 E340.15337
G1 X215.033 Y198.656 E340.16585
G1 X215.383 Y198.489 E340.17874
G1 X215.857 Y198.213 E340.19699
G1 X216.315 Y197.885 E340.21572
G1 X216.694 Y197.569 E340.23214
G1 X217.169 Y197.109 E340.25413
G1 X217.523 Y196.721 E340.2716
G1 X217.899 Y196.269 E340.29115
G1 X218.388 Y195.607 E340.31853
G1 X218.788 Y195.006 E340.34254
G1 X219.227 Y194.277 E340.37084
G1 X219.801 Y193.228 E340.41061
G1 X220.308 Y192.23 E340.44785
G1 X221.236 Y190.196 E340.5222
G1 X221.636 Y189.237 E340.55676
G1 X221.741 Y188.948 E340.56699
G1 X221.846 Y188.592 E340.57934
G1 X221.923 Y188.255 E340.59083
G1 X221.947 Y187.746 E340.60778
G1 X221.93 Y187.416 E340.61877
G1 X221.891 Y187.129 E340.62841
G1 X221.801 Y186.666 E340.64409
G1 X221.669 Y186.134 E340.66232
G1 X221.168 Y184.526 E340.71834
G1 X220.58 Y182.734 E340.78107
G1 X220.066 Y181.126 E340.83722
G1 X219.266 Y178.538 E340.92732
G1 X219.067 Y177.79 E340.95306
G1 X218.963 Y177.267 E340.9708
G1 X218.722 Y175.75 E341.02188
G1 X218.65 Y175.412 E341.03338
G1 X218.484 Y174.879 E341.05195
G1 X218.304 Y174.512 E341.06554
G1 X218.114 Y174.196 E341.0778
G1 X217.787 Y173.787 E341.09522
G1 X217.464 Y173.499 E341.10961
G1 X217.028 Y173.241 E341.12646
G1 X216.472 Y173.111 E341.14546
G1 X216.109 Y173.102 E341.15753
G1 X215.759 Y173.179 E341.16945
G1 X215.414 Y173.324 E341.1819
G1 X215.181 Y173.465 E341.19096
G1 X214.915 Y173.678 E341.20229
G1 X214.717 Y173.88 E341.2117
G1 X214.511 Y174.136 E341.22263
G1 X214.355 Y174.378 E341.23221
G1 X214.213 Y174.633 E341.24191
G1 X214.042 Y174.985 E341.25493
G1 X213.861 Y175.449 E341.27149
G1 X213.742 Y175.806 E341.28401
G1 X213.548 Y176.484 E341.30747
G1 X213.452 Y176.867 E341.3206
G1 X213.124 Y178.335 E341.37063
G1 X212.836 Y179.548 E341.41209
G1 X212.591 Y180.462 E341.44357
G1 X212.402 Y181.084 E341.46519
G1 X212.229 Y181.612 E341.48367
G1 X212.029 Y182.164 E341.5032
G1 X211.668 Y183.06 E341.53533
G1 X211.317 Y183.849 E341.56405
G1 X210.957 Y184.575 E341.591
G1 X210.579 Y185.283 E341.61769
G1 X210.235 Y185.893 E341.64099
G1 X209.677 Y186.824 E341.67709
G1 X209.239 Y187.521 E341.70447
G1 X208.48 Y188.681 E341.75057
G1 X206.647 Y191.412 E341.85997
G1 X205.923 Y192.562 E341.90517
G1 X205.495 Y193.305 E341.93369
G1 X205.205 Y193.862 E341.95457
G1 X204.967 Y194.391 E341.97387
G1 X204.766 Y194.919 E341.99266
G1 X204.654 Y195.305 E342.00603
G1 X204.574 Y195.665 E342.01829
G1 X204.517 Y196.213 E342.03662
G1 X204.578 Y196.757 E342.05482
G1 X204.732 Y197.213 E342.07083
G1 X204.897 Y197.542 E342.08307
G1 X205.074 Y197.778 E342.09288
G1 X205.378 Y198.095 E342.10749
G1 X205.678 Y198.291 E342.11941
G1 X205.922 Y198.42 E342.12859
G1 X206.374 Y198.593 E342.14469
G1 X206.821 Y198.709 E342.16005
G0 F9000 X206.618 Y199.07
;TYPE:WALL-OUTER
G1 F1500 X206.939 Y199.153 E342.17108
G1 X207.431 Y199.259 E342.18782
G1 X208.687 Y199.482 E342.23024
G1 X208.697 Y199.473 E342.23069
G1 X209.209 Y199.54 E342.24787
G1 X210.405 Y199.628 E342.28775
G1 X210.803 Y199.648 E342.30101
G1 X211.401 Y199.66 E342.3209
G1 X211.976 Y199.652 E342.34003
G1 X212.463 Y199.62 E342.35626
G1 X213.265 Y199.537 E342.38308
G1 X213.765 Y199.455 E342.39993
G1 X214.25 Y199.346 E342.41646
G1 X214.544 Y199.261 E342.42664
G1 X214.819 Y199.167 E342.43631
G1 X215.192 Y199.024 E342.44959
G1 X215.57 Y198.843 E342.46353
G1 X216.072 Y198.551 E342.48285
G1 X216.563 Y198.199 E342.50294
G1 X216.962 Y197.867 E342.52021
G1 X217.456 Y197.388 E342.54309
G1 X217.825 Y196.984 E342.56129
G1 X218.214 Y196.516 E342.58153
G1 X218.716 Y195.837 E342.60962
G1 X219.126 Y195.22 E342.63426
G1 X219.574 Y194.476 E342.66314
G1 X220.155 Y193.414 E342.7034
G1 X220.668 Y192.404 E342.74108
G1 X221.605 Y190.35 E342.81617
G1 X222.009 Y189.383 E342.85103
G1 X222.121 Y189.073 E342.86199
G1 X222.234 Y188.693 E342.87518
G1 X222.321 Y188.309 E342.88827
G1 X222.347 Y187.745 E342.90705
G1 X222.328 Y187.379 E342.91924
G1 X222.286 Y187.065 E342.92978
G1 X222.192 Y186.58 E342.94621
G1 X222.055 Y186.026 E342.96519
G1 X221.548 Y184.401 E343.02181
G1 X220.961 Y182.612 E343.08443
G1 X220.449 Y181.008 E343.14043
G1 X219.646 Y178.412 E343.23081
G1 X219.459 Y177.712 E343.25491
G1 X219.358 Y177.204 E343.27214
G1 X219.115 Y175.677 E343.32356
G1 X219.038 Y175.311 E343.336
G1 X218.857 Y174.731 E343.35621
G1 X218.656 Y174.32 E343.37143
G1 X218.443 Y173.967 E343.38514
G1 X218.078 Y173.511 E343.40457
G1 X217.701 Y173.175 E343.42137
G1 X217.336 Y172.959 E343.43547
G1 X217.067 Y172.841 E343.44524
G1 X216.802 Y172.764 E343.45442
G1 X216.512 Y172.712 E343.46422
G1 X216.207 Y172.705 E343.47437
G1 X215.955 Y172.727 E343.48278
G1 X215.637 Y172.796 E343.4936
G1 X215.232 Y172.967 E343.50822
G1 X214.951 Y173.137 E343.51915
G1 X214.647 Y173.381 E343.53211
G1 X214.418 Y173.614 E343.54298
G1 X214.187 Y173.902 E343.55526
G1 X214.012 Y174.172 E343.56596
G1 X213.858 Y174.449 E343.5765
G1 X213.676 Y174.825 E343.59039
G1 X213.485 Y175.313 E343.60782
G1 X213.36 Y175.688 E343.62097
G1 X213.162 Y176.38 E343.64491
G1 X213.063 Y176.775 E343.65846
G1 X212.735 Y178.243 E343.70849
G1 X212.45 Y179.444 E343.74954
G1 X212.208 Y180.346 E343.7806
G1 X212.022 Y180.959 E343.80191
G1 X211.853 Y181.476 E343.82
G1 X211.658 Y182.015 E343.83906
G1 X211.303 Y182.897 E343.87069
G1 X210.948 Y183.693 E343.89967
G1 X210.605 Y184.387 E343.92542
G1 X210.231 Y185.087 E343.95182
G1 X209.892 Y185.687 E343.97474
G1 X209.338 Y186.611 E344.01057
G1 X208.904 Y187.302 E344.03771
G1 X208.148 Y188.458 E344.08365
G1 X206.312 Y191.194 E344.19324
G1 X205.58 Y192.356 E344.23892
G1 X205.144 Y193.113 E344.26798
G1 X204.845 Y193.688 E344.28953
G1 X204.597 Y194.237 E344.30957
G1 X204.386 Y194.792 E344.32932
G1 X204.266 Y195.206 E344.34365
G1 X204.178 Y195.601 E344.35711
G1 X204.132 Y196.048 E344.37206
G1 X204.129 Y196.338 E344.38171
G1 X204.17 Y196.71 E344.39415
G1 X204.233 Y196.985 E344.40354
G1 X204.362 Y197.367 E344.41695
G1 X204.555 Y197.754 E344.43133
G1 X204.769 Y198.038 E344.44316
G1 X205.121 Y198.405 E344.46007
G1 X205.474 Y198.635 E344.47408
G1 X205.756 Y198.785 E344.48471
G1 X206.146 Y198.934 E344.49859
G1 X206.391 Y199.011 E344.50714
G1 X206.618 Y199.07 E344.51494
G1 F2400 E344.01494
G0 F9000 X206.694 Y198.774
G0 X205.652 Y198.073
G0 X205.459 Y197.397
G0 X211.934 Y188.551
G0 X212.663 Y188.295
G1 F2400 E344.51494
G1 F1500 X212.644 Y188.06 E344.52278
G1 X212.656 Y187.693 E344.53499
G1 X212.738 Y187.278 E344.54906
G1 X212.913 Y186.781 E344.56659
G1 X213.231 Y186.322 E344.58516
G1 X213.512 Y186.025 E344.59876
G1 X213.808 Y185.781 E344.61152
G1 X214.197 Y185.567 E344.62628
G1 X214.718 Y185.37 E344.64481
G1 X215.38 Y185.304 E344.66694
G1 X215.903 Y185.369 E344.68446
G1 X216.465 Y185.565 E344.70426
G1 X216.902 Y185.835 E344.72135
G1 X217.219 Y186.107 E344.73524
G1 X217.505 Y186.417 E344.74927
G1 X217.747 Y186.845 E344.76562
G1 X217.886 Y187.194 E344.77812
G1 X217.959 Y187.48 E344.78793
G1 X218.008 Y187.85 E344.80035
G1 X217.991 Y188.402 E344.81871
G1 X217.861 Y188.868 E344.83481
G1 X217.651 Y189.315 E344.85123
G1 X217.415 Y189.661 E344.86516
G1 X217.127 Y189.953 E344.8788
G1 X216.899 Y190.14 E344.88861
G1 X216.497 Y190.38 E344.90418
G1 X216.203 Y190.508 E344.91485
G1 X215.824 Y190.623 E344.92802
G1 X215.405 Y190.665 E344.94203
G1 X215.079 Y190.655 E344.95287
G1 X214.699 Y190.587 E344.96571
G1 X214.393 Y190.49 E344.97639
G1 X213.931 Y190.263 E344.99351
G1 X213.629 Y190.044 E345.00592
G1 X213.338 Y189.776 E345.01908
G1 X213.09 Y189.46 E345.03244
G1 X212.882 Y189.1 E345.04627
G1 X212.736 Y188.687 E345.06084
G1 X212.668 Y188.364 E345.07181
G1 X212.663 Y188.295 E345.07412
G0 F9000 X211.934 Y188.551
G0 X212.408 Y189.716
G0 X212.682 Y190.086
G0 X212.862 Y189.948
;TYPE:FILL
G1 F3000 X206.61 Y191.623 E345.28939
G0 F9000 X206.269 Y192.162
G1 F3000 X212.354 Y198.247 E345.57561
G0 F9000 X212.34 Y198.028
G0 X213.602 Y197.85
G0 X213.653 Y198.063
G1 F3000 X215.51 Y191.134 E345.8142
G0 F9000 X215.234 Y191.342
G0 X215.284 Y191.597
G0 X216.814 Y190.953
G0 X217.55 Y190.449
G0 X217.935 Y190.059
G0 X218.215 Y189.646
G0 X218.679 Y188.478
G0 X218.468 Y188.445
G1 F3000 X220.999 Y187.767 E345.90135
G0 F9000 X220.782 Y187.742
G0 X220.292 Y189.329
G0 X220.493 Y189.416
G1 F3000 X218.419 Y187.342 E345.99891
G0 F9000 X218.671 Y187.241
G0 X218.094 Y186.149
G0 X217.268 Y185.242
G0 X217.056 Y185.363
G1 F3000 X218.623 Y179.519 E346.20015
G0 F9000 X218.413 Y178.85
G1 F3000 X214.267 Y174.705 E346.39514
G0 F9000 X214.475 Y174.804
G0 X213.645 Y177.425
G0 X213.421 Y177.374
G1 F3000 X217.927 Y176.167 E346.55029
G0 F9000 X217.709 Y176.189
G0 X218.061 Y178.126
G0 X219.196 Y182.049
G0 X219.406 Y181.983
G1 F3000 X211.248 Y184.168 E346.83119
G0 F9000 X211.067 Y184.534
G1 F3000 X207.487 Y197.894 E347.29122
G0 F9000 X206.817 Y197.779
G1 F3000 X217.706 Y194.861 E347.66617
G1 X217.604 Y195.012
G1 X209.633 Y187.041 E348.0411
G0 F9000 X209.829 Y187.165
G0 X211.364 Y184.294
G0 X212.626 Y181.401
G0 X212.406 Y181.328
G1 F3000 X215.971 Y184.894 E348.20881
G0 F9000 X216.001 Y184.669
G0 X215.405 Y184.651
G0 X214.575 Y184.729
G0 X213.926 Y184.977
G0 X213.456 Y185.232
G0 X212.736 Y185.899
G0 X212.325 Y186.496
G0 X205.834 Y197.433
G0 X205.606 Y197.989
G0 X205.816 Y198.047
G1 F3000 X205.557 Y198.117 E348.21774
G0 F9000 X205.628 Y197.911
G0 X205.646 Y197.126
G0 X207.149 Y197.615
G0 X207.019 Y198.355
;TYPE:SKIN
G1 F1351.4 X206.5 Y198.232 E348.23743
G1 F1357.5 X206.078 Y198.071 E348.25403
G1 X205.9 Y197.974 E348.26148
G1 X205.983 Y197.677 E348.27281
G1 F1318.7 X207.22 Y197.922 E348.32052
G1 F1255.2 X208.788 Y198.189 E348.38374
G1 F1229.5 X209.311 Y198.25 E348.40511
G1 F1234.6 X210.096 Y198.314 E348.43693
G1 F1237.1 X210.685 Y198.35 E348.46073
G1 F1234.6 X211.291 Y198.364 E348.48523
G1 F1229.5 X212.056 Y198.352 E348.51627
G1 F1232 X212.491 Y198.319 E348.53394
G1 F1229.5 X213.084 Y198.252 E348.55815
G1 F1227 X213.562 Y198.173 E348.57785
G1 F1224.5 X213.996 Y198.067 E348.59606
G1 X214.442 Y197.925 E348.61513
G1 X214.968 Y197.689 E348.63862
G1 F1222 X215.308 Y197.492 E348.65466
G1 F1224.5 X215.54 Y197.342 E348.66591
G1 X215.782 Y197.159 E348.67828
G1 F1219.5 X216.068 Y196.916 E348.69363
G1 X216.46 Y196.547 E348.71565
G1 F1224.5 X216.918 Y196.045 E348.74334
G1 F1229.5 X217.285 Y195.595 E348.7669
G1 X217.784 Y194.898 E348.80169
G1 F1224.5 X218.255 Y194.155 E348.83753
G1 X218.979 Y192.86 E348.89798
G1 F1222 X219.312 Y192.203 E348.92805
G1 F1229.5 X219.903 Y190.974 E348.98339
G1 X220.71 Y189.122 E349.06536
G1 F1219.5 X220.894 Y188.645 E349.08627
G1 F1224.5 X220.994 Y188.316 E349.10029
G1 F1234.6 X221.046 Y188.053 E349.11112
G1 F1255.2 X221.076 Y187.735 E349.12381
G1 F1276.6 X221.061 Y187.407 E349.13665
G1 F1293.1 X220.999 Y187.002 E349.15245
G1 F1310 X220.94 Y186.711 E349.16376
G1 X220.85 Y186.354 E349.17778
G1 F1315.8 X220.73 Y185.937 E349.19424
G1 F1321.6 X218.454 Y178.769 E349.47814
G1 F1310 X218.32 Y178.288 E349.49716
G1 X218.221 Y177.861 E349.51385
G1 F1321.6 X218.085 Y177.072 E349.54407
G1 F1363.6 X217.975 Y176.11 E349.5795
G1 F1395.3 X218.389 Y176.056 E349.59443
G1 F1363.6 X218.586 Y177.348 E349.64224
G1 F1327.4 X218.689 Y177.873 E349.66235
G1 F1318.7 X218.888 Y178.634 E349.69211
G1 F1333.3 X220.251 Y182.972 E349.86225
G1 F1330.4 X220.763 Y184.529 E349.92372
G1 F1310 X221.292 Y186.23 E349.99156
G1 F1304.3 X221.414 Y186.737 E350.0115
G1 F1298.7 X221.529 Y187.345 E350.03527
G1 F1282.1 X221.548 Y187.745 E350.05086
G1 F1247.4 X221.517 Y188.252 E350.07117
G1 F1222 X221.358 Y188.811 E350.0949
G1 F1217 X221.259 Y189.073 E350.10638
G1 F1209.7 X220.862 Y190.025 E350.14892
G1 X219.942 Y192.04 E350.24028
G1 F1214.6 X219.444 Y193.03 E350.2858
G1 X218.871 Y194.072 E350.33464
G1 X218.449 Y194.776 E350.36836
G1 X218.061 Y195.361 E350.39719
G1 F1217 X217.586 Y196.004 E350.42996
G1 F1219.5 X217.213 Y196.454 E350.45387
G1 X216.888 Y196.81 E350.47359
G1 F1214.6 X216.425 Y197.258 E350.50006
G1 F1219.5 X216.059 Y197.565 E350.5196
G1 X215.649 Y197.861 E350.54029
G1 X215.192 Y198.126 E350.5619
G1 F1214.6 X214.87 Y198.28 E350.57656
G1 X214.544 Y198.406 E350.59092
G1 F1219.5 X214.066 Y198.558 E350.61144
G1 F1222 X213.654 Y198.652 E350.62869
G1 F1227 X213.15 Y198.736 E350.64947
G1 F1224.5 X212.403 Y198.816 E350.68008
G1 F1222 X211.939 Y198.846 E350.69906
G1 F1219.5 X211.411 Y198.855 E350.72066
G1 F1227 X210.518 Y198.829 E350.75699
G1 F1232 X209.251 Y198.733 E350.80844
G1 F1229.5 X208.753 Y198.677 E350.82878
G1 F1242.2 X207.597 Y198.474 E350.87591
G1 F1268.5 X207.13 Y198.381 E350.89464
G1 F1312.9 X207.019 Y198.355 E350.89897
G0 F9000 X207.149 Y197.615
G0 X214.66 Y175.088
G0 X214.847 Y174.891
G1 F1421.8 X214.614 Y174.674 E350.91015
G1 X214.816 Y174.345 E350.92369
G1 F1392.1 X214.997 Y174.138 E350.93355
G1 F1354.4 X215.175 Y173.958 E350.94287
G1 F1327.4 X215.494 Y173.711 E350.95804
G1 F1318.7 X215.984 Y173.507 E350.97812
G1 F1333.3 X216.432 Y173.497 E350.99488
G1 F1339.3 X216.875 Y173.599 E351.01182
G1 X217.114 Y173.742 E351.02219
G1 X217.086 Y173.961 E351.03042
G1 F1336.3 X216.149 Y173.946 E351.0654
G1 F1339.3 X215.779 Y174.07 E351.07994
G1 F1345.3 X215.509 Y174.258 E351.09214
G1 F1382.5 X214.847 Y174.891 E351.12519
G0 F9000 X214.558 Y175.347
;MESH:NONMESH
G0 F300 Z4.4
G0 F9000 X211.753 Y187.803
G0 X211.756 Y188.119
G0 X212.068 Y188.931
G0 X212.364 Y188.827
;TIME_ELAPSED:532.886633
;LAYER:21
;note -- min layer time used
;TYPE:WALL-INNER
;MESH:Rock Wall Hold Knob 1.stl
G1 F1500 X212.345 Y188.771 E351.12716
G1 X212.269 Y188.396 E351.13989
G1 X212.245 Y188.092 E351.15003
G1 X212.257 Y187.644 E351.16494
G1 X212.353 Y187.169 E351.18105
G1 X212.545 Y186.613 E351.20062
G1 X212.902 Y186.093 E351.2216
G1 X213.258 Y185.716 E351.23884
G1 X213.601 Y185.435 E351.25359
G1 X214.024 Y185.206 E351.26959
G1 X214.632 Y184.974 E351.29123
G1 X215.398 Y184.9 E351.31683
G1 X216.018 Y184.981 E351.33763
G1 X216.621 Y185.191 E351.35886
G1 X217.162 Y185.531 E351.38012
G1 X217.512 Y185.835 E351.39553
G1 X217.832 Y186.181 E351.41121
G1 X218.13 Y186.721 E351.43172
G1 X218.274 Y187.094 E351.44502
G1 X218.347 Y187.379 E351.45481
G1 X218.406 Y187.805 E351.46911
G1 X218.386 Y188.488 E351.49184
G1 X218.22 Y189.05 E351.51133
G1 X217.975 Y189.554 E351.52997
G1 X217.763 Y189.868 E351.54257
G1 X217.412 Y190.234 E351.55943
G1 X217.08 Y190.5 E351.57358
G1 X216.724 Y190.712 E351.58737
G1 X216.307 Y190.895 E351.60251
G1 X215.904 Y191.015 E351.6165
G1 X215.467 Y191.062 E351.63112
G1 X215.062 Y191.055 E351.64459
G1 X214.65 Y190.987 E351.65848
G1 X214.25 Y190.864 E351.6724
G1 X213.739 Y190.618 E351.69126
G1 X213.411 Y190.382 E351.7047
G1 X213.056 Y190.064 E351.72055
G1 X212.775 Y189.707 E351.73566
G1 X212.506 Y189.249 E351.75333
G1 X212.364 Y188.827 E351.76814
G0 F9000 X212.068 Y188.931
G0 X207 Y198.196
G0 X206.942 Y198.493
G1 F1500 X207.25 Y198.556 E351.77859
G1 X208.35 Y198.743 E351.8157
G1 X209.042 Y198.843 E351.83896
G1 X209.78 Y198.909 E351.8636
G1 X210.83 Y198.968 E351.89858
G1 X211.381 Y198.975 E351.91691
G1 X212.068 Y198.964 E351.93976
G1 X212.712 Y198.922 E351.96123
G1 X213.387 Y198.831 E351.98388
G1 X213.764 Y198.764 E351.99662
G1 X214.121 Y198.677 E352.00884
G1 X214.498 Y198.562 E352.02195
G1 X214.751 Y198.47 E352.0309
G1 X215.144 Y198.296 E352.0452
G1 X215.475 Y198.12 E352.05766
G1 X215.753 Y197.945 E352.06859
G1 X216.128 Y197.678 E352.0839
G1 X216.417 Y197.443 E352.09629
G1 X216.943 Y196.939 E352.12052
G1 X217.327 Y196.525 E352.1393
G1 X217.725 Y196.04 E352.16017
G1 X218.179 Y195.417 E352.18581
G1 X218.572 Y194.823 E352.2095
G1 X218.967 Y194.164 E352.23505
G1 X219.581 Y193.046 E352.27747
G1 X219.869 Y192.486 E352.29842
G1 X220.577 Y190.992 E352.35341
G1 X221.337 Y189.23 E352.41723
G1 X221.538 Y188.677 E352.4368
G1 X221.635 Y188.305 E352.44959
G1 X221.682 Y188.005 E352.45969
G1 X221.706 Y187.642 E352.47179
G1 X221.679 Y187.314 E352.48273
G1 X221.625 Y186.958 E352.49471
G1 X221.505 Y186.407 E352.51346
G1 X221.376 Y185.929 E352.52993
G1 X220.898 Y184.409 E352.58293
G1 X219.875 Y181.24 E352.69368
G1 X219.048 Y178.595 E352.78586
G1 X218.852 Y177.857 E352.81125
G1 X218.775 Y177.482 E352.82399
G1 X218.643 Y176.611 E352.85329
G1 X218.542 Y175.654 E352.88529
G1 X218.419 Y175.063 E352.90537
G1 X218.251 Y174.684 E352.91916
G1 X218.081 Y174.387 E352.93054
G1 X217.868 Y174.085 E352.94283
G1 X217.532 Y173.739 E352.95888
G1 X217.156 Y173.494 E352.9738
G1 X216.892 Y173.377 E352.98341
G1 X216.578 Y173.283 E352.99431
G1 X216.192 Y173.27 E353.00715
G1 X215.902 Y173.325 E353.01697
G1 X215.586 Y173.438 E353.02813
G1 X215.291 Y173.598 E353.03929
G1 X214.962 Y173.864 E353.05337
G1 X214.711 Y174.161 E353.0663
G1 X214.543 Y174.397 E353.07594
G1 X214.399 Y174.637 E353.08524
G1 X214.181 Y175.077 E353.10158
G1 X214.038 Y175.435 E353.1144
G1 X213.935 Y175.731 E353.12482
G1 X213.746 Y176.35 E353.14635
G1 X213.601 Y176.925 E353.16607
G1 X213.041 Y179.363 E353.24927
G1 X212.833 Y180.167 E353.27689
G1 X212.541 Y181.176 E353.31183
G1 X212.315 Y181.845 E353.33532
G1 X212.071 Y182.496 E353.35844
G1 X211.799 Y183.159 E353.38227
G1 X211.34 Y184.16 E353.4189
G1 X210.699 Y185.385 E353.46489
G1 X210.223 Y186.208 E353.49651
G1 X209.468 Y187.431 E353.54431
G1 X208.954 Y188.224 E353.57574
G1 X207.048 Y191.046 E353.68901
G1 X206.333 Y192.139 E353.73245
G1 X205.734 Y193.138 E353.77119
G1 X205.414 Y193.728 E353.79351
G1 X205.198 Y194.168 E353.80982
G1 X205.021 Y194.576 E353.82461
G1 X204.836 Y195.107 E353.84331
G1 X204.762 Y195.391 E353.85307
G1 X204.677 Y195.82 E353.86762
G1 X204.654 Y196.24 E353.88161
G1 X204.705 Y196.719 E353.89763
G1 X204.791 Y197.044 E353.90881
G1 X204.954 Y197.399 E353.9218
G1 X205.265 Y197.836 E353.93964
G1 X205.678 Y198.118 E353.95628
G1 X205.982 Y198.254 E353.96735
G1 X206.368 Y198.376 E353.98082
G1 X206.942 Y198.493 E354.0003
G0 F9000 X206.736 Y198.86
;TYPE:WALL-OUTER
G1 F1500 X207.113 Y198.939 E354.01311
G1 X208.335 Y199.145 E354.05433
G1 X208.996 Y199.241 E354.07654
G1 X209.751 Y199.308 E354.10175
G1 X210.816 Y199.368 E354.13723
G1 X211.387 Y199.375 E354.15623
G1 X212.084 Y199.364 E354.17941
G1 X212.752 Y199.32 E354.20168
G1 X213.449 Y199.226 E354.22507
G1 X213.846 Y199.156 E354.23848
G1 X214.227 Y199.063 E354.25152
G1 X214.624 Y198.942 E354.26533
G1 X214.901 Y198.842 E354.27512
G1 X215.32 Y198.656 E354.29037
G1 X215.675 Y198.466 E354.30376
G1 X215.976 Y198.277 E354.31558
G1 X216.37 Y197.996 E354.33168
G1 X216.68 Y197.745 E354.34494
G1 X217.231 Y197.217 E354.37033
G1 X217.629 Y196.788 E354.38979
G1 X218.041 Y196.285 E354.41142
G1 X218.507 Y195.645 E354.43775
G1 X218.91 Y195.037 E354.46201
G1 X219.314 Y194.364 E354.48811
G1 X219.923 Y193.258 E354.53011
G1 X220.242 Y192.634 E354.55342
G1 X220.941 Y191.157 E354.60777
G1 X221.709 Y189.378 E354.67221
G1 X221.92 Y188.796 E354.6928
G1 X222.027 Y188.387 E354.70687
G1 X222.08 Y188.049 E354.71825
G1 X222.107 Y187.638 E354.73194
G1 X222.077 Y187.268 E354.74429
G1 X222.019 Y186.885 E354.75718
G1 X221.893 Y186.312 E354.77669
G1 X221.76 Y185.817 E354.79374
G1 X221.279 Y184.286 E354.84711
G1 X220.257 Y181.12 E354.95776
G1 X219.434 Y178.492 E355.04936
G1 X219.244 Y177.777 E355.07396
G1 X219.17 Y177.417 E355.08619
G1 X219.041 Y176.569 E355.11472
G1 X218.938 Y175.592 E355.14739
G1 X218.83 Y175.079 E355.16483
G1 X218.748 Y174.819 E355.1739
G1 X218.609 Y174.503 E355.18538
G1 X218.419 Y174.172 E355.19807
G1 X218.177 Y173.829 E355.21203
G1 X217.914 Y173.558 E355.22459
G1 X217.702 Y173.372 E355.23397
G1 X217.348 Y173.141 E355.24803
G1 X217.03 Y173.001 E355.25959
G1 X216.76 Y172.92 E355.26897
G1 X216.501 Y172.88 E355.27768
G1 X216.16 Y172.869 E355.28903
G1 X215.797 Y172.938 E355.30132
G1 X215.422 Y173.072 E355.31456
G1 X215.068 Y173.264 E355.32796
G1 X214.679 Y173.578 E355.34459
G1 X214.395 Y173.915 E355.35924
G1 X214.208 Y174.178 E355.36998
G1 X214.048 Y174.445 E355.38033
G1 X213.815 Y174.914 E355.39775
G1 X213.664 Y175.295 E355.41138
G1 X213.555 Y175.607 E355.42237
G1 X213.361 Y176.242 E355.44445
G1 X213.211 Y176.835 E355.4648
G1 X212.654 Y179.263 E355.54765
G1 X212.449 Y180.056 E355.5749
G1 X212.154 Y181.072 E355.61008
G1 X211.941 Y181.705 E355.6323
G1 X211.701 Y182.344 E355.655
G1 X211.435 Y182.993 E355.67833
G1 X210.986 Y183.974 E355.71421
G1 X210.341 Y185.205 E355.76043
G1 X209.883 Y185.998 E355.79089
G1 X209.132 Y187.213 E355.8384
G1 X208.622 Y188 E355.86959
G1 X206.713 Y190.827 E355.98305
G1 X205.994 Y191.927 E356.02676
G1 X205.386 Y192.94 E356.06605
G1 X205.058 Y193.544 E356.08891
G1 X204.834 Y194 E356.10581
G1 X204.65 Y194.427 E356.12127
G1 X204.452 Y194.993 E356.14122
G1 X204.372 Y195.301 E356.1518
G1 X204.279 Y195.77 E356.1677
G1 X204.253 Y196.242 E356.18343
G1 X204.272 Y196.514 E356.1925
G1 X204.313 Y196.799 E356.20207
G1 X204.413 Y197.18 E356.21517
G1 X204.651 Y197.698 E356.23413
G1 X204.916 Y198.032 E356.24832
G1 X205.11 Y198.215 E356.25719
G1 X205.482 Y198.468 E356.27215
G1 X205.84 Y198.628 E356.28519
G1 X206.264 Y198.762 E356.29998
G1 X206.736 Y198.86 E356.31601
G0 F9000 X206.87 Y198.171
G0 X211.934 Y188.551
G0 X212.663 Y188.295
G1 F1500 X212.644 Y188.06 E356.32386
G1 X212.659 Y187.673 E356.33674
G1 X212.738 Y187.278 E356.35014
G1 X212.914 Y186.779 E356.36773
G1 X213.231 Y186.321 E356.38626
G1 X213.513 Y186.024 E356.39988
G1 X213.808 Y185.781 E356.41259
G1 X214.197 Y185.567 E356.42736
G1 X214.7 Y185.375 E356.44527
G1 X215.385 Y185.304 E356.46817
G1 X215.903 Y185.369 E356.48554
G1 X216.465 Y185.565 E356.50533
G1 X216.902 Y185.835 E356.52242
G1 X217.219 Y186.107 E356.53631
G1 X217.515 Y186.433 E356.55096
G1 X217.747 Y186.845 E356.56668
G1 X217.886 Y187.191 E356.57908
G1 X217.959 Y187.48 E356.589
G1 X218.008 Y187.841 E356.60112
G1 X217.991 Y188.407 E356.61995
G1 X217.861 Y188.868 E356.63588
G1 X217.653 Y189.31 E356.65213
G1 X217.436 Y189.636 E356.66515
G1 X217.127 Y189.953 E356.67988
G1 X216.899 Y190.14 E356.68968
G1 X216.496 Y190.38 E356.70529
G1 X216.191 Y190.512 E356.71634
G1 X215.819 Y190.624 E356.72926
G1 X215.428 Y190.664 E356.74233
G1 X215.09 Y190.656 E356.75358
G1 X214.699 Y190.587 E356.76678
G1 X214.395 Y190.491 E356.77739
G1 X213.941 Y190.27 E356.79418
G1 X213.646 Y190.058 E356.80626
G1 X213.338 Y189.776 E356.82015
G1 X213.09 Y189.46 E356.83351
G1 X212.882 Y189.1 E356.84734
G1 X212.736 Y188.687 E356.86191
G1 X212.668 Y188.364 E356.87289
G1 X212.663 Y188.295 E356.87519
G0 F9000 X211.934 Y188.551
G0 X212.408 Y189.716
G0 X212.778 Y190.209
G0 X212.959 Y190.069
;TYPE:FILL
G1 F2905.4 X206.682 Y191.75 E357.09132
G0 F9000 X206.434 Y192.127
G1 F2905.4 X213.097 Y198.789 E357.40471
G0 F9000 X213.32 Y198.76
G1 F2905.4 X215.362 Y191.139 E357.66712
G0 F9000 X215.234 Y191.342
G0 X215.284 Y191.597
G0 X216.814 Y190.953
G0 X217.55 Y190.449
G0 X217.935 Y190.059
G0 X218.094 Y189.825
G0 X218.655 Y188.635
G0 X218.438 Y188.601
G1 F2905.4 X221.617 Y187.749 E357.77659
G0 F9000 X221.392 Y187.736
G0 X220.82 Y189.66
G0 X221.027 Y189.749
G1 F2905.4 X218.348 Y187.07 E357.9026
G0 F9000 X218.567 Y186.982
G0 X218.03 Y186.028
G0 X217.798 Y185.776
G0 X217.027 Y185.003
G0 X216.93 Y185.285
G1 F2905.4 X218.845 Y178.141 E358.1486
G0 F9000 X218.624 Y178.199
G0 X219.022 Y179.543
G0 X219.24 Y179.476
G1 F2905.4 X215.067 Y175.304 E358.34486
G0 F9000 X215.257 Y175.414
G0 X214.849 Y176.128
G0 X213.778 Y177.538
G0 X213.554 Y177.486
G1 F2905.4 X218.513 Y176.157 E358.51562
G0 F9000 X218.287 Y176.18
G0 X218.585 Y177.768
G0 X219.807 Y182.033
G0 X220.025 Y181.964
G1 F2905.4 X211.363 Y184.284 E358.81387
G0 F9000 X211.569 Y184.393
G0 X210.805 Y185.82
G0 X210.606 Y185.705
G1 F2905.4 X207.188 Y198.463 E359.25317
G0 F9000 X207.232 Y198.241
G0 X206.053 Y197.949
G0 X205.959 Y198.156
G1 F2905.4 X218.493 Y194.797 E359.68476
G0 F9000 X218.134 Y195.341
G1 F2905.4 X209.814 Y187.021 E360.07611
G0 F9000 X210.012 Y187.143
G0 X211.575 Y184.252
G0 X212.8 Y181.379
G0 X212.582 Y181.304
G1 F2905.4 X216.257 Y184.979 E360.24897
G0 F9000 X216.331 Y184.764
G0 X214.175 Y176.126
G0 X214.283 Y175.874
;TYPE:SKIN
G1 F1408.5 X214.39 Y175.573 E360.26029
G1 F1376.1 X214.523 Y175.241 E360.27325
G1 F1321.6 X214.812 Y174.691 E360.29671
G1 F1271.2 X215.022 Y174.41 E360.31047
G1 F1250 X215.299 Y174.107 E360.32686
G1 F1214.6 X215.519 Y173.943 E360.33813
G1 F1176.5 X215.758 Y173.814 E360.34965
G1 X216.125 Y173.677 E360.36626
G1 F1190.5 X216.649 Y173.717 E360.38828
G1 F1234.6 X216.954 Y173.837 E360.40153
G1 F1295.9 X217.283 Y174.036 E360.41633
G1 F1324.5 X217.565 Y174.325 E360.43154
G1 X217.742 Y174.576 E360.44311
G1 X217.607 Y174.748 E360.45135
G1 F1295.9 X216.803 Y174.282 E360.48712
G1 F1239.7 X216.466 Y174.191 E360.50117
G1 F1200 X216.137 Y174.208 E360.51487
G1 F1204.8 X215.632 Y174.446 E360.53798
G1 F1237.1 X215.386 Y174.717 E360.55274
G1 F1282.1 X215.195 Y174.948 E360.56441
G1 F1330.4 X214.928 Y175.421 E360.58478
G1 F1385.7 X214.651 Y176.033 E360.60896
G1 F1418.4 X214.283 Y175.874 E360.62306
G0 F9000 X214.343 Y176.488
;MESH:NONMESH
G0 F300 Z4.6
G0 F9000 X211.753 Y187.803
G0 X211.756 Y188.119
G0 X212.068 Y188.931
G0 X212.364 Y188.827
;TIME_ELAPSED:546.903772
;LAYER:22
;TYPE:WALL-INNER
;MESH:Rock Wall Hold Knob 1.stl
G1 F1500 X212.345 Y188.771 E360.62503
G1 X212.269 Y188.396 E360.63776
G1 X212.244 Y188.051 E360.64926
G1 X212.258 Y187.643 E360.66284
G1 X212.352 Y187.173 E360.67878
G1 X212.548 Y186.602 E360.69886
G1 X212.938 Y186.047 E360.72142
G1 X213.258 Y185.716 E360.73673
G1 X213.598 Y185.436 E360.75138
G1 X214.058 Y185.191 E360.76872
G1 X214.624 Y184.981 E360.7888
G1 X215.392 Y184.899 E360.81449
G1 X216.01 Y184.979 E360.83521
G1 X216.621 Y185.191 E360.85672
G1 X217.162 Y185.531 E360.87798
G1 X217.512 Y185.835 E360.89339
G1 X217.829 Y186.176 E360.90888
G1 X218.13 Y186.721 E360.92959
G1 X218.267 Y187.07 E360.94206
G1 X218.355 Y187.423 E360.95416
G1 X218.409 Y187.867 E360.96903
G1 X218.39 Y188.476 E360.9893
G1 X218.222 Y189.047 E361.0091
G1 X217.97 Y189.561 E361.02814
G1 X217.739 Y189.903 E361.04186
G1 X217.363 Y190.279 E361.05955
G1 X217.08 Y190.5 E361.07149
G1 X216.657 Y190.746 E361.08777
G1 X216.307 Y190.895 E361.10042
G1 X215.888 Y191.021 E361.11497
G1 X215.448 Y191.063 E361.12967
G1 X215.076 Y191.056 E361.14205
G1 X214.637 Y190.984 E361.15684
G1 X214.228 Y190.855 E361.17111
G1 X213.728 Y190.609 E361.18964
G1 X213.412 Y190.383 E361.20256
G1 X213.056 Y190.064 E361.21846
G1 X212.775 Y189.707 E361.23357
G1 X212.506 Y189.249 E361.25124
G1 X212.364 Y188.827 E361.26605
G0 F9000 X212.068 Y188.931
G0 X207.107 Y197.988
G0 X207.057 Y198.288
G1 F1500 X208.986 Y198.603 E361.33106
G1 X210.344 Y198.716 E361.37638
G1 X211.378 Y198.739 E361.41078
G1 X212.236 Y198.724 E361.43932
G1 X212.576 Y198.698 E361.45066
G1 X213.217 Y198.618 E361.47215
G1 X213.682 Y198.535 E361.48786
G1 X213.939 Y198.478 E361.49661
G1 X214.312 Y198.371 E361.50952
G1 X214.584 Y198.278 E361.51908
G1 X214.861 Y198.164 E361.52904
G1 X215.229 Y197.984 E361.54267
G1 X215.653 Y197.73 E361.55911
G1 X215.934 Y197.527 E361.57064
G1 X216.277 Y197.247 E361.58536
G1 X216.644 Y196.906 E361.60203
G1 X216.906 Y196.637 E361.61452
G1 X217.33 Y196.152 E361.63594
G1 X217.7 Y195.682 E361.65584
G1 X217.903 Y195.401 E361.66737
G1 X218.309 Y194.794 E361.69166
G1 X218.525 Y194.454 E361.70505
G1 X218.875 Y193.837 E361.72865
G1 X219.459 Y192.766 E361.76922
G1 X219.729 Y192.222 E361.78942
G1 X220.292 Y191.039 E361.83299
G1 X220.598 Y190.366 E361.85758
G1 X220.998 Y189.423 E361.89165
G1 X221.224 Y188.857 E361.91192
G1 X221.349 Y188.48 E361.92513
G1 X221.427 Y188.144 E361.93661
G1 X221.456 Y187.895 E361.94494
G1 X221.466 Y187.561 E361.95606
G1 X221.425 Y187.133 E361.97036
G1 X221.322 Y186.588 E361.98881
G1 X221.209 Y186.159 E362.00356
G1 X220.825 Y184.919 E362.04674
G1 X218.783 Y178.475 E362.27157
G1 X218.655 Y177.979 E362.28861
G1 X218.551 Y177.463 E362.30611
G1 X218.437 Y176.687 E362.3322
G1 X218.348 Y175.534 E362.37066
G1 X218.284 Y175.186 E362.38243
G1 X218.134 Y174.773 E362.39705
G1 X217.979 Y174.493 E362.40769
G1 X217.787 Y174.224 E362.41868
G1 X217.531 Y173.965 E362.4308
G1 X217.312 Y173.787 E362.44018
G1 X217.087 Y173.655 E362.44886
G1 X216.757 Y173.517 E362.46076
G1 X216.48 Y173.472 E362.47009
G1 X216.2 Y173.466 E362.4794
G1 X215.74 Y173.574 E362.49512
G1 X215.369 Y173.782 E362.50927
G1 X215.045 Y174.061 E362.52349
G1 X214.831 Y174.305 E362.53428
G1 X214.647 Y174.574 E362.54512
G1 X214.412 Y174.992 E362.56107
G1 X214.205 Y175.483 E362.57879
G1 X214.02 Y176.02 E362.59768
G1 X213.904 Y176.413 E362.61131
G1 X213.772 Y176.927 E362.62896
G1 X213.291 Y179.033 E362.70081
G1 X213.05 Y180.002 E362.73402
G1 X212.832 Y180.783 E362.76099
G1 X212.53 Y181.73 E362.79405
G1 X212.326 Y182.302 E362.81425
G1 X212.016 Y183.074 E362.84192
G1 X211.58 Y184.046 E362.87735
G1 X211.153 Y184.887 E362.90872
G1 X210.64 Y185.816 E362.94402
G1 X210.346 Y186.313 E362.96323
G1 X209.723 Y187.316 E363.0025
G1 X209.005 Y188.418 E363.04624
G1 X207.23 Y191.031 E363.15131
G1 X206.649 Y191.909 E363.18633
G1 X206.086 Y192.81 E363.22166
G1 X205.813 Y193.281 E363.23977
G1 X205.404 Y194.049 E363.26871
G1 X205.222 Y194.453 E363.28345
G1 X205.117 Y194.722 E363.29305
G1 X204.95 Y195.218 E363.31046
G1 X204.866 Y195.566 E363.32237
G1 X204.817 Y195.902 E363.33366
G1 X204.788 Y196.306 E363.34713
G1 X204.844 Y196.733 E363.36145
G1 X204.975 Y197.128 E363.3753
G1 X205.109 Y197.411 E363.38571
G1 X205.365 Y197.729 E363.39929
G1 X205.827 Y198.014 E363.41734
G1 X206.313 Y198.151 E363.43414
G1 X207.035 Y198.284 E363.45856
G1 X207.057 Y198.288 E363.4593
G0 F9000 X206.85 Y198.657
;TYPE:WALL-OUTER
G1 F1500 X206.971 Y198.679 E363.46339
G1 X208.937 Y199.001 E363.52965
G1 X210.323 Y199.116 E363.57591
G1 X211.377 Y199.139 E363.61097
G1 X212.254 Y199.124 E363.64015
G1 X212.616 Y199.096 E363.65222
G1 X213.277 Y199.014 E363.67437
G1 X213.668 Y198.945 E363.68758
G1 X214.038 Y198.866 E363.70016
G1 X214.432 Y198.753 E363.7138
G1 X214.725 Y198.652 E363.7241
G1 X215.025 Y198.529 E363.73489
G1 X215.42 Y198.336 E363.74951
G1 X215.873 Y198.064 E363.76709
G1 X216.178 Y197.845 E363.77957
G1 X216.54 Y197.549 E363.79513
G1 X216.924 Y197.192 E363.81257
G1 X217.2 Y196.908 E363.82574
G1 X217.638 Y196.408 E363.84785
G1 X218.02 Y195.923 E363.86838
G1 X218.231 Y195.629 E363.88042
G1 X218.647 Y195.008 E363.90528
G1 X218.868 Y194.66 E363.91899
G1 X219.226 Y194.029 E363.94312
G1 X219.814 Y192.951 E363.98396
G1 X220.09 Y192.394 E364.00463
G1 X220.656 Y191.205 E364.04843
G1 X220.964 Y190.527 E364.0732
G1 X221.369 Y189.572 E364.1077
G1 X221.6 Y188.995 E364.12837
G1 X221.735 Y188.589 E364.1426
G1 X221.822 Y188.213 E364.15544
G1 X221.856 Y187.925 E364.16509
G1 X221.867 Y187.547 E364.17766
G1 X221.821 Y187.077 E364.19337
G1 X221.712 Y186.5 E364.2129
G1 X221.607 Y186.095 E364.22682
G1 X221.207 Y184.798 E364.27196
G1 X219.17 Y178.375 E364.49608
G1 X219.047 Y177.9 E364.5124
G1 X218.942 Y177.374 E364.53024
G1 X218.836 Y176.656 E364.55438
G1 X218.745 Y175.482 E364.59354
G1 X218.673 Y175.089 E364.60683
G1 X218.591 Y174.833 E364.61577
G1 X218.495 Y174.599 E364.62418
G1 X218.318 Y174.279 E364.63634
G1 X218.094 Y173.966 E364.64915
G1 X217.801 Y173.669 E364.66302
G1 X217.541 Y173.457 E364.67418
G1 X217.266 Y173.296 E364.68478
G1 X216.868 Y173.13 E364.69912
G1 X216.517 Y173.072 E364.71096
G1 X216.158 Y173.065 E364.7229
G1 X215.594 Y173.197 E364.74216
G1 X215.064 Y173.495 E364.76239
G1 X214.757 Y173.783 E364.77639
G1 X214.515 Y174.059 E364.7886
G1 X214.307 Y174.362 E364.80082
G1 X214.052 Y174.816 E364.81814
G1 X213.831 Y175.34 E364.83705
G1 X213.639 Y175.898 E364.85668
G1 X213.529 Y176.266 E364.86946
G1 X213.382 Y176.838 E364.8891
G1 X212.903 Y178.937 E364.96071
G1 X212.665 Y179.894 E364.99351
G1 X212.451 Y180.661 E365.01999
G1 X212.153 Y181.596 E365.05263
G1 X211.946 Y182.175 E365.07308
G1 X211.651 Y182.91 E365.09942
G1 X211.211 Y183.891 E365.13518
G1 X210.803 Y184.693 E365.16511
G1 X210.296 Y185.612 E365.20002
G1 X210.006 Y186.102 E365.21896
G1 X209.388 Y187.098 E365.25794
G1 X208.674 Y188.193 E365.30142
G1 X206.896 Y190.811 E365.40668
G1 X206.281 Y191.743 E365.44382
G1 X205.744 Y192.604 E365.47757
G1 X205.463 Y193.086 E365.49613
G1 X205.044 Y193.873 E365.52578
G1 X204.853 Y194.298 E365.54128
G1 X204.741 Y194.585 E365.55152
G1 X204.565 Y195.108 E365.56988
G1 X204.473 Y195.49 E365.58295
G1 X204.419 Y195.858 E365.59532
G1 X204.386 Y196.318 E365.61066
G1 X204.452 Y196.823 E365.6276
G1 X204.603 Y197.277 E365.64351
G1 X204.767 Y197.625 E365.6563
G1 X205.096 Y198.034 E365.67376
G1 X205.574 Y198.328 E365.69243
G1 X205.841 Y198.434 E365.70198
G1 X206.222 Y198.541 E365.71515
G1 X206.85 Y198.657 E365.73639
G0 F9000 X206.982 Y197.964
G0 X211.934 Y188.55
G0 X212.663 Y188.294
G1 F1500 X212.644 Y188.047 E365.74463
G1 X212.659 Y187.673 E365.75707
G1 X212.738 Y187.278 E365.77047
G1 X212.9 Y186.809 E365.78698
G1 X213.231 Y186.321 E365.80659
G1 X213.512 Y186.025 E365.82016
G1 X213.84 Y185.76 E365.83419
G1 X214.208 Y185.562 E365.84809
G1 X214.72 Y185.369 E365.86629
G1 X215.368 Y185.304 E365.88795
G1 X215.903 Y185.369 E365.90587
G1 X216.465 Y185.565 E365.92567
G1 X216.902 Y185.835 E365.94275
G1 X217.219 Y186.107 E365.95665
G1 X217.515 Y186.433 E365.97129
G1 X217.747 Y186.845 E365.98702
G1 X217.886 Y187.193 E365.99948
G1 X217.959 Y187.477 E366.00923
G1 X218.009 Y187.863 E366.02218
G1 X217.985 Y188.436 E366.04125
G1 X217.853 Y188.891 E366.05701
G1 X217.638 Y189.337 E366.07348
G1 X217.415 Y189.661 E366.08656
G1 X217.111 Y189.968 E366.10093
G1 X216.898 Y190.14 E366.11004
G1 X216.497 Y190.38 E366.12558
G1 X216.191 Y190.512 E366.13667
G1 X215.828 Y190.622 E366.14928
G1 X215.422 Y190.664 E366.16286
G1 X215.069 Y190.654 E366.1746
G1 X214.699 Y190.587 E366.18711
G1 X214.388 Y190.488 E366.19796
G1 X213.941 Y190.27 E366.2145
G1 X213.646 Y190.059 E366.22657
G1 X213.338 Y189.776 E366.24048
G1 X213.09 Y189.46 E366.25384
G1 X212.882 Y189.1 E366.26767
G1 X212.736 Y188.687 E366.28224
G1 X212.668 Y188.364 E366.29322
G1 X212.663 Y188.294 E366.29555
G0 F9000 X211.934 Y188.55
G0 X212.408 Y189.716
G0 X212.647 Y189.655
;TYPE:FILL
G1 F3000 X210.648 Y187.656 E366.38958
G0 F9000 X210.301 Y187.309
G1 F3000 X210.005 Y187.013 E366.4035
G0 F9000 X210.189 Y186.719
G1 F3000 X207.108 Y198.216 E366.79939
G0 F9000 X206.616 Y198.126
G1 F3000 X218.026 Y195.069 E367.19227
G1 X218.041 Y195.048
G1 X213.623 Y190.631 E367.40005
G0 F9000 X213.073 Y190.184
G1 F3000 X206.771 Y191.873 E367.61706
G0 F9000 X206.617 Y192.11
G1 F3000 X213.063 Y198.556 E367.92026
G1 X213.234 Y198.534
G1 X215.216 Y191.138 E368.17493
G0 F9000 X215.21 Y191.37
G0 X216.814 Y190.953
G0 X217.55 Y190.449
G0 X217.935 Y190.059
G0 X218.61 Y188.822
G0 X218.39 Y188.759
G1 F3000 X221.375 Y187.96 E368.2777
G0 F9000 X221.146 Y187.931
G0 X220.7 Y189.341
G0 X220.909 Y189.431
G1 F3000 X218.216 Y186.738 E368.40438
G0 F9000 X218.434 Y186.651
G0 X218.03 Y186.028
G0 X217.295 Y185.226
G0 X216.892 Y184.956
G0 X216.805 Y185.209
G1 F3000 X218.655 Y178.304 E368.64214
G0 F9000 X218.821 Y178.858
G1 F3000 X215.329 Y175.366 E368.80639
G0 F9000 X215.515 Y175.484
G0 X215.268 Y177.173
G1 F3000 X214.538 Y177.368 E368.83152
G1 X214.436 Y177.395
G1 X213.702 Y177.592 E368.8568
G0 F9000 X213.924 Y177.643
G0 X214.551 Y177.607
G0 X216.449 Y176.856
G1 F3000 X218.331 Y176.352 E368.9216
G0 F9000 X218.105 Y176.368
G0 X218.467 Y178.149
G0 X219.641 Y182.223
G0 X219.865 Y182.152
G1 F3000 X214.654 Y183.549 E369.10104
G0 F9000 X213.613 Y182.135
G1 F3000 X216.563 Y185.086 E369.23982
G0 F9000 X216.638 Y184.869
G0 X215.939 Y184.746
G0 X211.988 Y184.263
G1 F3000 X211.492 Y184.396 E369.2569
G0 F9000 X211.698 Y184.501
G0 X213.012 Y181.535
G1 F3000 X212.757 Y181.28 E369.26889
G0 F9000 X212.936 Y181.658
G1 F750 X217.179 Y177.415 E369.38864
G0 F9000 X217.461 Y177.698
G1 F750 X212.474 Y182.685 E369.52938
G0 F9000 X212.501 Y182.697
G0 X212.084 Y183.681
G0 X212.057 Y183.668
G1 F750 X217.744 Y177.981 E369.68988
G0 F9000 X216.896 Y177.132
G1 F750 X213.072 Y180.956 E369.79781
G0 F9000 X213.295 Y180.168
G1 F750 X216.613 Y176.85 E369.89145
G0 F9000 X216.091 Y176.806
G1 F750 X213.486 Y179.411 E369.96497
G0 F9000 X213.662 Y178.669
G1 F750 X215.318 Y177.014 E370.01169
G0 F9000 X214.621 Y177.603
G0 X214.216 Y177.562
G0 X214.222 Y177.544
G1 F750 X213.83 Y177.936 E370.02275
G0 F9000 X213.856 Y177.943
G0 X213.785 Y182.506
G1 F750 X211.533 Y184.758 E370.08631
G0 F9000 X211.56 Y184.772
G0 X210.88 Y186.017
G0 X210.855 Y186.002
G1 F750 X213.015 Y183.842 E370.14727
G0 F9000 X213.788 Y183.634
G1 F750 X210.2 Y187.222 E370.24853
G0 F9000 X210.391 Y187.597
G1 F750 X214.561 Y183.427 E370.36621
G0 F9000 X214.01 Y177.504
G0 X214.085 Y177.241
;TYPE:SKIN
G1 F1373 X214.278 Y176.484 E370.3946
G1 F1339.3 X214.383 Y176.149 E370.40768
G1 F1307.2 X214.574 Y175.612 E370.42943
G1 F1255.2 X214.773 Y175.172 E370.44863
G1 F1200 X215.004 Y174.78 E370.46754
G1 F1162.8 X215.158 Y174.569 E370.47875
G1 F1132.1 X215.35 Y174.364 E370.49113
G1 F1102.9 X215.615 Y174.141 E370.50679
G1 F1075.3 X215.901 Y173.991 E370.52178
G1 F1056.3 X216.241 Y173.91 E370.53829
G1 F1079.1 X216.642 Y173.937 E370.55687
G1 F1115.2 X216.994 Y174.074 E370.57376
G1 F1169.6 X217.257 Y174.268 E370.5877
G1 F1244.8 X217.463 Y174.454 E370.59883
G1 F1310 X217.655 Y174.7 E370.61071
G1 F1363.6 X217.79 Y174.93 E370.62047
G1 F1382.5 X217.951 Y175.368 E370.63731
G1 X217.685 Y175.535 E370.64864
G1 F1360.5 X217.215 Y174.849 E370.67914
G1 F1244.8 X216.836 Y174.581 E370.69774
G1 F1127.8 X216.542 Y174.476 E370.71155
G1 F1079.1 X216.28 Y174.48 E370.72366
G1 F1075.3 X215.906 Y174.605 E370.74196
G1 F1117.3 X215.6 Y174.858 E370.75969
G1 F1167.3 X215.37 Y175.136 E370.77511
G1 F1217 X215.163 Y175.474 E370.79136
G1 F1263.2 X214.997 Y175.804 E370.80595
G1 F1304.3 X214.858 Y176.158 E370.82049
G1 F1357.5 X214.614 Y176.893 E370.84896
G1 F1385.7 X214.613 Y176.941 E370.85069
G1 F1388.9 X214.485 Y177.353 E370.86618
G1 F1398.6 X214.085 Y177.241 E370.881
G0 F9000 X214.184 Y177.85
;MESH:NONMESH
G0 F300 Z4.8
G0 F9000 X211.753 Y187.803
G0 X211.756 Y188.119
G0 X212.068 Y188.931
G0 X212.364 Y188.827
;TIME_ELAPSED:566.261063
;LAYER:23
;TYPE:WALL-INNER
;MESH:Rock Wall Hold Knob 1.stl
G1 F1500 X212.345 Y188.771 E370.88297
G1 X212.276 Y188.452 E370.89382
G1 X212.246 Y188.092 E370.90584
G1 X212.257 Y187.643 E370.92078
G1 X212.362 Y187.139 E370.9379
G1 X212.545 Y186.612 E370.95645
G1 X212.931 Y186.051 E370.9791
G1 X213.258 Y185.717 E370.99465
G1 X213.599 Y185.435 E371.00937
G1 X214.07 Y185.187 E371.02707
G1 X214.628 Y184.98 E371.04687
G1 X215.405 Y184.904 E371.07283
G1 X216.014 Y184.981 E371.09325
G1 X216.62 Y185.191 E371.11458
G1 X217.162 Y185.531 E371.13586
G1 X217.512 Y185.835 E371.15128
G1 X217.827 Y186.174 E371.16667
G1 X218.102 Y186.66 E371.18524
G1 X218.268 Y187.073 E371.20005
G1 X218.355 Y187.426 E371.21214
G1 X218.407 Y187.817 E371.22526
G1 X218.389 Y188.482 E371.24739
G1 X218.237 Y189.006 E371.26553
G1 X217.97 Y189.561 E371.28602
G1 X217.761 Y189.87 E371.29843
G1 X217.412 Y190.234 E371.3152
G1 X217.079 Y190.5 E371.32937
G1 X216.657 Y190.747 E371.34564
G1 X216.307 Y190.895 E371.35828
G1 X215.914 Y191.013 E371.37192
G1 X215.467 Y191.062 E371.38688
G1 X215 Y191.048 E371.40242
G1 X214.579 Y190.969 E371.41667
G1 X214.253 Y190.865 E371.42805
G1 X213.713 Y190.599 E371.44807
G1 X213.413 Y190.384 E371.46034
G1 X213.05 Y190.058 E371.47657
G1 X212.727 Y189.634 E371.4943
G1 X212.507 Y189.25 E371.50902
G1 X212.364 Y188.827 E371.52387
G0 F9000 X212.068 Y188.931
G0 X207.213 Y197.801
G0 X207.164 Y198.097
G1 F1500 X208.153 Y198.268 E371.55725
G1 X209.237 Y198.423 E371.59367
G1 X210.437 Y198.512 E371.6337
G1 X211.272 Y198.539 E371.66148
G1 X212.225 Y198.52 E371.69319
G1 X212.541 Y198.494 E371.70373
G1 X213.074 Y198.433 E371.72157
G1 X213.674 Y198.328 E371.74183
G1 X214 Y198.246 E371.75301
G1 X214.482 Y198.094 E371.76982
G1 X214.887 Y197.931 E371.78434
G1 X215.311 Y197.699 E371.80042
G1 X215.541 Y197.553 E371.80948
G1 X215.83 Y197.346 E371.8213
G1 X216.27 Y196.974 E371.84047
G1 X216.531 Y196.723 E371.85251
G1 X216.851 Y196.388 E371.86792
G1 X217.215 Y195.968 E371.88641
G1 X217.586 Y195.487 E371.90661
G1 X218.179 Y194.618 E371.9416
G1 X218.355 Y194.331 E371.9528
G1 X218.863 Y193.436 E371.98703
G1 X219.231 Y192.759 E372.01266
G1 X219.588 Y192.037 E372.03945
G1 X220.053 Y191.063 E372.07534
G1 X220.563 Y189.916 E372.11709
G1 X220.938 Y189.03 E372.14909
G1 X221.138 Y188.466 E372.169
G1 X221.213 Y188.15 E372.1798
G1 X221.259 Y187.803 E372.19144
G1 X221.256 Y187.478 E372.20225
G1 X221.221 Y187.137 E372.21365
G1 X221.13 Y186.671 E372.22944
G1 X221.037 Y186.299 E372.2422
G1 X220.806 Y185.519 E372.26925
G1 X218.579 Y178.506 E372.51399
G1 X218.463 Y178.063 E372.52922
G1 X218.343 Y177.467 E372.54944
G1 X218.266 Y176.943 E372.56705
G1 X218.192 Y176.124 E372.5944
G1 X218.162 Y175.475 E372.61601
G1 X218.085 Y175.099 E372.62878
G1 X217.999 Y174.861 E372.6372
G1 X217.876 Y174.638 E372.64567
G1 X217.657 Y174.335 E372.6581
G1 X217.418 Y174.11 E372.66902
G1 X217.086 Y173.864 E372.68276
G1 X216.682 Y173.709 E372.69715
G1 X216.29 Y173.683 E372.71022
G1 X215.976 Y173.722 E372.72074
G1 X215.663 Y173.852 E372.73202
G1 X215.441 Y173.99 E372.74071
G1 X215.163 Y174.23 E372.75293
G1 X214.909 Y174.54 E372.76626
G1 X214.753 Y174.779 E372.77575
G1 X214.579 Y175.101 E372.78792
G1 X214.393 Y175.522 E372.80323
G1 X214.194 Y176.064 E372.82243
G1 X214.004 Y176.712 E372.84489
G1 X213.816 Y177.484 E372.87132
G1 X213.458 Y179.088 E372.92598
G1 X213.148 Y180.31 E372.96791
G1 X212.828 Y181.395 E373.00554
G1 X212.424 Y182.539 E373.04589
G1 X212.166 Y183.171 E373.06859
G1 X211.749 Y184.105 E373.10262
G1 X211.364 Y184.859 E373.13077
G1 X211.076 Y185.389 E373.15084
G1 X210.533 Y186.328 E373.18691
G1 X209.52 Y187.937 E373.25015
G1 X207.219 Y191.321 E373.38626
G1 X206.802 Y191.95 E373.41136
G1 X206.187 Y192.934 E373.44995
G1 X205.897 Y193.436 E373.46924
G1 X205.721 Y193.764 E373.48162
G1 X205.483 Y194.241 E373.49935
G1 X205.332 Y194.579 E373.51166
G1 X205.205 Y194.922 E373.52382
G1 X205.114 Y195.216 E373.53406
G1 X205.047 Y195.475 E373.54296
G1 X204.97 Y195.922 E373.55804
G1 X204.95 Y196.255 E373.56914
G1 X204.984 Y196.642 E373.58206
G1 X205.143 Y197.165 E373.60024
G1 X205.409 Y197.528 E373.61521
G1 X205.666 Y197.737 E373.62623
G1 X205.965 Y197.859 E373.63697
G1 X206.414 Y197.968 E373.65234
G1 X207.164 Y198.097 E373.67765
G0 F9000 X206.956 Y198.468
;TYPE:WALL-OUTER
G1 F1500 X208.096 Y198.664 E373.71612
G1 X209.194 Y198.821 E373.75301
G1 X210.415 Y198.912 E373.79374
G1 X211.27 Y198.939 E373.82219
G1 X212.245 Y198.92 E373.85462
G1 X212.652 Y198.885 E373.86821
G1 X213.131 Y198.829 E373.88425
G1 X213.758 Y198.72 E373.90542
G1 X214.109 Y198.631 E373.91746
G1 X214.616 Y198.471 E373.93514
G1 X215.054 Y198.295 E373.95084
G1 X215.514 Y198.043 E373.96829
G1 X215.764 Y197.885 E373.97812
G1 X216.076 Y197.662 E373.99088
G1 X216.538 Y197.271 E374.01101
G1 X216.814 Y197.006 E374.02374
G1 X217.147 Y196.657 E374.03978
G1 X217.525 Y196.221 E374.05897
G1 X217.91 Y195.722 E374.07993
G1 X218.515 Y194.835 E374.11565
G1 X218.699 Y194.534 E374.12738
G1 X219.215 Y193.627 E374.16209
G1 X219.586 Y192.943 E374.18797
G1 X220.41 Y191.248 E374.25065
G1 X220.936 Y190.064 E374.29374
G1 X221.31 Y189.178 E374.32573
G1 X221.523 Y188.576 E374.34697
G1 X221.607 Y188.223 E374.35904
G1 X221.659 Y187.827 E374.37232
G1 X221.656 Y187.456 E374.38466
G1 X221.617 Y187.078 E374.3973
G1 X221.52 Y186.584 E374.41404
G1 X221.423 Y186.193 E374.42744
G1 X221.199 Y185.435 E374.45373
G1 X218.966 Y178.404 E374.69909
G1 X218.855 Y177.984 E374.71354
G1 X218.734 Y177.378 E374.7341
G1 X218.664 Y176.907 E374.74993
G1 X218.592 Y176.106 E374.77668
G1 X218.56 Y175.425 E374.79936
G1 X218.471 Y174.991 E374.81409
G1 X218.365 Y174.695 E374.82455
G1 X218.214 Y174.424 E374.83487
G1 X218.042 Y174.185 E374.84466
G1 X217.875 Y173.991 E374.85318
G1 X217.675 Y173.802 E374.86233
G1 X217.403 Y173.601 E374.87358
G1 X217.147 Y173.458 E374.88333
G1 X216.768 Y173.314 E374.89682
G1 X216.278 Y173.281 E374.91315
G1 X215.872 Y173.332 E374.92676
G1 X215.48 Y173.495 E374.94088
G1 X215.203 Y173.666 E374.95171
G1 X214.955 Y173.881 E374.96262
G1 X214.775 Y174.073 E374.97138
G1 X214.586 Y174.303 E374.98128
G1 X214.409 Y174.575 E374.99207
G1 X214.22 Y174.925 E375.0053
G1 X214.022 Y175.372 E375.02156
G1 X213.814 Y175.939 E375.04165
G1 X213.618 Y176.608 E375.06484
G1 X213.431 Y177.37 E375.09093
G1 X213.07 Y178.99 E375.14614
G1 X212.764 Y180.197 E375.18755
G1 X212.45 Y181.265 E375.22458
G1 X212.054 Y182.388 E375.26418
G1 X211.8 Y183.008 E375.28647
G1 X211.386 Y183.938 E375.32032
G1 X211.044 Y184.608 E375.34534
G1 X210.73 Y185.189 E375.36731
G1 X210.194 Y186.115 E375.4029
G1 X209.189 Y187.712 E375.46566
G1 X206.886 Y191.099 E375.60188
G1 X206.463 Y191.738 E375.62737
G1 X205.844 Y192.728 E375.6662
G1 X205.547 Y193.242 E375.68595
G1 X205.366 Y193.58 E375.6987
G1 X205.121 Y194.07 E375.71692
G1 X204.962 Y194.428 E375.72995
G1 X204.826 Y194.793 E375.74291
G1 X204.729 Y195.107 E375.75384
G1 X204.656 Y195.391 E375.76359
G1 X204.572 Y195.876 E375.77996
G1 X204.549 Y196.261 E375.79279
G1 X204.579 Y196.598 E375.80404
G1 X204.634 Y196.866 E375.81314
G1 X204.724 Y197.161 E375.8234
G1 X204.849 Y197.436 E375.83345
G1 X205.126 Y197.813 E375.84901
G1 X205.46 Y198.085 E375.86333
G1 X205.842 Y198.241 E375.87706
G1 X206.33 Y198.36 E375.89376
G1 X206.956 Y198.468 E375.91489
G0 F9000 X207.082 Y197.778
G0 X211.934 Y188.55
G0 X212.663 Y188.294
G1 F1500 X212.644 Y188.06 E375.9227
G1 X212.659 Y187.673 E375.93558
G1 X212.74 Y187.27 E375.94925
G1 X212.914 Y186.779 E375.96658
G1 X213.251 Y186.297 E375.98614
G1 X213.512 Y186.025 E375.99868
G1 X213.84 Y185.76 E376.0127
G1 X214.212 Y185.561 E376.02674
G1 X214.721 Y185.369 E376.04483
G1 X215.368 Y185.304 E376.06646
G1 X215.902 Y185.369 E376.08435
G1 X216.465 Y185.565 E376.10418
G1 X216.902 Y185.835 E376.12126
G1 X217.219 Y186.107 E376.13515
G1 X217.515 Y186.433 E376.1498
G1 X217.749 Y186.849 E376.16568
G1 X217.886 Y187.194 E376.17802
G1 X217.959 Y187.48 E376.18784
G1 X218.008 Y187.845 E376.20009
G1 X217.992 Y188.397 E376.21845
G1 X217.858 Y188.877 E376.23503
G1 X217.638 Y189.337 E376.25199
G1 X217.415 Y189.661 E376.26507
G1 X217.127 Y189.953 E376.27871
G1 X216.899 Y190.14 E376.28852
G1 X216.497 Y190.38 E376.30409
G1 X216.191 Y190.512 E376.31518
G1 X215.796 Y190.628 E376.32887
G1 X215.428 Y190.664 E376.34117
G1 X215.069 Y190.654 E376.35311
G1 X214.704 Y190.589 E376.36544
G1 X214.396 Y190.491 E376.37619
G1 X213.931 Y190.263 E376.39342
G1 X213.638 Y190.052 E376.40543
G1 X213.338 Y189.776 E376.41899
G1 X213.09 Y189.46 E376.43235
G1 X212.882 Y189.1 E376.44618
G1 X212.736 Y188.687 E376.46074
G1 X212.67 Y188.383 E376.47109
G1 X212.663 Y188.294 E376.47406
G0 F9000 X212.41 Y189.217
;TYPE:FILL
G1 F3000 X210.773 Y187.58 E376.55106
G0 F9000 X209.79 Y187.657
G1 F3000 X207.021 Y197.993 E376.90696
G0 F9000 X207.411 Y198.06
G1 F3000 X217.596 Y195.331 E377.25766
G0 F9000 X217.973 Y194.78
G1 F3000 X214.048 Y190.855 E377.44228
G0 F9000 X213.947 Y191.062
G0 X213.04 Y190.468
G0 X213.196 Y190.298
G1 F3000 X206.869 Y191.993 E377.66014
G1 X206.804 Y192.096
G1 X213.062 Y198.354 E377.9545
G1 X213.139 Y198.341
G1 X215.07 Y191.135 E378.20263
G0 F9000 X215.064 Y191.366
G0 X215.284 Y191.597
G0 X216.814 Y190.953
G0 X217.55 Y190.449
G0 X217.935 Y190.059
G0 X218.565 Y188.981
G0 X218.346 Y188.918
G1 F3000 X221.125 Y188.174 E378.29831
G0 F9000 X220.904 Y188.121
G0 X220.599 Y189.043
G0 X220.809 Y189.131
G1 F3000 X218.006 Y186.328 E378.43016
G0 F9000 X218.206 Y186.216
G0 X217.268 Y185.242
G0 X217.02 Y185.341
G1 F3000 X213.602 Y181.924 E378.5909
G0 F9000 X213.814 Y181.992
G0 X212.883 Y184.314
G0 X212.686 Y184.223
G1 F3000 X219.714 Y182.34 E378.8329
G0 F9000 X219.49 Y182.41
G0 X218.255 Y178.481
G0 X218.476 Y178.423
G1 F3000 X216.679 Y185.132 E379.06391
G0 F9000 X216.756 Y184.91
G0 X218.215 Y178.331
G0 X218.437 Y178.273
G1 F3000 X215.621 Y175.457 E379.19637
G0 F9000 X215.802 Y175.588
G0 X214.99 Y177.505
G0 X214.779 Y177.451
G1 F3000 X218.149 Y176.548 E379.31241
G0 F9000 X217.923 Y176.568
G0 X210.733 Y187.914
G0 X210.671 Y187.63
;TYPE:SKIN
G1 F1373 X210.307 Y187.394 E379.32817
G1 F1369.9 X210.85 Y186.533 E379.36524
G1 F1345.3 X211.413 Y185.578 E379.40636
G1 F1330.4 X211.745 Y184.959 E379.4327
G1 F1339.3 X212.08 Y184.297 E379.46033
G1 F1327.4 X212.504 Y183.357 E379.49909
G1 F1321.6 X212.774 Y182.698 E379.52598
G1 F1327.4 X212.984 Y182.131 E379.5487
G1 F1321.6 X213.212 Y181.459 E379.57549
G1 X213.509 Y180.453 E379.61509
G1 F1333.3 X213.83 Y179.175 E379.66439
G1 F1312.9 X214.198 Y177.554 E379.72756
G1 F1276.6 X214.381 Y176.827 E379.75685
G1 F1239.7 X214.572 Y176.209 E379.78289
G1 F1195.2 X214.771 Y175.695 E379.80589
G1 F1149.4 X214.964 Y175.282 E379.82568
G1 F1102.9 X215.164 Y174.946 E379.84337
G1 F1140.7 X215.219 Y174.81 E379.84978
G1 F1336.3 X215.454 Y174.45 E379.86583
G1 F1500 X215.731 Y174.212 E379.87798
G1 X216.064 Y174.072 E379.88999
G1 X216.446 Y174.054 E379.90271
G1 F1408.5 X216.659 Y174.11 E379.91052
G1 F1158.3 X216.978 Y174.348 E379.92766
G1 F1045.3 X217.214 Y174.507 E379.94124
G1 F1123.6 X217.522 Y174.86 E379.96204
G1 F1232 X217.704 Y175.209 E379.97798
G1 F1287.6 X217.768 Y175.525 E379.99047
G1 X217.795 Y176.089 E380.01235
G1 X217.605 Y176.15 E380.02008
G1 F1271.2 X217.24 Y175.328 E380.05538
G1 F1224.5 X217.037 Y175.063 E380.06898
G1 F1102.9 X216.722 Y174.862 E380.08589
G1 F1217 X216.393 Y174.903 E380.09948
G1 F1500 X216.05 Y175.013 E380.11146
G1 F1369.9 X215.606 Y175.28 E380.13033
G1 F1200 X215.36 Y175.647 E380.1487
G1 F1174.2 X215.151 Y176.09 E380.16951
G1 F1219.5 X214.973 Y176.534 E380.18908
G1 F1250 X214.87 Y176.848 E380.20227
G1 F1271.2 X214.728 Y177.35 E380.22274
G1 F1298.7 X214.515 Y178.207 E380.25667
G1 F1315.8 X214.099 Y179.977 E380.32561
G1 X213.857 Y180.887 E380.36131
G1 X213.636 Y181.631 E380.39074
G1 F1318.7 X213.351 Y182.452 E380.42362
G1 F1321.6 X213.133 Y183.025 E380.44676
G1 F1318.7 X212.921 Y183.537 E380.46773
G1 F1327.4 X212.522 Y184.412 E380.50387
G1 F1333.3 X212.198 Y185.061 E380.53101
G1 F1327.4 X211.83 Y185.746 E380.56024
G1 F1321.6 X211.833 Y185.762 E380.56085
G1 F1342.3 X211.099 Y186.965 E380.61323
G1 F1369.9 X210.671 Y187.63 E380.64203
G0 F9000 X210.522 Y187.863
G0 X212.1 Y185.716
G0 X213.024 Y183.845
G0 X216.376 Y175.174
G0 X216.228 Y174.509
G1 F1229.5 X216.198 Y174.562 E380.6445
G1 X216.137 Y174.562 E380.64698
G1 X216.106 Y174.509 E380.64947
G1 X216.136 Y174.456 E380.65194
G1 X216.197 Y174.456 E380.65442
G1 X216.228 Y174.509 E380.65691
G1 F2400 E380.15691
G0 F9000 X216.374 Y175.174
G0 X213.457 Y183.781
G0 X212.371 Y185.625
G0 X206.471 Y195.627
G0 X206.751 Y194.18
G0 X205.733 Y194.123
G0 X205.269 Y195.26
G0 X205.112 Y196.252
G0 X205.209 Y196.724
G0 X205.395 Y197.341
G0 X205.863 Y197.403
G1 F2400 E380.65691
G1 F1333.3 X205.683 Y197.249 E380.66577
G1 F1287.6 X205.498 Y196.98 E380.67842
G1 F1252.6 X205.343 Y196.376 E380.70326
G1 F1260.5 X205.361 Y195.979 E380.71899
G1 F1298.7 X205.425 Y195.558 E380.73535
G1 F1321.6 X205.513 Y195.208 E380.74897
G1 F1327.4 X205.507 Y195.202 E380.74929
G1 F1360.5 X205.673 Y194.738 E380.76736
G1 F1421.8 X205.835 Y194.361 E380.78176
G1 F1452.8 X206.197 Y194.48 E380.79484
G1 F1392.1 X205.907 Y195.473 E380.83192
G1 F1321.6 X205.839 Y195.839 E380.84597
G1 F1279.3 X205.821 Y196.295 E380.86377
G1 F1265.8 X205.877 Y196.612 E380.87646
G1 F1298.7 X206.021 Y196.94 E380.89022
G1 F1333.3 X206.592 Y197.553 E380.92156
G1 F1351.4 X206.542 Y197.606 E380.92425
G1 X206.086 Y197.496 E380.94157
G1 X205.863 Y197.403 E380.95049
G1 F2400 E380.45049
;MESH:NONMESH
G0 F300 Z5
G0 F9000 X205.395 Y197.341
G0 X205.749 Y197.597
G0 X206.447 Y197.812
G0 X208.236 Y197.674
G0 X206.649 Y197.788
G0 X207.106 Y197.86
G0 X212.068 Y188.93
G0 X212.364 Y188.827
;TIME_ELAPSED:582.761742
;LAYER:24
;TYPE:WALL-INNER
;MESH:Rock Wall Hold Knob 1.stl
G1 F2400 E380.95049
G1 F1500 X212.345 Y188.771 E380.95246
G1 X212.269 Y188.396 E380.96518
G1 X212.244 Y188.022 E380.97765
G1 X212.267 Y187.596 E380.99184
G1 X212.36 Y187.148 E381.00706
G1 X212.545 Y186.613 E381.02589
G1 X212.902 Y186.093 E381.04687
G1 X213.205 Y185.765 E381.06172
G1 X213.588 Y185.439 E381.07845
G1 X213.994 Y185.219 E381.0938
G1 X214.619 Y184.978 E381.11608
G1 X215.394 Y184.9 E381.14199
G1 X216.016 Y184.981 E381.16285
G1 X216.617 Y185.19 E381.18402
G1 X217.129 Y185.502 E381.20396
G1 X217.512 Y185.835 E381.22084
G1 X217.827 Y186.174 E381.23623
G1 X218.094 Y186.643 E381.25418
G1 X218.268 Y187.073 E381.26961
G1 X218.349 Y187.387 E381.28039
G1 X218.409 Y187.85 E381.29592
G1 X218.386 Y188.472 E381.31662
G1 X218.222 Y189.044 E381.33642
G1 X217.97 Y189.56 E381.35551
G1 X217.745 Y189.895 E381.36894
G1 X217.412 Y190.234 E381.38474
G1 X217.141 Y190.458 E381.39644
G1 X216.72 Y190.714 E381.41282
G1 X216.307 Y190.894 E381.42781
G1 X215.889 Y191.021 E381.44234
G1 X215.466 Y191.062 E381.45647
G1 X215.024 Y191.051 E381.47118
G1 X214.656 Y190.988 E381.4836
G1 X214.276 Y190.873 E381.4968
G1 X213.768 Y190.631 E381.51552
G1 X213.413 Y190.384 E381.5299
G1 X213.052 Y190.06 E381.54603
G1 X212.775 Y189.707 E381.56096
G1 X212.507 Y189.253 E381.57849
G1 X212.364 Y188.827 E381.59344
G0 F9000 X212.068 Y188.931
G0 X207.31 Y197.633
G0 X207.257 Y197.931
G1 F1500 X208.798 Y198.185 E381.64539
G1 X209.289 Y198.246 E381.66184
G1 X210.262 Y198.325 E381.69431
G1 X211.292 Y198.36 E381.72859
G1 X212.037 Y198.348 E381.75337
G1 X212.504 Y198.314 E381.76894
G1 X213.171 Y198.238 E381.79127
G1 X213.549 Y198.169 E381.80405
G1 X214.214 Y198.002 E381.82686
G1 X214.568 Y197.866 E381.83947
G1 X215 Y197.671 E381.85523
G1 X215.36 Y197.454 E381.86921
G1 X215.768 Y197.163 E381.88588
G1 X216.081 Y196.894 E381.89961
G1 X216.456 Y196.538 E381.91681
G1 X216.914 Y196.043 E381.93924
G1 X217.288 Y195.581 E381.95901
G1 X217.771 Y194.904 E381.98667
G1 X218.276 Y194.112 E382.01791
G1 X218.966 Y192.87 E382.06516
G1 X219.322 Y192.167 E382.09137
G1 X219.797 Y191.179 E382.12784
G1 X220.302 Y190.075 E382.16821
G1 X220.713 Y189.092 E382.20365
G1 X220.88 Y188.659 E382.21909
G1 X220.991 Y188.297 E382.23168
G1 X221.047 Y188.051 E382.24007
G1 X221.082 Y187.74 E382.25048
G1 X221.066 Y187.384 E382.26233
G1 X221.02 Y187.056 E382.27335
G1 X220.912 Y186.512 E382.2918
G1 X220.702 Y185.807 E382.31626
G1 X218.504 Y178.878 E382.55804
G1 X218.322 Y178.257 E382.57956
G1 X218.234 Y177.869 E382.5928
G1 X218.104 Y177.109 E382.61844
G1 X218.02 Y176.287 E382.64592
G1 X217.989 Y175.682 E382.66607
G1 X217.955 Y175.344 E382.67737
G1 X217.826 Y174.929 E382.69182
G1 X217.693 Y174.685 E382.70107
G1 X217.448 Y174.405 E382.71344
G1 X217.155 Y174.173 E382.72587
G1 X216.879 Y174.028 E382.73624
G1 X216.542 Y173.935 E382.74787
G1 X216.163 Y173.923 E382.76048
G1 X215.791 Y174.051 E382.77357
G1 X215.51 Y174.237 E382.78477
G1 X215.173 Y174.553 E382.80014
G1 X214.885 Y174.969 E382.81697
G1 X214.669 Y175.393 E382.83279
G1 X214.478 Y175.849 E382.84924
G1 X214.305 Y176.363 E382.86728
G1 X214.055 Y177.287 E382.89911
G1 X213.55 Y179.486 E382.97416
G1 X213.302 Y180.45 E383.00726
G1 X213.141 Y181.025 E383.02712
G1 X212.653 Y182.469 E383.07782
G1 X212.299 Y183.332 E383.10884
G1 X211.911 Y184.184 E383.13998
G1 X211.604 Y184.803 E383.16296
G1 X211.342 Y185.286 E383.18124
G1 X210.802 Y186.229 E383.21738
G1 X210.078 Y187.397 E383.26309
G1 X208.918 Y189.142 E383.33278
G1 X207.661 Y190.961 E383.40632
G1 X206.781 Y192.277 E383.45897
G1 X206.469 Y192.784 E383.47877
G1 X206.057 Y193.481 E383.5057
G1 X205.763 Y194.043 E383.5268
G1 X205.588 Y194.419 E383.54059
G1 X205.401 Y194.884 E383.55726
G1 X205.293 Y195.22 E383.569
G1 X205.205 Y195.56 E383.58068
G1 X205.133 Y196.04 E383.59683
G1 X205.15 Y196.475 E383.61131
G1 X205.232 Y196.901 E383.62573
G1 X205.432 Y197.276 E383.63987
G1 X205.716 Y197.552 E383.65304
G1 X205.994 Y197.68 E383.66322
G1 X206.592 Y197.822 E383.68366
G1 X207.257 Y197.931 E383.70608
G0 F9000 X207.049 Y198.302
;TYPE:WALL-OUTER
G1 F1500 X208.741 Y198.581 E383.76311
G1 X209.249 Y198.644 E383.78014
G1 X210.237 Y198.724 E383.81311
G1 X211.29 Y198.76 E383.84815
G1 X212.055 Y198.748 E383.8736
G1 X212.631 Y198.703 E383.89281
G1 X213.23 Y198.634 E383.91287
G1 X213.633 Y198.56 E383.9265
G1 X214.335 Y198.384 E383.95057
G1 X214.722 Y198.235 E383.96436
G1 X215.186 Y198.026 E383.98129
G1 X215.576 Y197.791 E383.99643
G1 X215.792 Y197.644 E384.00512
G1 X216.018 Y197.475 E384.01451
G1 X216.349 Y197.191 E384.02901
G1 X216.741 Y196.819 E384.04699
G1 X217.216 Y196.305 E384.07026
G1 X217.605 Y195.825 E384.09081
G1 X218.105 Y195.125 E384.11943
G1 X218.62 Y194.317 E384.15129
G1 X219.319 Y193.058 E384.19919
G1 X219.682 Y192.341 E384.22592
G1 X220.161 Y191.345 E384.26268
G1 X220.678 Y190.212 E384.3041
G1 X221.086 Y189.236 E384.33928
G1 X221.258 Y188.79 E384.35518
G1 X221.378 Y188.4 E384.36875
G1 X221.442 Y188.118 E384.37837
G1 X221.483 Y187.753 E384.39059
G1 X221.464 Y187.347 E384.40411
G1 X221.414 Y186.99 E384.4161
G1 X221.301 Y186.416 E384.43555
G1 X221.116 Y185.792 E384.4572
G1 X218.888 Y178.765 E384.70239
G1 X218.712 Y178.169 E384.72306
G1 X218.622 Y177.77 E384.73666
G1 X218.498 Y177.042 E384.76122
G1 X218.42 Y176.267 E384.78713
G1 X218.388 Y175.652 E384.80761
G1 X218.35 Y175.275 E384.82022
G1 X218.281 Y174.997 E384.82974
G1 X218.19 Y174.761 E384.83815
G1 X218.023 Y174.455 E384.84975
G1 X217.725 Y174.114 E384.86481
G1 X217.374 Y173.837 E384.87968
G1 X217.039 Y173.66 E384.89229
G1 X216.588 Y173.536 E384.90784
G1 X216.226 Y173.525 E384.91989
G1 X215.97 Y173.567 E384.92852
G1 X215.613 Y173.689 E384.94106
G1 X215.261 Y173.922 E384.9551
G1 X214.962 Y174.203 E384.96875
G1 X214.791 Y174.403 E384.9775
G1 X214.541 Y174.763 E384.99208
G1 X214.306 Y175.225 E385.00932
G1 X214.104 Y175.707 E385.0267
G1 X213.923 Y176.244 E385.04555
G1 X213.667 Y177.192 E385.07821
G1 X213.162 Y179.386 E385.15309
G1 X212.913 Y180.354 E385.18634
G1 X212.762 Y180.897 E385.20508
G1 X212.274 Y182.341 E385.25578
G1 X211.935 Y183.167 E385.28547
G1 X211.553 Y184.006 E385.31614
G1 X211.252 Y184.612 E385.33864
G1 X210.994 Y185.088 E385.35665
G1 X210.462 Y186.018 E385.39228
G1 X209.744 Y187.178 E385.43766
G1 X208.589 Y188.914 E385.50701
G1 X207.329 Y190.739 E385.58077
G1 X206.445 Y192.061 E385.63367
G1 X206.125 Y192.58 E385.65395
G1 X205.707 Y193.286 E385.68123
G1 X205.404 Y193.865 E385.70297
G1 X205.22 Y194.26 E385.71746
G1 X205.025 Y194.748 E385.73494
G1 X204.909 Y195.108 E385.74752
G1 X204.813 Y195.48 E385.7603
G1 X204.755 Y195.862 E385.77315
G1 X204.737 Y196.143 E385.78252
G1 X204.752 Y196.521 E385.7951
G1 X204.822 Y196.888 E385.80752
G1 X204.909 Y197.144 E385.81652
G1 X205.099 Y197.502 E385.83
G1 X205.262 Y197.693 E385.83835
G1 X205.5 Y197.893 E385.84869
G1 X205.86 Y198.058 E385.86186
G1 X206.226 Y198.153 E385.87444
G1 X206.518 Y198.215 E385.88436
G1 X207.049 Y198.302 E385.90226
G0 F9000 X207.171 Y197.609
G0 X211.934 Y188.551
G0 X212.663 Y188.295
G1 F1500 X212.644 Y188.06 E385.9101
G1 X212.659 Y187.673 E385.92298
G1 X212.738 Y187.278 E385.93638
G1 X212.914 Y186.78 E385.95395
G1 X213.231 Y186.321 E385.9725
G1 X213.511 Y186.026 E385.98603
G1 X213.81 Y185.777 E385.99897
G1 X214.184 Y185.571 E386.01317
G1 X214.722 Y185.367 E386.03231
G1 X215.368 Y185.304 E386.0539
G1 X215.902 Y185.369 E386.07179
G1 X216.465 Y185.565 E386.09162
G1 X216.902 Y185.835 E386.1087
G1 X217.219 Y186.107 E386.1226
G1 X217.487 Y186.395 E386.13568
G1 X217.758 Y186.866 E386.15375
G1 X217.886 Y187.193 E386.16543
G1 X217.957 Y187.465 E386.17478
G1 X218.009 Y187.856 E386.1879
G1 X217.99 Y188.411 E386.20637
G1 X217.861 Y188.868 E386.22217
G1 X217.653 Y189.31 E386.23842
G1 X217.438 Y189.634 E386.25135
G1 X217.127 Y189.953 E386.26617
G1 X216.875 Y190.156 E386.27693
G1 X216.496 Y190.38 E386.29157
G1 X216.191 Y190.512 E386.30263
G1 X215.828 Y190.622 E386.31524
G1 X215.428 Y190.664 E386.32862
G1 X215.077 Y190.655 E386.3403
G1 X214.725 Y190.594 E386.35218
G1 X214.39 Y190.489 E386.36385
G1 X213.954 Y190.277 E386.37998
G1 X213.647 Y190.059 E386.3925
G1 X213.338 Y189.776 E386.40644
G1 X213.09 Y189.46 E386.4198
G1 X212.88 Y189.097 E386.43375
G1 X212.736 Y188.687 E386.4482
G1 X212.668 Y188.364 E386.45918
G1 X212.663 Y188.295 E386.46148
G0 F9000 X212.306 Y188.913
;TYPE:FILL
G1 F3000 X211.024 Y187.631 E386.52178
G0 F9000 X211.208 Y187.753
G0 X212.461 Y189.845
G0 X213.165 Y190.582
G0 X213.323 Y190.41
G1 F3000 X207.912 Y191.86 E386.7081
G0 F9000 X207.58 Y192.672
G1 F3000 X213.075 Y198.168 E386.96659
G1 X213.038 Y198.173
G1 X214.93 Y191.114 E387.20966
G0 F9000 X214.386 Y190.993
G1 F3000 X217.918 Y194.525 E387.3758
G0 F9000 X217.728 Y194.403
G0 X217.002 Y195.445
G0 X217.178 Y195.589
G1 F3000 X208.173 Y198.002 E387.68587
G0 F9000 X208.209 Y197.778
G0 X206.967 Y197.573
G0 X206.927 Y197.797
G1 F3000 X208.781 Y190.88 E387.92405
G0 F9000 X208.96 Y191.006
G0 X211.376 Y187.388
G0 X212.109 Y186.178
G0 X213.121 Y184.395
G0 X212.922 Y184.306
G1 F3000 X219.576 Y182.523 E388.15317
G0 F9000 X219.358 Y182.592
G0 X216.621 Y184.864
G0 X216.547 Y185.079
G1 F3000 X218.31 Y178.5 E388.37971
G0 F9000 X218.137 Y177.774
G1 F3000 X215.967 Y175.604 E388.48178
G0 F9000 X216.127 Y175.762
G0 X215.247 Y177.584
G0 X215.036 Y177.528
G1 F3000 X217.985 Y176.738 E388.58333
G0 F9000 X217.758 Y176.761
G0 X214.057 Y182.039
G0 X213.848 Y181.97
G1 F3000 X220.723 Y188.845 E388.9067
G0 F9000 X220.88 Y188.385
G1 F3000 X218.295 Y189.078 E388.99572
G0 F9000 X218.502 Y189.176
G0 X218.931 Y188.093
G0 X216.552 Y175.597
G0 X216.704 Y174.883
;TYPE:SKIN
G1 F1010.1 X216.387 Y174.804 E389.01185
G1 F937.5 X216.121 Y174.865 E389.02638
G1 F1022.1 X215.799 Y175.096 E389.04572
G0 F9000 X216.236 Y175.679
G0 X213.731 Y183.771
G0 X212.594 Y186.072
G0 X211.04 Y188.552
G0 X208.775 Y191.588
G0 X208.5 Y191.172
G0 X208.662 Y190.943
G1 F1369.9 X208.305 Y190.693 E389.06159
G1 F1363.6 X209.23 Y189.362 E389.12089
G1 F1327.4 X210.416 Y187.587 E389.20113
G1 F1287.6 X211.141 Y186.429 E389.25407
G1 F1250 X211.497 Y185.822 E389.28215
G1 F1239.7 X211.951 Y184.994 E389.32015
G1 F1244.8 X212.272 Y184.356 E389.34878
G1 F1239.7 X212.665 Y183.492 E389.38698
G1 F1244.8 X213.013 Y182.644 E389.42372
G1 F1250 X213.519 Y181.162 E389.48622
G1 F1247.4 X213.685 Y180.564 E389.51104
G1 F1244.8 X213.938 Y179.58 E389.55176
G1 F1219.5 X214.448 Y177.415 E389.64275
G1 F1176.5 X214.577 Y176.919 E389.66449
G1 F1145 X214.705 Y176.5 E389.68358
G1 F1102.9 X214.878 Y176.023 E389.70653
G1 F1052.6 X215.073 Y175.591 E389.72899
G1 F1020.4 X215.163 Y175.425 E389.73822
G1 F1209.7 X215.303 Y174.994 E389.75691
G1 F1500 X215.441 Y174.792 E389.76505
G1 X215.733 Y174.518 E389.77837
G1 X215.949 Y174.374 E389.787
G1 X216.218 Y174.285 E389.79643
G1 X216.489 Y174.292 E389.80544
G1 X216.737 Y174.363 E389.81402
G1 X216.958 Y174.477 E389.82229
G1 X217.193 Y174.666 E389.83232
G1 X217.454 Y174.958 E389.84535
G1 X217.599 Y175.413 E389.86123
G1 X217.628 Y175.694 E389.87063
G1 X217.663 Y176.387 E389.89371
G1 X217.363 Y176.451 E389.90391
G1 X217.154 Y175.823 E389.92592
G1 X216.901 Y175.483 E389.94002
G1 X216.5 Y175.311 E389.95453
G1 X216.229 Y175.374 E389.96379
G1 X215.904 Y175.593 E389.97682
G1 F1260.5 X215.718 Y175.646 E389.98448
G1 F1071.4 X215.497 Y176.018 E390.00462
G1 F1079.1 X215.326 Y176.37 E390.02272
G1 F1123.6 X215.138 Y176.857 E390.0459
G1 F1169.6 X214.972 Y177.394 E390.06987
G1 F1209.7 X214.704 Y178.433 E390.11413
G1 F1234.6 X214.309 Y180.089 E390.18292
G1 F1239.7 X213.945 Y181.408 E390.23799
G1 F1237.1 X213.73 Y182.073 E390.26618
G1 F1229.5 X213.33 Y183.16 E390.31317
G1 F1232 X213.181 Y183.523 E390.32906
G1 F1234.6 X212.802 Y184.368 E390.36649
G1 F1239.7 X212.499 Y184.982 E390.39404
G1 F1234.6 X211.938 Y186.026 E390.44194
G1 F1252.6 X211.179 Y187.255 E390.49947
G1 F1290.3 X210.554 Y188.214 E390.54373
G1 F1318.7 X209.888 Y189.191 E390.58846
G1 F1351.4 X208.662 Y190.943 E390.66741
G1 F2400 E390.16741
G0 F9000 X208.499 Y191.171
G0 X207.483 Y197.209
G0 X206.917 Y197.705
G0 X206.214 Y197.562
G0 X205.607 Y197.309
G0 X205.997 Y197.243
G1 F2400 E390.66741
G1 F1153.8 X205.775 Y197.03 E390.68071
G1 F1145 X205.636 Y196.755 E390.69414
G1 F1140.7 X205.572 Y196.445 E390.70798
G1 F1149.4 X205.554 Y196.051 E390.7251
G1 F1176.5 X205.604 Y195.659 E390.74186
G1 F1207.2 X205.685 Y195.326 E390.75602
G1 F1229.5 X205.772 Y195.025 E390.76874
G1 F1260.5 X205.946 Y194.577 E390.78776
G1 F1284.8 X206.113 Y194.212 E390.80334
G1 F1310 X206.389 Y193.679 E390.8262
G1 F1339.3 X206.809 Y192.956 E390.85735
G1 F1357.5 X207.097 Y192.49 E390.87748
G1 F1369.9 X207.602 Y191.725 E390.91087
G1 F1376.1 X207.964 Y191.961 E390.92653
G1 F1369.9 X207.315 Y192.969 E390.9702
G1 F1357.5 X207.032 Y193.448 E390.99064
G1 F1339.3 X206.672 Y194.113 E391.01881
G1 F1310 X206.457 Y194.567 E391.03794
G1 F1271.2 X206.234 Y195.155 E391.06262
G1 F1222 X206.092 Y195.766 E391.08823
G1 F1174.2 X206.077 Y196.068 E391.10108
G1 F1149.4 X206.081 Y196.323 E391.11215
G1 F1142.9 X206.147 Y196.614 E391.12518
G1 F1140.7 X206.305 Y196.923 E391.14036
G1 F1149.4 X206.814 Y197.344 E391.16903
G1 F1153.8 X206.77 Y197.429 E391.17317
G1 X206.424 Y197.355 E391.18846
G1 X205.997 Y197.243 E391.20755
G1 F2400 E390.70755
;MESH:NONMESH
G0 F300 Z5.2
G0 F9000 X205.607 Y197.309
G0 X206.049 Y197.528
G0 X206.917 Y197.705
G0 X212.068 Y188.932
G0 X212.362 Y188.831
;TIME_ELAPSED:599.050241
;LAYER:25
;TYPE:WALL-INNER
;MESH:Rock Wall Hold Knob 1.stl
G1 F2400 E391.20755
G1 F1500 X212.358 Y188.82 E391.20794
G1 X212.281 Y188.475 E391.2197
G1 X212.249 Y188.088 E391.23261
G1 X212.257 Y187.642 E391.24745
G1 X212.36 Y187.148 E391.26423
G1 X212.548 Y186.606 E391.28331
G1 X212.928 Y186.055 E391.30558
G1 X213.257 Y185.717 E391.32127
G1 X213.603 Y185.431 E391.3362
G1 X214.099 Y185.163 E391.35495
G1 X214.671 Y184.968 E391.37505
G1 X215.397 Y184.9 E391.3993
G1 X216.015 Y184.981 E391.42003
G1 X216.619 Y185.191 E391.4413
G1 X217.129 Y185.502 E391.46117
G1 X217.512 Y185.835 E391.47805
G1 X217.829 Y186.176 E391.49353
G1 X218.131 Y186.719 E391.5142
G1 X218.269 Y187.076 E391.52693
G1 X218.349 Y187.389 E391.53767
G1 X218.408 Y187.85 E391.55313
G1 X218.39 Y188.476 E391.57396
G1 X218.22 Y189.049 E391.59384
G1 X217.97 Y189.561 E391.61279
G1 X217.738 Y189.903 E391.62654
G1 X217.381 Y190.263 E391.6434
G1 X217.079 Y190.5 E391.65617
G1 X216.657 Y190.747 E391.67243
G1 X216.307 Y190.895 E391.68507
G1 X215.891 Y191.018 E391.6995
G1 X215.467 Y191.062 E391.71368
G1 X215.049 Y191.054 E391.72758
G1 X214.579 Y190.969 E391.74347
G1 X214.261 Y190.868 E391.75456
G1 X213.735 Y190.615 E391.77398
G1 X213.413 Y190.384 E391.78716
G1 X213.05 Y190.058 E391.80339
G1 X212.727 Y189.634 E391.82111
G1 X212.506 Y189.248 E391.83591
G1 X212.362 Y188.831 E391.85058
G0 F9000 X212.069 Y188.933
G0 X207.391 Y197.482
G0 X207.34 Y197.784
G1 F1500 X208.103 Y197.915 E391.87633
G1 X209.162 Y198.071 E391.91193
G1 X210.191 Y198.161 E391.94629
G1 X211.333 Y198.199 E391.98429
G1 X212.166 Y198.18 E392.012
G1 X212.607 Y198.147 E392.02671
G1 X213.207 Y198.07 E392.04683
G1 X213.516 Y198.013 E392.05728
G1 X214.023 Y197.887 E392.07466
G1 X214.386 Y197.765 E392.0874
G1 X214.652 Y197.657 E392.09694
G1 X214.98 Y197.492 E392.10916
G1 X215.249 Y197.333 E392.11955
G1 X215.504 Y197.16 E392.1298
G1 X215.87 Y196.87 E392.14533
G1 X216.379 Y196.387 E392.16867
G1 X216.665 Y196.087 E392.18245
G1 X217.018 Y195.669 E392.20065
G1 X217.293 Y195.304 E392.21585
G1 X217.787 Y194.588 E392.24478
G1 X218.073 Y194.138 E392.26252
G1 X218.432 Y193.506 E392.28669
G1 X218.892 Y192.661 E392.31869
G1 X219.349 Y191.748 E392.35265
G1 X219.798 Y190.802 E392.38748
G1 X220.44 Y189.327 E392.44098
G1 X220.681 Y188.739 E392.46212
G1 X220.802 Y188.38 E392.47472
G1 X220.882 Y188.031 E392.48663
G1 X220.924 Y187.599 E392.50106
G1 X220.871 Y187.145 E392.51627
G1 X220.789 Y186.734 E392.53021
G1 X220.714 Y186.425 E392.54078
G1 X220.596 Y186.006 E392.55526
G1 X218.433 Y179.195 E392.79294
G1 X218.206 Y178.445 E392.81901
G1 X218.114 Y178.085 E392.83136
G1 X218.014 Y177.597 E392.84793
G1 X217.944 Y177.123 E392.86387
G1 X217.886 Y176.631 E392.88035
G1 X217.789 Y175.493 E392.91833
G1 X217.727 Y175.232 E392.92726
G1 X217.616 Y174.957 E392.93712
G1 X217.45 Y174.735 E392.94634
G1 X217.237 Y174.516 E392.9565
G1 X216.865 Y174.295 E392.97089
G1 X216.425 Y174.189 E392.98595
G1 X216.141 Y174.218 E392.99544
G1 X215.894 Y174.313 E393.00424
G1 X215.677 Y174.445 E393.01269
G1 X215.472 Y174.62 E393.02165
G1 X215.167 Y174.97 E393.0371
G1 X214.897 Y175.438 E393.05507
G1 X214.771 Y175.706 E393.06492
G1 X214.6 Y176.137 E393.08034
G1 X214.36 Y176.926 E393.10777
G1 X214.219 Y177.467 E393.12636
G1 X213.754 Y179.485 E393.19524
G1 X213.547 Y180.297 E393.22311
G1 X213.335 Y181.061 E393.24948
G1 X212.965 Y182.195 E393.28916
G1 X212.725 Y182.823 E393.31152
G1 X212.413 Y183.565 E393.33829
G1 X211.993 Y184.471 E393.3715
G1 X211.672 Y185.084 E393.39452
G1 X211.352 Y185.665 E393.41658
G1 X210.973 Y186.319 E393.44172
G1 X210.152 Y187.628 E393.49311
G1 X209.595 Y188.467 E393.52661
G1 X207.863 Y190.979 E393.62809
G1 X207.233 Y191.911 E393.66551
G1 X206.734 Y192.685 E393.69614
G1 X206.158 Y193.675 E393.73423
G1 X206.032 Y193.912 E393.74316
G1 X205.782 Y194.43 E393.76229
G1 X205.604 Y194.876 E393.77826
G1 X205.508 Y195.161 E393.78826
G1 X205.396 Y195.586 E393.80288
G1 X205.335 Y196.069 E393.81907
G1 X205.357 Y196.469 E393.8324
G1 X205.44 Y196.897 E393.8469
G1 X205.704 Y197.283 E393.86245
G1 X205.969 Y197.46 E393.87305
G1 X206.259 Y197.574 E393.88342
G1 X206.956 Y197.718 E393.90709
G1 X207.34 Y197.784 E393.92005
G0 F9000 X207.132 Y198.154
;TYPE:WALL-OUTER
G1 F1500 X208.04 Y198.31 E393.95069
G1 X209.116 Y198.469 E393.98687
G1 X210.165 Y198.56 E394.02189
G1 X211.333 Y198.599 E394.06076
G1 X212.186 Y198.58 E394.08913
G1 X212.647 Y198.545 E394.10451
G1 X213.269 Y198.466 E394.12537
G1 X213.601 Y198.404 E394.1366
G1 X214.135 Y198.271 E394.1549
G1 X214.526 Y198.14 E394.16862
G1 X214.817 Y198.021 E394.17907
G1 X215.172 Y197.844 E394.19227
G1 X215.464 Y197.671 E394.20356
G1 X215.741 Y197.482 E394.21471
G1 X216.132 Y197.172 E394.23131
G1 X216.662 Y196.67 E394.25559
G1 X216.963 Y196.354 E394.2701
G1 X217.331 Y195.919 E394.28905
G1 X217.617 Y195.538 E394.3049
G1 X218.121 Y194.809 E394.33437
G1 X218.416 Y194.344 E394.35269
G1 X218.757 Y193.746 E394.37559
G1 X219.26 Y192.82 E394.41064
G1 X219.711 Y191.92 E394.44412
G1 X220.169 Y190.951 E394.47977
G1 X220.565 Y190.055 E394.51235
G1 X221.056 Y188.878 E394.55476
G1 X221.187 Y188.489 E394.56842
G1 X221.278 Y188.095 E394.58187
G1 X221.312 Y187.742 E394.59366
G1 X221.312 Y187.472 E394.60264
G1 X221.266 Y187.083 E394.61567
G1 X221.188 Y186.683 E394.62922
G1 X221.087 Y186.273 E394.64327
G1 X220.977 Y185.886 E394.65665
G1 X218.816 Y179.079 E394.89419
G1 X218.594 Y178.346 E394.91966
G1 X218.5 Y177.977 E394.93233
G1 X218.41 Y177.538 E394.94723
G1 X218.341 Y177.076 E394.96277
G1 X218.284 Y176.597 E394.97881
G1 X218.185 Y175.429 E395.0178
G1 X218.109 Y175.11 E395.0287
G1 X217.968 Y174.759 E395.04129
G1 X217.755 Y174.475 E395.05309
G1 X217.487 Y174.199 E395.06589
G1 X217.035 Y173.931 E395.08337
G1 X216.763 Y173.835 E395.09296
G1 X216.435 Y173.786 E395.10399
G1 X216.047 Y173.825 E395.11696
G1 X215.717 Y173.953 E395.12873
G1 X215.442 Y174.119 E395.13942
G1 X215.19 Y174.335 E395.15046
G1 X214.84 Y174.737 E395.16818
G1 X214.542 Y175.253 E395.188
G1 X214.404 Y175.548 E395.19883
G1 X214.224 Y176.001 E395.21505
G1 X214.114 Y176.341 E395.22693
G1 X213.973 Y176.825 E395.2437
G1 X213.824 Y177.403 E395.26355
G1 X213.366 Y179.386 E395.33124
G1 X213.161 Y180.19 E395.35884
G1 X212.947 Y180.963 E395.38552
G1 X212.591 Y182.052 E395.42362
G1 X212.349 Y182.686 E395.4462
G1 X212.05 Y183.397 E395.47185
G1 X211.638 Y184.285 E395.50441
G1 X211.321 Y184.892 E395.52718
G1 X211.006 Y185.465 E395.54893
G1 X210.634 Y186.107 E395.57361
G1 X209.819 Y187.407 E395.62464
G1 X209.266 Y188.24 E395.6579
G1 X207.532 Y190.755 E395.7595
G1 X206.899 Y191.691 E395.79709
G1 X206.394 Y192.474 E395.82807
G1 X205.808 Y193.481 E395.86683
G1 X205.675 Y193.731 E395.87624
G1 X205.416 Y194.269 E395.8961
G1 X205.228 Y194.738 E395.91291
G1 X205.124 Y195.046 E395.92372
G1 X205.028 Y195.412 E395.93631
G1 X204.982 Y195.667 E395.94492
G1 X204.933 Y196.055 E395.95793
G1 X204.959 Y196.519 E395.97339
G1 X205.026 Y196.863 E395.98505
G1 X205.123 Y197.135 E395.99465
G1 X205.283 Y197.413 E396.00532
G1 X205.44 Y197.587 E396.01311
G1 X205.782 Y197.817 E396.02682
G1 X206.145 Y197.959 E396.03979
G1 X206.882 Y198.111 E396.06481
G1 X207.132 Y198.154 E396.07325
G0 F9000 X207.251 Y197.458
G0 X211.933 Y188.548
G0 X212.665 Y188.291
G1 F1500 X212.648 Y188.062 E396.08089
G1 X212.66 Y187.666 E396.09407
G1 X212.759 Y187.204 E396.10978
G1 X212.918 Y186.772 E396.12509
G1 X213.227 Y186.325 E396.14317
G1 X213.512 Y186.025 E396.15693
G1 X213.812 Y185.777 E396.16987
G1 X214.267 Y185.526 E396.18716
G1 X214.732 Y185.367 E396.2035
G1 X215.369 Y185.304 E396.22479
G1 X215.903 Y185.369 E396.24269
G1 X216.465 Y185.565 E396.26248
G1 X216.902 Y185.835 E396.27957
G1 X217.219 Y186.107 E396.29346
G1 X217.487 Y186.395 E396.30654
G1 X217.759 Y186.866 E396.32463
G1 X217.886 Y187.193 E396.3363
G1 X217.957 Y187.465 E396.34565
G1 X218.007 Y187.838 E396.35817
G1 X217.985 Y188.436 E396.37807
G1 X217.861 Y188.868 E396.39302
G1 X217.638 Y189.337 E396.41029
G1 X217.436 Y189.636 E396.42229
G1 X217.117 Y189.963 E396.43749
G1 X216.899 Y190.14 E396.44683
G1 X216.497 Y190.38 E396.4624
G1 X216.213 Y190.504 E396.47271
G1 X215.815 Y190.625 E396.48654
G1 X215.428 Y190.664 E396.49948
G1 X215.085 Y190.656 E396.51089
G1 X214.699 Y190.587 E396.52393
G1 X214.38 Y190.484 E396.53508
G1 X213.931 Y190.263 E396.55173
G1 X213.647 Y190.059 E396.56336
G1 X213.338 Y189.776 E396.57729
G1 X213.09 Y189.46 E396.59065
G1 X212.882 Y189.1 E396.60448
G1 X212.74 Y188.703 E396.61851
G1 X212.672 Y188.391 E396.62913
G1 X212.665 Y188.291 E396.63246
G0 F9000 X212.24 Y188.648
;TYPE:FILL
G1 F3000 X211.291 Y187.699 E396.6771
G0 F9000 X211.474 Y187.821
G0 X212.461 Y189.845
G0 X213.333 Y190.706
G0 X213.468 Y190.517
G1 F3000 X208.395 Y191.876 E396.85178
G1 X208.35 Y191.943
G1 X206.978 Y197.065 E397.02814
G0 F9000 X207.138 Y196.916
G0 X208.938 Y197.727
G0 X208.906 Y197.951
G1 F3000 X216.764 Y195.846 E397.29872
G0 F9000 X216.59 Y195.698
G0 X217.69 Y194.168
G0 X217.882 Y194.29
G1 F3000 X214.655 Y191.063 E397.4505
G1 X214.791 Y191.087
G1 X212.932 Y198.025 E397.6894
G1 X213.109 Y198.003
G1 X207.834 Y192.728 E397.93752
G0 F9000 X208.021 Y192.841
G0 X212.086 Y186.751
G0 X213.381 Y184.473
G0 X213.182 Y184.382
G1 F3000 X219.462 Y182.699 E398.15377
G0 F9000 X219.244 Y182.768
G0 X216.487 Y184.818
G0 X216.413 Y185.033
G1 F3000 X218.152 Y178.544 E398.37721
G0 F9000 X217.933 Y178.61
G0 X217.669 Y177.369
G0 X217.897 Y177.335
G1 F3000 X217.406 Y176.843 E398.40033
G0 F9000 X217.84 Y176.922
G1 F3000 X215.329 Y177.595 E398.48679
G0 F9000 X215.538 Y177.66
G0 X216.459 Y176.1
G0 X216.443 Y175.88
G1 F3000 X217.075 Y176.513 E398.51654
G0 F9000 X216.871 Y176.593
G0 X214.325 Y182.106
G0 X214.116 Y182.039
G1 F3000 X220.652 Y188.575 E398.82397
G1 X220.645 Y188.594
G1 X218.217 Y189.245 E398.90758
G1 F2400 E398.40758
G0 F9000 X218.424 Y189.343
G0 X207.193 Y197.588
G0 X206.305 Y197.42
G0 X205.707 Y197.116
G0 X206.01 Y196.951
;TYPE:SKIN
G1 F2400 E398.90758
G1 F1034.5 X205.869 Y196.726 E398.92039
G1 F1023.9 X205.806 Y196.412 E398.93599
G1 F1030.9 X205.786 Y196.082 E398.95199
G1 F1054.5 X205.828 Y195.665 E398.97182
G1 F1088.9 X205.923 Y195.277 E398.99012
G1 F1115.2 X205.998 Y195.028 E399.00176
G1 F1145 X206.157 Y194.618 E399.02092
G1 F1190.5 X206.506 Y193.881 E399.05509
G1 F1232 X207.075 Y192.891 E399.10133
G1 F1260.5 X207.56 Y192.132 E399.13698
G1 F1276.6 X208.189 Y191.201 E399.18089
G1 F1257.9 X209.866 Y188.781 E399.29767
G1 F1229.5 X210.493 Y187.849 E399.34325
G1 F1204.8 X211.338 Y186.51 E399.40881
G1 F1178.8 X211.714 Y185.869 E399.44026
G1 F1167.3 X212.038 Y185.28 E399.46899
G1 F1162.8 X212.361 Y184.664 E399.49884
G1 F1160.5 X212.795 Y183.738 E399.5428
G1 F1153.8 X213.117 Y182.968 E399.57889
G1 F1158.3 X213.353 Y182.349 E399.60742
G1 X213.719 Y181.228 E399.65821
G1 X214.13 Y179.712 E399.72587
G1 F1123.6 X214.659 Y177.508 E399.82651
G1 F1075.3 X214.784 Y177.053 E399.8484
G1 F1038.1 X214.954 Y176.532 E399.87474
G1 F1107 X214.984 Y176.096 E399.89444
G1 F1339.3 X215.21 Y175.618 E399.91413
G1 F1500 X215.464 Y175.18 E399.93097
G1 X215.722 Y174.876 E399.94423
G1 X216.056 Y174.634 E399.95795
G1 X216.41 Y174.551 E399.97005
G1 X216.716 Y174.624 E399.98051
G1 X217.011 Y174.799 E399.99192
G1 X217.269 Y175.064 E400.00422
G1 X217.423 Y175.444 E400.01786
G1 X217.538 Y176.77 E400.06212
G1 X217.247 Y176.837 E400.07206
G1 X216.972 Y176.142 E400.09692
G1 X216.707 Y175.876 E400.1094
G1 X216.596 Y175.828 E400.11343
G1 X216.338 Y175.853 E400.12205
G1 X216.199 Y175.926 E400.12727
G1 X215.862 Y176.297 E400.14394
G1 X215.757 Y176.47 E400.15067
G1 F1234.6 X215.484 Y176.767 E400.16697
G1 F1061.9 X215.259 Y177.415 E400.1992
G1 F1102.9 X214.98 Y178.42 E400.24638
G1 F1136.4 X214.415 Y180.675 E400.34844
G1 F1145 X214.117 Y181.707 E400.39524
G1 F1147.2 X214.109 Y181.712 E400.39565
G1 X214.011 Y182.027 E400.41
G1 F1149.4 X213.697 Y182.914 E400.45084
G1 X213.405 Y183.64 E400.48481
G1 X212.987 Y184.561 E400.52871
G1 F1156.1 X212.577 Y185.368 E400.56777
G1 F1162.8 X212.25 Y185.968 E400.59709
G1 F1169.6 X211.869 Y186.615 E400.62911
G1 F1190.5 X211.038 Y187.916 E400.69381
G1 F1222 X210.265 Y189.056 E400.75004
G1 F1260.5 X208.685 Y191.305 E400.85883
G1 F1276.6 X207.852 Y192.545 E400.91721
G1 F1265.8 X207.303 Y193.444 E400.95872
G1 F1234.6 X206.902 Y194.189 E400.99292
G1 F1195.2 X206.663 Y194.738 E401.01791
G1 F1160.5 X206.561 Y195.014 E401.03056
G1 F1132.1 X206.471 Y195.305 E401.04398
G1 F1094.9 X206.376 Y195.775 E401.06583
G1 F1056.3 X206.368 Y196.224 E401.08704
G1 F1030.9 X206.428 Y196.536 E401.10242
G1 F1034.5 X206.589 Y196.836 E401.11884
G1 F1049 X206.992 Y197.264 E401.1468
G1 X206.385 Y197.144 E401.17622
G1 X206.01 Y196.951 E401.19628
G1 F2400 E400.69628
G0 F9000 X205.707 Y197.116
G0 X205.517 Y196.448
G0 X205.554 Y195.613
G0 X205.929 Y194.495
G0 X206.87 Y192.77
G0 X210.782 Y186.994
G0 X213.909 Y179.525
G0 X214.516 Y176.967
G0 X214.919 Y175.77
G0 X215.299 Y175.064
G0 X215.586 Y174.733
G0 X215.963 Y174.458
G0 X216.422 Y174.352
G0 X216.795 Y174.44
G0 X217.136 Y174.644
G0 X217.441 Y174.957
G0 X217.619 Y175.394
G0 X217.747 Y176.917
G0 X216.964 Y177.38
G0 X216.036 Y176.513
G0 X215.433 Y176.147
G1 F2400 E401.19628
G1 F1369.9 X215.52 Y175.919 E401.20517
G1 X215.809 Y175.423 E401.22608
G1 X216.011 Y175.182 E401.23753
G1 X216.238 Y175.015 E401.24779
G1 F1363.6 X216.397 Y174.979 E401.25376
G1 F1357.5 X216.553 Y175.016 E401.25965
G1 X216.749 Y175.132 E401.26802
G1 X216.907 Y175.295 E401.27637
G1 X217.028 Y175.598 E401.28836
G1 X216.926 Y175.52 E401.29308
G1 X216.637 Y175.408 E401.30447
G1 F1360.5 X216.203 Y175.45 E401.32046
G1 F1363.6 X215.914 Y175.6 E401.33237
G1 F1369.9 X215.433 Y176.147 E401.3589
G0 F9000 X216.292 Y176.668
;MESH:NONMESH
G0 F300 Z5.4
G0 F9000 X213.062 Y185.56
G0 X212.733 Y185.9
G0 X212.333 Y186.487
G0 X211.753 Y187.803
G0 X211.754 Y188.06
G0 X212.068 Y188.932
G0 X212.363 Y188.829
;TIME_ELAPSED:615.483415
;LAYER:26
;TYPE:WALL-INNER
;MESH:Rock Wall Hold Knob 1.stl
G1 F1500 X212.252 Y188.324 E401.37609
G1 X212.252 Y187.618 E401.39958
G1 X212.383 Y187.062 E401.41857
G1 X212.552 Y186.599 E401.43497
G1 X212.858 Y186.154 E401.45293
G1 X213.138 Y185.826 E401.46727
G1 X213.388 Y185.605 E401.47837
G1 X213.796 Y185.314 E401.49504
G1 X214.231 Y185.115 E401.51095
G1 X214.611 Y184.993 E401.52422
G1 X214.895 Y184.941 E401.53383
G1 X215.341 Y184.912 E401.54869
G1 X215.717 Y184.938 E401.56123
G1 X216.053 Y185.002 E401.57261
G1 X216.612 Y185.187 E401.59219
G1 X217.129 Y185.502 E401.61233
G1 X217.512 Y185.835 E401.62921
G1 X217.828 Y186.174 E401.64462
G1 X218.095 Y186.649 E401.66274
G1 X218.273 Y187.094 E401.67868
G1 X218.351 Y187.399 E401.68915
G1 X218.409 Y187.851 E401.70431
G1 X218.389 Y188.48 E401.72524
G1 X218.219 Y189.054 E401.74515
G1 X217.973 Y189.557 E401.76378
G1 X217.737 Y189.904 E401.77773
G1 X217.4 Y190.245 E401.79368
G1 X217.151 Y190.451 E401.80443
G1 X216.657 Y190.747 E401.82358
G1 X216.307 Y190.895 E401.83622
G1 X215.865 Y191.022 E401.85152
G1 X215.467 Y191.062 E401.86482
G1 X215.068 Y191.056 E401.87809
G1 X214.64 Y190.985 E401.89252
G1 X214.232 Y190.857 E401.90675
G1 X213.737 Y190.614 E401.92509
G1 X213.413 Y190.384 E401.9383
G1 X213.053 Y190.061 E401.95439
G1 X212.726 Y189.634 E401.97228
G1 X212.505 Y189.245 E401.98716
G1 X212.364 Y188.836 E402.00155
G1 X212.363 Y188.829 E402.00178
G0 F9000 X212.068 Y188.932
G0 X207.62 Y197.416
G0 X207.415 Y197.649
G1 F1500 X207.527 Y197.671 E402.00558
G1 X208.659 Y197.862 E402.04376
G1 X209.434 Y197.958 E402.06973
G1 X210.5 Y198.032 E402.10528
G1 X211.292 Y198.06 E402.13163
G1 X211.757 Y198.056 E402.1471
G1 X212.548 Y198.01 E402.17345
G1 X212.977 Y197.961 E402.18782
G1 X213.314 Y197.902 E402.19919
G1 X213.33 Y197.915 E402.19988
G1 X213.836 Y197.792 E402.2172
G1 X214.104 Y197.713 E402.22649
G1 X214.535 Y197.555 E402.24176
G1 X214.868 Y197.391 E402.25411
G1 X215.159 Y197.222 E402.2653
G1 X215.419 Y197.049 E402.27569
G1 X215.767 Y196.774 E402.29044
G1 X215.97 Y196.588 E402.2996
G1 X216.277 Y196.285 E402.31394
G1 X216.602 Y195.938 E402.32976
G1 X216.775 Y195.739 E402.33853
G1 X217.058 Y195.384 E402.35363
G1 X217.421 Y194.884 E402.37418
G1 X217.916 Y194.122 E402.4044
G1 X218.229 Y193.579 E402.42524
G1 X218.687 Y192.749 E402.45677
G1 X218.908 Y192.325 E402.47268
G1 X219.29 Y191.541 E402.50168
G1 X219.749 Y190.56 E402.53771
G1 X220.344 Y189.201 E402.58705
G1 X220.502 Y188.811 E402.60105
G1 X220.626 Y188.457 E402.61352
G1 X220.739 Y188.045 E402.62773
G1 X220.767 Y187.735 E402.63808
G1 X220.757 Y187.294 E402.65275
G1 X220.662 Y186.779 E402.67017
G1 X220.415 Y185.892 E402.7008
G1 X218.115 Y178.649 E402.95355
G1 X217.933 Y177.949 E402.97761
G1 X217.837 Y177.422 E402.99543
G1 X217.739 Y176.703 E403.01956
G1 X217.661 Y175.957 E403.04451
G1 X217.586 Y175.514 E403.05945
G1 X217.497 Y175.222 E403.06961
G1 X217.315 Y174.961 E403.08019
G1 X217.137 Y174.786 E403.08849
G1 X216.858 Y174.611 E403.09945
G1 X216.535 Y174.504 E403.11076
G1 X216.231 Y174.525 E403.1209
G1 X215.92 Y174.635 E403.13187
G1 X215.608 Y174.878 E403.14502
G1 X215.363 Y175.159 E403.15742
G1 X215.152 Y175.492 E403.17053
G1 X214.993 Y175.797 E403.18197
G1 X214.841 Y176.17 E403.19537
G1 X214.674 Y176.641 E403.21199
G1 X214.59 Y176.916 E403.22156
G1 X214.387 Y177.695 E403.24833
G1 X214.047 Y179.177 E403.2989
G1 X213.827 Y180.062 E403.32923
G1 X213.542 Y181.11 E403.36536
G1 X213.346 Y181.743 E403.3874
G1 X213.021 Y182.649 E403.41941
G1 X212.7 Y183.442 E403.44786
G1 X212.407 Y184.093 E403.47161
G1 X212.007 Y184.909 E403.50183
G1 X211.577 Y185.698 E403.53172
G1 X210.968 Y186.727 E403.57149
G1 X210.054 Y188.137 E403.62738
G1 X207.73 Y191.512 E403.76367
G1 X207.142 Y192.404 E403.7992
G1 X206.652 Y193.196 E403.83018
G1 X206.447 Y193.553 E403.84387
G1 X206.163 Y194.094 E403.86419
G1 X205.973 Y194.504 E403.87922
G1 X205.791 Y194.972 E403.89593
G1 X205.707 Y195.238 E403.9052
G1 X205.622 Y195.583 E403.91702
G1 X205.578 Y195.89 E403.92734
G1 X205.566 Y196.14 E403.93566
G1 X205.591 Y196.548 E403.94926
G1 X205.673 Y196.819 E403.95867
G1 X205.845 Y197.133 E403.97058
G1 X206.165 Y197.358 E403.98359
G1 X206.653 Y197.496 E404.00046
G1 X207.415 Y197.649 E404.02631
G0 F9000 X207.209 Y198.016
;TYPE:WALL-OUTER
G1 F1500 X207.421 Y198.059 E404.0335
G1 X208.601 Y198.258 E404.07331
G1 X209.396 Y198.356 E404.09995
G1 X210.479 Y198.432 E404.13606
G1 X211.287 Y198.46 E404.16295
G1 X211.767 Y198.456 E404.17891
G1 X212.148 Y198.44 E404.1916
G1 X212.585 Y198.408 E404.20617
G1 X213.035 Y198.357 E404.22123
G1 X213.371 Y198.298 E404.23258
G1 X213.388 Y198.313 E404.23333
G1 X213.94 Y198.178 E404.25223
G1 X214.229 Y198.093 E404.26225
G1 X214.693 Y197.923 E404.27869
G1 X215.057 Y197.743 E404.29219
G1 X215.37 Y197.562 E404.30422
G1 X215.654 Y197.373 E404.31557
G1 X216.026 Y197.079 E404.33134
G1 X216.246 Y196.878 E404.34125
G1 X216.564 Y196.564 E404.35611
G1 X216.899 Y196.206 E404.37242
G1 X217.082 Y195.995 E404.38171
G1 X217.418 Y195.57 E404.39973
G1 X217.751 Y195.11 E404.41862
G1 X218.257 Y194.331 E404.44951
G1 X218.579 Y193.773 E404.47094
G1 X219.041 Y192.934 E404.5028
G1 X219.265 Y192.505 E404.51889
G1 X219.652 Y191.711 E404.54827
G1 X220.126 Y190.694 E404.58559
G1 X220.714 Y189.352 E404.63432
G1 X220.876 Y188.953 E404.64865
G1 X221.008 Y188.576 E404.66193
G1 X221.134 Y188.116 E404.67779
G1 X221.167 Y187.749 E404.69005
G1 X221.156 Y187.253 E404.70655
G1 X221.052 Y186.689 E404.72563
G1 X220.796 Y185.771 E404.75732
G1 X218.502 Y178.547 E405.00942
G1 X218.327 Y177.877 E405.03245
G1 X218.233 Y177.368 E405.04967
G1 X218.137 Y176.661 E405.0734
G1 X218.064 Y175.957 E405.09694
G1 X217.976 Y175.422 E405.11497
G1 X217.861 Y175.045 E405.12808
G1 X217.622 Y174.702 E405.14198
G1 X217.387 Y174.47 E405.15297
G1 X217.03 Y174.247 E405.16697
G1 X216.586 Y174.099 E405.18253
G1 X216.149 Y174.13 E405.19711
G1 X215.726 Y174.279 E405.21202
G1 X215.331 Y174.586 E405.22866
G1 X215.041 Y174.92 E405.24337
G1 X214.806 Y175.292 E405.25801
G1 X214.63 Y175.629 E405.27065
G1 X214.467 Y176.028 E405.28499
G1 X214.294 Y176.515 E405.30218
G1 X214.205 Y176.807 E405.31233
G1 X213.992 Y177.63 E405.34061
G1 X213.659 Y179.081 E405.39012
G1 X213.441 Y179.957 E405.42015
G1 X213.16 Y180.992 E405.45582
G1 X212.969 Y181.608 E405.47727
G1 X212.65 Y182.499 E405.50874
G1 X212.335 Y183.278 E405.53669
G1 X212.048 Y183.917 E405.55999
G1 X211.644 Y184.74 E405.59048
G1 X211.233 Y185.494 E405.61904
G1 X210.632 Y186.509 E405.65828
G1 X209.725 Y187.91 E405.71379
G1 X207.398 Y191.288 E405.85022
G1 X206.805 Y192.188 E405.88607
G1 X206.308 Y192.991 E405.91748
G1 X206.096 Y193.361 E405.93166
G1 X205.804 Y193.917 E405.95255
G1 X205.605 Y194.347 E405.96831
G1 X205.413 Y194.839 E405.98587
G1 X205.321 Y195.13 E405.99602
G1 X205.229 Y195.507 E406.00893
G1 X205.18 Y195.852 E406.02052
G1 X205.165 Y196.142 E406.03018
G1 X205.195 Y196.62 E406.04611
G1 X205.302 Y196.974 E406.05841
G1 X205.485 Y197.311 E406.07116
G1 X205.626 Y197.469 E406.07821
G1 X205.898 Y197.66 E406.08926
G1 X206.167 Y197.774 E406.09898
G1 X206.559 Y197.885 E406.11253
G1 X207.209 Y198.016 E406.13458
G0 F9000 X207.62 Y197.416
G0 X211.936 Y188.557
G0 X212.657 Y188.304
G1 F1500 X212.656 Y188.297 E406.13482
G1 X212.657 Y187.643 E406.15657
G1 X212.759 Y187.199 E406.17172
G1 X212.919 Y186.77 E406.18695
G1 X213.198 Y186.367 E406.20325
G1 X213.386 Y186.143 E406.21298
G1 X213.622 Y185.929 E406.22357
G1 X213.998 Y185.659 E406.23897
G1 X214.359 Y185.494 E406.25217
G1 X214.655 Y185.394 E406.26256
G1 X214.99 Y185.332 E406.2739
G1 X215.319 Y185.312 E406.28486
G1 X215.642 Y185.331 E406.29562
G1 X216.005 Y185.402 E406.30792
G1 X216.465 Y185.565 E406.32415
G1 X216.902 Y185.835 E406.34124
G1 X217.219 Y186.107 E406.35513
G1 X217.515 Y186.433 E406.36978
G1 X217.747 Y186.845 E406.3855
G1 X217.886 Y187.194 E406.398
G1 X217.959 Y187.481 E406.40785
G1 X218.009 Y187.857 E406.42046
G1 X217.985 Y188.436 E406.43974
G1 X217.861 Y188.868 E406.45469
G1 X217.636 Y189.34 E406.47208
G1 X217.415 Y189.661 E406.48504
G1 X217.123 Y189.957 E406.49887
G1 X216.899 Y190.14 E406.50849
G1 X216.497 Y190.38 E406.52406
G1 X216.191 Y190.512 E406.53515
G1 X215.796 Y190.628 E406.54884
G1 X215.428 Y190.664 E406.56114
G1 X215.092 Y190.656 E406.57232
G1 X214.72 Y190.593 E406.58486
G1 X214.389 Y190.489 E406.5964
G1 X213.944 Y190.272 E406.61287
G1 X213.647 Y190.059 E406.62503
G1 X213.338 Y189.776 E406.63896
G1 X213.09 Y189.46 E406.65232
G1 X212.866 Y189.066 E406.6674
G1 X212.742 Y188.706 E406.68006
G1 X212.657 Y188.304 E406.69373
G0 F9000 X212.184 Y188.392
;TYPE:FILL
G1 F3000 X211.573 Y187.781 E406.72247
G0 F9000 X211.756 Y187.904
G0 X212.461 Y189.845
G0 X213.484 Y190.813
G0 X213.619 Y190.624
G1 F3000 X208.654 Y191.954 E406.89343
G0 F9000 X208.836 Y192.076
G0 X208.29 Y192.914
G0 X208.104 Y192.796
G1 F3000 X213.156 Y197.848 E407.13106
G0 F9000 X212.818 Y197.9
G1 F3000 X214.65 Y191.064 E407.36645
G0 F9000 X214.904 Y191.111
G1 F3000 X217.857 Y194.064 E407.50535
G0 F9000 X217.662 Y193.95
G0 X216.167 Y195.955
G0 X216.33 Y196.109
G1 F3000 X209.669 Y197.894 E407.73471
G0 F9000 X209.686 Y197.668
G0 X207.315 Y196.638
G0 X206.795 Y197.197
G1 F3000 X206.732 Y197.431 E407.74277
G0 F9000 X206.973 Y196.531
G1 F3000 X207.872 Y193.179 E407.8582
G0 F9000 X208.061 Y193.289
G0 X215.284 Y191.597
G0 X216.814 Y190.953
G0 X217.55 Y190.449
G0 X217.935 Y190.059
G0 X218.215 Y189.646
G0 X218.931 Y188.093
G0 X218.338 Y186.572
G0 X218.03 Y186.028
G0 X217.27 Y185.299
G0 X216.733 Y184.964
G0 X215.566 Y184.425
G0 X213.679 Y184.541
G0 X213.481 Y184.449
G1 F3000 X219.371 Y182.871 E408.06101
G0 F9000 X219.152 Y182.94
G0 X216.352 Y184.771
G0 X216.278 Y184.987
G1 F3000 X218.005 Y178.543 E408.2829
G0 F9000 X217.782 Y178.603
G0 X216.878 Y177.366
G0 X217.079 Y177.273
G1 F3000 X215.692 Y177.645 E408.33066
G0 F9000 X215.898 Y177.719
G0 X214.61 Y182.197
G0 X214.403 Y182.125
G1 F3000 X220.585 Y188.307 E408.62144
G0 F9000 X220.419 Y188.802
G1 F3000 X218.13 Y189.415 E408.70026
G1 F2400 E408.20026
G0 F9000 X218.343 Y189.515
G0 X207.544 Y197.504
G0 X206.163 Y197.234
G0 X206.313 Y197.024
;TYPE:SKIN
G1 F2400 E408.70026
G1 F1500 X206.119 Y196.885 E408.7082
G1 X205.947 Y196.483 E408.72274
G1 X205.921 Y196.029 E408.73787
G1 X205.989 Y195.569 E408.75333
G1 F1209.7 X206.213 Y195.141 E408.77325
G1 F1036.3 X206.383 Y194.674 E408.79718
G1 F1071.4 X206.545 Y194.302 E408.81607
G1 F1102.9 X206.761 Y193.875 E408.83772
G1 F1129.9 X207.009 Y193.419 E408.86064
G1 F1153.8 X207.486 Y192.634 E408.90036
G1 F1176.5 X208.017 Y191.828 E408.94129
G1 F1160.5 X210.406 Y188.374 E409.12183
G1 F1119.4 X211.333 Y186.956 E409.19733
G1 F1098.9 X211.464 Y186.738 E409.20888
G1 F1153.8 X211.775 Y186.151 E409.2376
G1 F1145 X212.311 Y185.266 E409.28268
G1 F1071.4 X212.816 Y184.251 E409.33547
G1 F1063.8 X213.038 Y183.763 E409.36061
G1 X213.417 Y182.843 E409.40728
G1 F1065.7 X213.769 Y181.859 E409.4562
G1 F1067.6 X213.953 Y181.272 E409.48495
G1 F1063.8 X214.253 Y180.175 E409.53828
G1 F1034.5 X214.738 Y178.209 E409.63594
G1 F1200 X214.733 Y177.812 E409.65244
G1 F1485.1 X214.931 Y177.028 E409.67961
G1 F1500 X215.012 Y176.762 E409.68886
G1 X215.164 Y176.333 E409.70399
G1 X215.327 Y175.932 E409.71839
G1 X215.462 Y175.668 E409.72825
G1 X215.646 Y175.38 E409.73962
G1 X215.854 Y175.138 E409.75023
G1 X216.093 Y174.955 E409.76025
G1 X216.302 Y174.882 E409.76761
G1 X216.49 Y174.867 E409.77388
G1 X216.701 Y174.938 E409.78129
G1 X216.979 Y175.113 E409.79221
G1 X217.204 Y175.429 E409.80511
G1 X217.303 Y176.002 E409.82445
G1 X217.376 Y176.732 E409.84885
G1 X217.457 Y177.317 E409.8685
G1 X217.178 Y177.394 E409.87812
G1 X216.831 Y176.659 E409.90516
G1 X216.648 Y176.425 E409.91504
G1 X216.55 Y176.392 E409.91848
G1 X216.436 Y176.412 E409.92233
G1 X216.164 Y176.66 E409.93457
G1 X215.907 Y177.047 E409.95002
G1 X215.71 Y177.467 E409.96545
G1 X215.51 Y178.024 E409.98513
G1 F1415.1 X215.464 Y178.086 E409.98786
G1 F1151.6 X215.312 Y178.356 E410.00128
G1 F1025.6 X215.138 Y178.997 E410.03359
G1 F1049 X214.706 Y180.675 E410.116
G1 F1060.1 X214.506 Y181.384 E410.15067
G1 F1067.6 X214.313 Y182.002 E410.18092
G1 F1063.8 X214.078 Y182.684 E410.21475
G1 F1058.2 X213.858 Y183.267 E410.24413
G1 F1060.1 X213.555 Y183.989 E410.28098
G1 F1065.7 X213.33 Y184.477 E410.30614
G1 F1071.4 X212.979 Y185.19 E410.34314
G1 F1073.3 X212.787 Y185.558 E410.36244
G1 F1117.3 X212.519 Y185.904 E410.38198
G1 F1190.5 X212.196 Y186.399 E410.40675
G1 F1156.1 X211.967 Y186.939 E410.43206
G1 F1094.9 X211.953 Y186.989 E410.43443
G1 F1098.9 X211.742 Y187.324 E410.4524
G1 F1119.4 X210.636 Y188.971 E410.54082
G1 F1162.8 X208.697 Y191.724 E410.6853
G1 F1188.1 X208.273 Y192.355 E410.71722
G1 F1178.8 X207.884 Y192.962 E410.74773
G1 F1158.3 X207.498 Y193.62 E410.78059
G1 F1132.1 X207.242 Y194.108 E410.80488
G1 F1098.9 X206.97 Y194.708 E410.83478
G1 F1149.4 X206.763 Y195.317 E410.8627
G1 F1351.4 X206.82 Y195.681 E410.87631
G1 F1500 X206.8 Y195.886 E410.88316
G1 X206.835 Y196.33 E410.89797
G1 X207.016 Y196.71 E410.91197
G1 X207.503 Y197.167 E410.93418
G1 X207.44 Y197.285 E410.93863
G1 X206.744 Y197.143 E410.96226
G1 X206.313 Y197.024 E410.97713
G0 F9000 X206.468 Y196.591
G1 F1222 X206.39 Y196.39 E410.98593
G1 F1209.7 X206.366 Y196.039 E411.00044
G1 F1282.1 X206.394 Y195.695 E411.01387
G0 F9000 X207.074 Y195.766
G0 X216.814 Y190.953
G0 X217.55 Y190.449
G0 X217.935 Y190.059
G0 X218.215 Y189.646
G0 X218.931 Y188.093
G0 X215.75 Y178.129
G0 X215.306 Y177.97
G1 F1500 X214.98 Y177.644 E411.02921
G0 F9000 X215.095 Y177.194
G1 F1500 X215.465 Y177.564 E411.04661
G0 F9000 X215.632 Y177.166
G1 F1500 X215.224 Y176.758 E411.0658
G0 F9000 X215.375 Y176.343
G1 F1500 X215.83 Y176.798 E411.0872
G0 F9000 X216.072 Y176.474
G1 F1500 X215.544 Y175.946 E411.11204
G0 F9000 X215.751 Y175.587
G1 F1500 X216.386 Y176.222 E411.14191
G0 F9000 X217.144 Y176.415
G1 F1500 X216.004 Y175.275 E411.19553
G0 F9000 X216.384 Y175.089
G1 F1500 X217.06 Y175.765 E411.22732
G0 F9000 X216.557 Y177.071
;MESH:NONMESH
G0 F300 Z5.6
G0 F9000 X218.931 Y188.093
G0 X218.215 Y189.646
G0 X217.935 Y190.059
G0 X217.258 Y190.682
G0 X216.814 Y190.953
G0 X215.284 Y191.597
G0 X213.616 Y190.834
G0 X212.875 Y190.237
G0 X212.502 Y189.884
G0 X212.071 Y188.94
G0 X212.357 Y188.84
;TIME_ELAPSED:632.550647
;LAYER:27
;TYPE:WALL-INNER
;MESH:Rock Wall Hold Knob 1.stl
G1 F1500 X212.337 Y188.787 E411.22921
G1 X212.233 Y188.184 E411.24956
G1 X212.258 Y187.583 E411.26957
G1 X212.38 Y187.061 E411.2874
G1 X212.551 Y186.595 E411.30391
G1 X212.847 Y186.155 E411.32154
G1 X213.083 Y185.877 E411.33367
G1 X213.329 Y185.646 E411.3449
G1 X213.696 Y185.378 E411.36001
G1 X214.192 Y185.122 E411.37858
G1 X214.613 Y184.993 E411.39322
G1 X214.963 Y184.933 E411.40503
G1 X215.25 Y184.912 E411.4146
G1 X215.942 Y184.956 E411.43767
G1 X216.623 Y185.187 E411.46158
G1 X217.162 Y185.531 E411.48285
G1 X217.462 Y185.787 E411.49597
G1 X217.828 Y186.174 E411.51368
G1 X218.13 Y186.717 E411.53435
G1 X218.25 Y187.016 E411.54507
G1 X218.347 Y187.38 E411.5576
G1 X218.405 Y187.796 E411.57157
G1 X218.395 Y188.285 E411.58783
G1 X218.341 Y188.634 E411.59958
G1 X218.22 Y189.049 E411.61396
G1 X218.014 Y189.482 E411.6299
G1 X217.742 Y189.9 E411.64649
G1 X217.363 Y190.279 E411.66432
G1 X217.08 Y190.5 E411.67626
G1 X216.656 Y190.746 E411.69257
G1 X216.307 Y190.895 E411.70519
G1 X215.9 Y191.016 E411.71931
G1 X215.467 Y191.062 E411.73379
G1 X215 Y191.048 E411.74933
G1 X214.642 Y190.985 E411.76142
G1 X214.243 Y190.861 E411.77532
G1 X213.762 Y190.628 E411.79309
G1 X213.352 Y190.337 E411.80982
G1 X213.049 Y190.057 E411.82354
G1 X212.728 Y189.633 E411.84123
G1 X212.511 Y189.258 E411.85564
G1 X212.357 Y188.84 E411.87045
G0 F9000 X212.067 Y188.946
G0 X208.036 Y197.349
G0 X207.486 Y197.523
G1 F1500 X208.558 Y197.712 E411.90666
G1 X209.057 Y197.788 E411.92345
G1 X209.721 Y197.857 E411.94565
G1 X210.786 Y197.92 E411.98113
G1 X211.37 Y197.935 E412.00056
G1 X212.109 Y197.92 E412.02515
G1 X212.674 Y197.875 E412.044
G1 X213.375 Y197.77 E412.06758
G1 X213.821 Y197.667 E412.0828
G1 X214.077 Y197.59 E412.09169
G1 X214.528 Y197.423 E412.10769
G1 X215.009 Y197.165 E412.12584
G1 X215.241 Y197.018 E412.13498
G1 X215.598 Y196.748 E412.14986
G1 X215.979 Y196.407 E412.16687
G1 X216.268 Y196.118 E412.18046
G1 X216.686 Y195.655 E412.20121
G1 X217.1 Y195.116 E412.22382
G1 X217.315 Y194.811 E412.23623
G1 X217.721 Y194.191 E412.26088
G1 X217.937 Y193.841 E412.27456
G1 X218.705 Y192.446 E412.32752
G1 X219.188 Y191.466 E412.36386
G1 X219.793 Y190.162 E412.41167
G1 X220.402 Y188.72 E412.46373
G1 X220.523 Y188.366 E412.47618
G1 X220.603 Y188.042 E412.48728
G1 X220.639 Y187.723 E412.49795
G1 X220.629 Y187.391 E412.509
G1 X220.599 Y187.13 E412.51774
G1 X220.489 Y186.62 E412.53509
G1 X220.315 Y185.997 E412.55661
G1 X217.958 Y178.598 E412.81488
G1 X217.779 Y177.898 E412.83891
G1 X217.69 Y177.386 E412.8562
G1 X217.475 Y175.95 E412.90449
G1 X217.406 Y175.677 E412.91386
G1 X217.22 Y175.262 E412.92898
G1 X216.817 Y174.932 E412.94631
G1 X216.436 Y174.851 E412.95926
G1 X215.981 Y175.004 E412.97523
G1 X215.741 Y175.2 E412.98554
G1 X215.493 Y175.476 E412.99788
G1 X215.298 Y175.82 E413.01103
G1 X215.159 Y176.097 E413.02134
G1 X214.965 Y176.57 E413.03834
G1 X214.872 Y176.836 E413.04771
G1 X214.707 Y177.398 E413.06719
G1 X214.505 Y178.205 E413.09486
G1 X214.056 Y180.093 E413.15941
G1 X213.699 Y181.379 E413.2038
G1 X213.386 Y182.333 E413.23719
G1 X213.076 Y183.15 E413.26626
G1 X212.888 Y183.585 E413.28202
G1 X212.514 Y184.399 E413.31181
G1 X212.286 Y184.868 E413.32916
G1 X211.885 Y185.608 E413.35715
G1 X211.476 Y186.318 E413.38441
G1 X211.08 Y186.964 E413.40961
G1 X210.449 Y187.933 E413.44807
G1 X209.556 Y189.248 E413.50094
G1 X207.957 Y191.541 E413.59391
G1 X207.136 Y192.796 E413.64379
G1 X206.8 Y193.352 E413.6654
G1 X206.549 Y193.809 E413.68274
G1 X206.275 Y194.37 E413.70351
G1 X206.143 Y194.681 E413.71474
G1 X206.001 Y195.066 E413.72839
G1 X205.895 Y195.462 E413.74203
G1 X205.833 Y195.819 E413.75408
G1 X205.804 Y196.195 E413.76662
G1 X205.878 Y196.638 E413.78156
G1 X205.989 Y196.919 E413.79161
G1 X206.168 Y197.113 E413.80039
G1 X206.519 Y197.282 E413.81335
G1 X206.852 Y197.382 E413.82491
G1 X207.486 Y197.523 E413.84651
G0 F9000 X207.282 Y197.887
;TYPE:WALL-OUTER
G1 F1500 X207.408 Y197.915 E413.85081
G1 X208.498 Y198.108 E413.88762
G1 X209.006 Y198.185 E413.90471
G1 X209.689 Y198.256 E413.92755
G1 X210.769 Y198.32 E413.96354
G1 X211.369 Y198.335 E413.9835
G1 X212.129 Y198.32 E414.00878
G1 X212.718 Y198.273 E414.02843
G1 X213.453 Y198.163 E414.05315
G1 X213.924 Y198.054 E414.06923
G1 X214.204 Y197.97 E414.07895
G1 X214.693 Y197.789 E414.0963
G1 X215.211 Y197.511 E414.11585
G1 X215.469 Y197.347 E414.12602
G1 X215.852 Y197.057 E414.142
G1 X216.254 Y196.698 E414.15992
G1 X216.558 Y196.394 E414.17422
G1 X216.994 Y195.911 E414.19586
G1 X217.422 Y195.353 E414.21925
G1 X217.646 Y195.035 E414.23219
G1 X218.043 Y194.432 E414.2562
G1 X218.283 Y194.043 E414.2714
G1 X219.046 Y192.659 E414.32397
G1 X219.551 Y191.634 E414.36197
G1 X220.161 Y190.32 E414.41016
G1 X220.776 Y188.861 E414.46282
G1 X220.907 Y188.479 E414.47625
G1 X220.998 Y188.112 E414.48883
G1 X221.039 Y187.739 E414.50131
G1 X221.028 Y187.363 E414.51382
G1 X220.994 Y187.065 E414.52379
G1 X220.877 Y186.524 E414.5422
G1 X220.696 Y185.876 E414.56458
G1 X218.346 Y178.498 E414.82212
G1 X218.161 Y177.768 E414.84717
G1 X218.167 Y177.761 E414.84748
G1 X218.086 Y177.326 E414.86219
G1 X217.867 Y175.872 E414.9111
G1 X217.786 Y175.546 E414.92227
G1 X217.613 Y175.161 E414.93631
G1 X217.456 Y174.944 E414.94522
G1 X217.088 Y174.643 E414.96103
G1 X216.84 Y174.528 E414.97012
G1 X216.431 Y174.441 E414.98403
G1 X216.069 Y174.527 E414.99641
G1 X215.77 Y174.66 E415.00729
G1 X215.463 Y174.91 E415.02046
G1 X215.257 Y175.141 E415.03075
G1 X215.097 Y175.365 E415.03991
G1 X214.945 Y175.631 E415.0501
G1 X214.795 Y175.931 E415.06125
G1 X214.591 Y176.428 E415.07912
G1 X214.491 Y176.714 E415.0892
G1 X214.321 Y177.293 E415.10927
G1 X214.116 Y178.112 E415.13735
G1 X213.67 Y179.989 E415.20152
G1 X213.319 Y181.255 E415.24521
G1 X213.012 Y182.191 E415.27798
G1 X212.708 Y182.992 E415.30647
G1 X212.524 Y183.418 E415.32191
G1 X212.155 Y184.223 E415.35136
G1 X211.904 Y184.736 E415.37035
G1 X211.538 Y185.408 E415.39581
G1 X211.135 Y186.109 E415.4227
G1 X210.709 Y186.801 E415.44973
G1 X210.118 Y187.709 E415.48576
G1 X209.228 Y189.019 E415.53844
G1 X207.658 Y191.269 E415.62969
G1 X206.798 Y192.583 E415.68192
G1 X206.454 Y193.152 E415.70404
G1 X206.194 Y193.625 E415.72199
G1 X205.911 Y194.204 E415.74342
G1 X205.771 Y194.534 E415.75535
G1 X205.619 Y194.945 E415.76992
G1 X205.504 Y195.376 E415.78476
G1 X205.435 Y195.769 E415.79803
G1 X205.413 Y196.069 E415.80803
G1 X205.42 Y196.324 E415.81652
G1 X205.49 Y196.746 E415.83074
G1 X205.645 Y197.135 E415.84467
G1 X205.926 Y197.44 E415.85847
G1 X206.373 Y197.656 E415.87498
G1 X206.751 Y197.77 E415.88811
G1 X207.282 Y197.887 E415.90619
G0 F9000 X208.036 Y197.349
G0 X211.928 Y188.569
G0 X212.659 Y188.301
G1 F1500 X212.638 Y188.178 E415.91034
G1 X212.66 Y187.62 E415.92892
G1 X212.748 Y187.224 E415.94241
G1 X212.918 Y186.764 E415.95872
G1 X213.193 Y186.36 E415.97498
G1 X213.4 Y186.124 E415.98542
G1 X213.619 Y185.925 E415.99526
G1 X213.941 Y185.697 E416.00838
G1 X214.359 Y185.489 E416.02391
G1 X214.684 Y185.387 E416.03524
G1 X214.993 Y185.332 E416.04568
G1 X215.29 Y185.312 E416.05558
G1 X215.848 Y185.349 E416.07418
G1 X216.425 Y185.542 E416.09442
G1 X216.902 Y185.835 E416.11303
G1 X217.219 Y186.107 E416.12693
G1 X217.487 Y186.395 E416.14001
G1 X217.758 Y186.865 E416.15806
G1 X217.886 Y187.19 E416.16967
G1 X217.959 Y187.48 E416.17962
G1 X218.007 Y187.838 E416.19163
G1 X217.996 Y188.258 E416.20561
G1 X217.949 Y188.55 E416.21545
G1 X217.849 Y188.898 E416.22749
G1 X217.653 Y189.31 E416.24266
G1 X217.437 Y189.635 E416.25564
G1 X217.111 Y189.968 E416.27114
G1 X216.875 Y190.156 E416.28118
G1 X216.496 Y190.38 E416.29582
G1 X216.191 Y190.512 E416.30687
G1 X215.796 Y190.628 E416.32057
G1 X215.428 Y190.664 E416.33286
G1 X215.069 Y190.654 E416.34481
G1 X214.708 Y190.59 E416.357
G1 X214.38 Y190.484 E416.36847
G1 X213.952 Y190.276 E416.3843
G1 X213.644 Y190.06 E416.39681
G1 X213.337 Y189.775 E416.41074
G1 X213.074 Y189.433 E416.42509
G1 X212.882 Y189.101 E416.43785
G1 X212.722 Y188.666 E416.45326
G1 X212.659 Y188.301 E416.46558
G0 F9000 X212.153 Y188.161
;TYPE:FILL
G1 F3000 X211.887 Y187.895 E416.47809
G0 F9000 X211.862 Y188.229
G0 X212.47 Y189.846
G0 X213.68 Y190.931
G0 X213.782 Y190.726
G1 F3000 X208.965 Y192.017 E416.64396
G0 F9000 X209.145 Y192.142
G0 X208.584 Y193.006
G0 X208.398 Y192.891
G1 F3000 X213.219 Y197.712 E416.87073
G0 F9000 X212.702 Y197.79
G1 F3000 X214.513 Y191.03 E417.10349
G0 F9000 X215.129 Y191.137
G1 F3000 X217.84 Y193.848 E417.23101
G0 F9000 X217.647 Y193.729
G0 X215.752 Y196.201
G0 X215.902 Y196.37
G1 F3000 X210.481 Y197.822 E417.41767
G0 F9000 X210.494 Y197.596
G0 X218.239 Y189.718
G0 X218.043 Y189.584
G1 F3000 X220.192 Y189.008 E417.49167
G0 F9000 X219.987 Y188.923
G0 X220.301 Y187.988
G0 X220.52 Y188.043
G1 F3000 X214.72 Y182.243 E417.76448
G0 F9000 X214.927 Y182.316
G0 X214.017 Y184.599
G0 X213.82 Y184.504
G1 F3000 X219.288 Y183.039 E417.95276
G0 F9000 X219.071 Y183.107
G0 X216.218 Y184.726
G0 X216.145 Y184.94
G1 F3000 X217.861 Y178.537 E418.17324
G0 F9000 X217.641 Y178.594
G0 X217.074 Y178.373
G0 X216.591 Y177.6
G0 X216.787 Y177.498
G1 F3000 X216.183 Y177.659 E418.19403
G0 F9000 X216.373 Y177.768
G0 X218.931 Y188.093
G0 X218.215 Y189.646
G0 X217.935 Y190.059
G0 X217.387 Y190.564
G0 X208.066 Y197.376
G0 X207.673 Y197.19
;TYPE:SKIN
G1 F1500 X207.567 Y197.172 E418.19761
G1 X206.948 Y197.034 E418.2187
G1 X206.646 Y196.941 E418.22921
G1 X206.385 Y196.816 E418.23884
G1 X206.296 Y196.719 E418.24322
G1 X206.226 Y196.542 E418.24955
G1 X206.177 Y196.254 E418.25926
G1 X206.192 Y195.865 E418.27221
G1 X206.249 Y195.523 E418.28374
G1 X206.339 Y195.189 E418.29525
G1 X206.471 Y194.832 E418.30791
G1 X206.603 Y194.522 E418.31911
G1 X206.747 Y194.228 E418.33
G1 F1209.7 X207.016 Y193.902 E418.34743
G1 F1020.4 X207.144 Y193.658 E418.36091
G1 F1038.1 X207.476 Y193.088 E418.39261
G1 F1071.4 X208.34 Y191.745 E418.46697
G1 F1075.3 X209.919 Y189.498 E418.59439
G1 F1050.8 X210.82 Y188.182 E418.67011
G1 F1027.4 X211.253 Y187.526 E418.70828
G1 F1174.2 X211.623 Y186.793 E418.74317
G1 F1488.8 X211.919 Y186.239 E418.76422
G1 F1562.5 X212.194 Y185.783 E418.78122
G1 F1515.2 X212.576 Y185.093 E418.80719
G1 F1500 X212.805 Y184.625 E418.82452
G1 X213.218 Y183.732 E418.85725
G1 X213.409 Y183.283 E418.87347
G1 X213.804 Y182.248 E418.91032
G1 X213.809 Y182.195 E418.91209
G1 X214.03 Y181.523 E418.93562
G1 X214.405 Y180.182 E418.98193
G1 X215.047 Y177.509 E419.07336
G1 X215.211 Y176.954 E419.09261
G1 X215.295 Y176.715 E419.10104
G1 X215.491 Y176.231 E419.11841
G1 X215.608 Y175.995 E419.12717
G1 X215.787 Y175.686 E419.13904
G1 X215.991 Y175.457 E419.14925
G1 X216.167 Y175.314 E419.15679
G1 X216.435 Y175.223 E419.1662
G1 X216.715 Y175.312 E419.17597
G1 X216.921 Y175.478 E419.18477
G1 X217.097 Y175.871 E419.19909
G1 X217.33 Y177.434 E419.25165
G1 X217.447 Y178.048 E419.27244
G1 X217.167 Y178.141 E419.28226
G1 X216.805 Y177.451 E419.30817
G1 X216.633 Y177.344 E419.31491
G1 X216.411 Y177.34 E419.3223
G1 X216.283 Y177.397 E419.32696
G1 X216.057 Y177.798 E419.34227
G1 X215.822 Y178.368 E419.36277
G1 X215.613 Y179.005 E419.38507
G1 X215.025 Y181.127 E419.45831
G1 X214.853 Y181.704 E419.47833
G1 X214.86 Y181.713 E419.47871
G1 X214.531 Y182.659 E419.51202
G1 X214.536 Y182.665 E419.51228
G1 X214.065 Y183.858 E419.55494
G1 X213.872 Y184.294 E419.5708
G1 X213.497 Y185.076 E419.59965
G1 X213.094 Y185.37 E419.61624
G1 X212.81 Y185.639 E419.62925
G1 F1511.3 X212.549 Y185.957 E419.64283
G1 F1554.4 X212.227 Y186.455 E419.66186
G1 F1485.1 X212.017 Y186.955 E419.68008
G1 F1227 X211.827 Y187.536 E419.70494
G1 F1056.3 X211.79 Y187.787 E419.71692
G1 F1032.7 X210.727 Y189.332 E419.80752
G1 F1071.4 X209.266 Y191.371 E419.92432
G1 F1092.9 X208.805 Y192.04 E419.96141
G1 F1079.1 X208.101 Y193.141 E420.02183
G1 F1049 X207.671 Y193.908 E420.06365
G1 F1020.4 X207.544 Y194.17 E420.07788
G1 F1209.7 X207.486 Y194.562 E420.09423
G1 F1500 X207.354 Y194.895 E420.10614
G1 X207.237 Y195.359 E420.12206
G1 X207.196 Y195.764 E420.1356
G1 X207.222 Y196.19 E420.14979
G1 X207.354 Y196.598 E420.16405
G1 X207.931 Y197.052 E420.18847
G1 X207.851 Y197.221 E420.19469
G1 X207.673 Y197.19 E420.2007
G0 F9000 X208.077 Y197.316
G0 X208.489 Y197.185
G0 X207.489 Y196.17
G0 X206.742 Y196.403
G1 F925.9 X206.7 Y196.215 E420.21108
G1 F949.4 X206.697 Y195.919 E420.22664
G1 F1011.8 X206.724 Y195.617 E420.24159
G1 F1100.9 X206.773 Y195.346 E420.25407
G1 F1247.4 X206.945 Y194.788 E420.27742
G1 F1401.9 X207.091 Y194.45 E420.29052
G0 F9000 X207.712 Y194.702
G0 X216.814 Y190.953
G0 X217.55 Y190.449
G0 X217.935 Y190.059
G0 X218.215 Y189.646
G0 X218.931 Y188.093
G0 X218.338 Y186.572
G0 X218.03 Y186.028
G0 X217.27 Y185.299
G0 X216.732 Y184.964
G0 X215.988 Y184.711
G0 X214.898 Y184.688
G0 X214.251 Y184.857
G0 X213.778 Y185.098
G0 X213.17 Y184.805
G1 F1411.8 X213.496 Y184.118 E420.3174
G1 X213.789 Y183.434 E420.34369
G1 X214.134 Y182.542 E420.37749
G1 F1369.9 X214.437 Y181.632 E420.41242
G1 F1345.3 X214.816 Y180.289 E420.46417
G1 F1268.5 X215.183 Y178.865 E420.52201
G1 F1134.2 X215.371 Y178.204 E420.55224
G1 F998.3 X215.545 Y177.658 E420.58087
G1 F2400 E420.08087
G0 F9000 X216.254 Y178.003
G0 X216.939 Y178.706
G0 X217.674 Y178.176
G0 X217.254 Y175.73
G0 X217.117 Y175.428
G0 X216.681 Y175.028
G0 X216.551 Y175.469
G1 F2400 E420.58087
G1 F1500 X215.653 Y176.367 E420.62311
G0 F9000 X215.45 Y177.135
G1 F1500 X216.827 Y175.758 E420.68788
G0 F9000 X216.945 Y176.206
G1 F1500 X215.745 Y177.406 E420.74433
G0 F9000 X216.572 Y177.145
G1 F1500 X217.018 Y176.699 E420.76531
G0 F9000 X217.091 Y177.192
G1 F1500 X216.946 Y177.337 E420.77213
G0 F9000 X216.654 Y177.883
;MESH:NONMESH
G0 F300 Z5.8
G0 F9000 X218.931 Y188.093
G0 X218.215 Y189.646
G0 X217.935 Y190.059
G0 X217.258 Y190.682
G0 X216.814 Y190.953
G0 X215.284 Y191.597
G0 X213.617 Y190.834
G0 X212.874 Y190.237
G0 X212.51 Y189.885
G0 X212.069 Y188.951
G0 X212.353 Y188.847
;TIME_ELAPSED:649.383682
;LAYER:28
;TYPE:WALL-INNER
;MESH:Rock Wall Hold Knob 1.stl
G1 F1500 X212.347 Y188.832 E420.77266
G1 X212.261 Y188.362 E420.78855
G1 X212.233 Y187.994 E420.80083
G1 X212.254 Y187.614 E420.81349
G1 X212.352 Y187.118 E420.8303
G1 X212.539 Y186.59 E420.84893
G1 X212.894 Y186.069 E420.8699
G1 X213.121 Y185.822 E420.88106
G1 X213.417 Y185.549 E420.89445
G1 X213.843 Y185.286 E420.91111
G1 X214.164 Y185.135 E420.9229
G1 X214.661 Y184.962 E420.94041
G1 X215.141 Y184.914 E420.95645
G1 X215.632 Y184.928 E420.97279
G1 X216.008 Y184.989 E420.98546
G1 X216.45 Y185.131 E421.0009
G1 X216.828 Y185.312 E421.01484
G1 X217.153 Y185.522 E421.02771
G1 X217.534 Y185.841 E421.04424
G1 X217.859 Y186.236 E421.06125
G1 X218.186 Y186.805 E421.08308
G1 X218.343 Y187.352 E421.102
G1 X218.409 Y187.853 E421.11881
G1 X218.381 Y188.497 E421.14025
G1 X218.208 Y189.072 E421.16022
G1 X217.971 Y189.559 E421.17824
G1 X217.766 Y189.864 E421.19046
G1 X217.478 Y190.174 E421.20453
G1 X217.213 Y190.403 E421.21618
G1 X216.854 Y190.644 E421.23056
G1 X216.426 Y190.867 E421.24662
G1 X215.888 Y191.012 E421.26515
G1 X215.468 Y191.062 E421.27922
G1 X215.062 Y191.055 E421.29272
G1 X214.581 Y190.97 E421.30897
G1 X214.245 Y190.864 E421.32069
G1 X213.757 Y190.623 E421.33879
G1 X213.367 Y190.35 E421.35462
G1 X213.113 Y190.116 E421.36611
G1 X212.781 Y189.738 E421.38284
G1 X212.532 Y189.294 E421.39977
G1 X212.353 Y188.847 E421.41579
G1 F2400 E420.91579
G0 F9000 X212.067 Y188.953
G0 X208.493 Y197.408
G0 X207.555 Y197.4
G1 F2400 E421.41579
G1 F1500 X207.774 Y197.448 E421.42324
G1 X208.258 Y197.541 E421.43964
G1 X208.945 Y197.653 E421.46279
G1 X209.509 Y197.722 E421.48169
G1 X210.242 Y197.781 E421.50615
G1 X211.081 Y197.82 E421.53408
G1 X211.451 Y197.824 E421.54639
G1 X212.069 Y197.808 E421.56695
G1 X212.706 Y197.759 E421.5882
G1 X213.019 Y197.718 E421.5987
G1 X213.364 Y197.659 E421.61034
G1 X213.827 Y197.549 E421.62617
G1 X214.184 Y197.436 E421.63862
G1 X214.544 Y197.284 E421.65162
G1 X214.879 Y197.109 E421.66419
G1 X215.153 Y196.941 E421.67488
G1 X215.469 Y196.711 E421.68788
G1 X215.771 Y196.455 E421.70105
G1 X216.129 Y196.105 E421.7177
G1 X216.363 Y195.853 E421.72914
G1 X216.627 Y195.543 E421.74268
G1 X216.932 Y195.154 E421.75912
G1 X217.19 Y194.798 E421.77374
G1 X217.525 Y194.293 E421.7939
G1 X217.811 Y193.838 E421.81177
G1 X218.459 Y192.671 E421.85617
G1 X218.818 Y191.98 E421.88207
G1 X219.399 Y190.758 E421.92707
G1 X220.12 Y189.121 E421.98657
G1 X220.285 Y188.71 E422.0013
G1 X220.402 Y188.383 E422.01285
G1 X220.498 Y188.026 E422.02515
G1 X220.534 Y187.638 E422.03811
G1 X220.504 Y187.237 E422.05148
G1 X220.4 Y186.746 E422.06817
G1 X220.306 Y186.376 E422.08087
G1 X220.097 Y185.688 E422.10479
G1 X217.82 Y178.564 E422.35354
G1 X217.708 Y178.149 E422.36784
G1 X217.475 Y177.036 E422.40566
G1 X217.376 Y176.473 E422.42467
G1 X217.297 Y176.133 E422.43628
G1 X217.19 Y175.803 E422.44782
G1 X216.979 Y175.482 E422.4606
G1 X216.687 Y175.321 E422.47169
G1 X216.484 Y175.278 E422.47859
G1 X216.219 Y175.336 E422.48761
G1 X215.939 Y175.527 E422.49888
G1 X215.739 Y175.73 E422.50836
G1 X215.53 Y176.052 E422.52113
G1 X215.353 Y176.386 E422.5337
G1 X215.161 Y176.862 E422.55077
G1 X214.976 Y177.427 E422.57055
G1 X214.71 Y178.423 E422.60484
G1 X214.34 Y179.978 E422.658
G1 X214.129 Y180.779 E422.68555
G1 X213.942 Y181.424 E422.70789
G1 X213.634 Y182.36 E422.74066
G1 X213.331 Y183.164 E422.76924
G1 X213.175 Y183.544 E422.7829
G1 X212.799 Y184.373 E422.81317
G1 X212.499 Y184.985 E422.83584
G1 X212.066 Y185.788 E422.86619
G1 X211.568 Y186.636 E422.8989
G1 X211.173 Y187.264 E422.92357
G1 X210.536 Y188.224 E422.96189
G1 X208.598 Y191 E423.07449
G1 X207.779 Y192.211 E423.12312
G1 X207.295 Y192.972 E423.15312
G1 X207.012 Y193.446 E423.17148
G1 X206.656 Y194.124 E423.19695
G1 X206.455 Y194.566 E423.2131
G1 X206.274 Y195.047 E423.23019
G1 X206.203 Y195.289 E423.23858
G1 X206.133 Y195.63 E423.25016
G1 X206.1 Y195.892 E423.25894
G1 X206.097 Y196.298 E423.27244
G1 X206.179 Y196.636 E423.28401
G1 X206.321 Y196.911 E423.29431
G1 X206.504 Y197.062 E423.3022
G1 X206.874 Y197.221 E423.31559
G1 X207.172 Y197.315 E423.32598
G1 X207.555 Y197.4 E423.33903
G0 F9000 X207.35 Y197.764
;TYPE:WALL-OUTER
G1 F1500 X207.693 Y197.84 E423.35072
G1 X208.188 Y197.935 E423.36748
G1 X208.889 Y198.049 E423.3911
G1 X209.469 Y198.12 E423.41054
G1 X210.217 Y198.18 E423.4355
G1 X211.07 Y198.22 E423.4639
G1 X211.454 Y198.224 E423.47667
G1 X212.089 Y198.208 E423.4978
G1 X212.747 Y198.157 E423.51975
G1 X213.078 Y198.114 E423.53085
G1 X213.444 Y198.051 E423.5432
G1 X213.934 Y197.935 E423.55995
G1 X214.322 Y197.812 E423.57349
G1 X214.714 Y197.646 E423.58765
G1 X215.077 Y197.457 E423.60126
G1 X215.376 Y197.273 E423.61294
G1 X215.716 Y197.026 E423.62691
G1 X216.041 Y196.751 E423.64107
G1 X216.416 Y196.384 E423.65853
G1 X216.662 Y196.119 E423.67055
G1 X216.937 Y195.797 E423.68464
G1 X217.252 Y195.395 E423.70162
G1 X217.519 Y195.026 E423.71677
G1 X217.863 Y194.506 E423.73751
G1 X218.155 Y194.042 E423.75574
G1 X218.803 Y192.877 E423.80008
G1 X219.176 Y192.158 E423.82702
G1 X219.765 Y190.92 E423.87262
G1 X220.491 Y189.27 E423.93258
G1 X220.661 Y188.846 E423.94777
G1 X220.784 Y188.503 E423.95989
G1 X220.894 Y188.096 E423.97391
G1 X220.935 Y187.642 E423.98907
G1 X220.901 Y187.181 E424.00445
G1 X220.797 Y186.685 E424.02131
G1 X220.699 Y186.294 E424.03471
G1 X220.478 Y185.566 E424.06002
G1 X218.206 Y178.46 E424.30815
G1 X218.094 Y178.045 E424.32245
G1 X217.867 Y176.956 E424.35945
G1 X217.768 Y176.393 E424.37846
G1 X217.683 Y176.026 E424.39099
G1 X217.554 Y175.628 E424.4049
G1 X217.332 Y175.292 E424.4183
G1 X217.167 Y175.13 E424.42599
G1 X216.829 Y174.942 E424.43885
G1 X216.482 Y174.869 E424.45065
G1 X215.999 Y174.975 E424.46709
G1 X215.673 Y175.227 E424.4808
G1 X215.425 Y175.478 E424.49253
G1 X215.185 Y175.85 E424.50726
G1 X214.99 Y176.217 E424.52108
G1 X214.785 Y176.725 E424.5393
G1 X214.592 Y177.313 E424.55988
G1 X214.317 Y178.351 E424.5956
G1 X213.954 Y179.876 E424.64774
G1 X213.745 Y180.668 E424.67498
G1 X213.562 Y181.299 E424.69683
G1 X213.26 Y182.219 E424.72904
G1 X212.964 Y183.007 E424.75704
G1 X212.811 Y183.379 E424.77041
G1 X212.44 Y184.197 E424.80029
G1 X212.136 Y184.815 E424.8232
G1 X211.721 Y185.586 E424.85232
G1 X211.23 Y186.423 E424.88459
G1 X210.839 Y187.043 E424.90897
G1 X210.208 Y187.995 E424.94696
G1 X208.281 Y190.754 E425.05889
G1 X207.442 Y191.996 E425.10874
G1 X206.955 Y192.762 E425.13893
G1 X206.663 Y193.25 E425.15785
G1 X206.296 Y193.948 E425.18408
G1 X206.085 Y194.413 E425.20106
G1 X205.894 Y194.92 E425.21908
G1 X205.815 Y195.193 E425.22853
G1 X205.738 Y195.565 E425.24117
G1 X205.7 Y195.866 E425.25126
G1 X205.697 Y196.344 E425.26716
G1 X205.801 Y196.777 E425.28197
G1 X206.003 Y197.167 E425.29658
G1 X206.294 Y197.407 E425.30912
G1 X206.734 Y197.596 E425.32505
G1 X207.068 Y197.702 E425.33671
G1 X207.35 Y197.764 E425.34631
G1 F2400 E424.84631
G0 F9000 X207.418 Y197.462
G0 X208.493 Y197.408
G0 X212.095 Y188.612
G0 X212.658 Y188.303
G1 F2400 E425.34631
G1 F1500 X212.632 Y187.964 E425.35762
G1 X212.652 Y187.65 E425.36808
G1 X212.744 Y187.199 E425.38339
G1 X212.913 Y186.748 E425.39941
G1 X213.173 Y186.36 E425.41494
G1 X213.392 Y186.116 E425.42585
G1 X213.679 Y185.857 E425.43871
G1 X214.046 Y185.631 E425.45304
G1 X214.351 Y185.49 E425.46422
G1 X214.765 Y185.353 E425.47872
G1 X215.18 Y185.312 E425.49259
G1 X215.643 Y185.331 E425.508
G1 X215.969 Y185.39 E425.51902
G1 X216.321 Y185.51 E425.53139
G1 X216.615 Y185.65 E425.54222
G1 X216.897 Y185.83 E425.55335
G1 X217.259 Y186.136 E425.56912
G1 X217.538 Y186.48 E425.58385
G1 X217.802 Y186.94 E425.60149
G1 X217.949 Y187.42 E425.61818
G1 X218.009 Y187.857 E425.63286
G1 X217.977 Y188.451 E425.65264
G1 X217.846 Y188.902 E425.66826
G1 X217.654 Y189.31 E425.68326
G1 X217.44 Y189.632 E425.69612
G1 X217.226 Y189.862 E425.70657
G1 X216.986 Y190.073 E425.7172
G1 X216.669 Y190.29 E425.72997
G1 X216.26 Y190.498 E425.74523
G1 X215.769 Y190.629 E425.76214
G1 X215.428 Y190.664 E425.77354
G1 X215.09 Y190.656 E425.78478
G1 X214.7 Y190.588 E425.79795
G1 X214.375 Y190.484 E425.8093
G1 X213.953 Y190.275 E425.82496
G1 X213.622 Y190.041 E425.83844
G1 X213.413 Y189.852 E425.84782
G1 X213.125 Y189.524 E425.86233
G1 X212.881 Y189.098 E425.87866
G1 X212.731 Y188.706 E425.89262
G1 X212.66 Y188.332 E425.90528
G1 X212.658 Y188.303 E425.90625
G0 F9000 X212.047 Y188.577
G0 X212.284 Y189.359
G0 X212.583 Y189.89
G0 X213.104 Y190.431
G0 X213.876 Y191.028
G0 X213.978 Y190.82
;TYPE:FILL
G1 F3000 X209.333 Y192.065 E426.0662
G0 F9000 X209.511 Y192.191
G0 X208.911 Y193.129
G0 X208.723 Y193.015
G1 F3000 X213.297 Y197.59 E426.28137
G0 F9000 X212.582 Y197.688
G1 F3000 X214.378 Y190.987 E426.51211
G0 F9000 X215.332 Y191.139
G1 F3000 X217.831 Y193.638 E426.62966
G0 F9000 X217.632 Y193.527
G0 X215.277 Y196.471
G0 X215.423 Y196.645
G1 F3000 X211.324 Y197.743 E426.7708
G0 F9000 X211.327 Y197.515
G0 X218.122 Y189.89
G0 X217.933 Y189.761
G1 F3000 X219.994 Y189.209 E426.84176
G0 F9000 X219.786 Y189.117
G0 X220.217 Y187.743
G0 X220.443 Y187.764
G1 F3000 X215.073 Y182.395 E427.09433
G0 F9000 X215.279 Y182.471
G0 X214.414 Y184.637
G0 X214.214 Y184.546
G1 F3000 X219.219 Y183.204 E427.26667
G0 F9000 X219.001 Y183.273
G0 X216.084 Y184.681
G0 X216.006 Y184.909
G1 F3000 X217.521 Y179.258 E427.46126
G0 F9000 X217.596 Y179.466
G0 X216.099 Y179.849
G0 X215.344 Y179.597
;TYPE:SKIN
G1 F1176.5 X215.283 Y179.16 E427.47997
G1 F1709.4 X215.329 Y178.962 E427.48591
G1 X215.677 Y179.099 E427.49682
G1 X215.62 Y179.253 E427.50162
G1 F1176.5 X215.344 Y179.597 E427.52032
G1 F2400 E427.02032
G0 F9000 X216.099 Y179.849
G0 X219.649 Y185.342
G0 X217.675 Y178.641
G0 X217.044 Y175.873
G0 X216.866 Y175.605
G0 X216.485 Y175.444
G0 X216.168 Y175.527
G0 X215.865 Y175.83
G0 X215.499 Y176.455
G0 X214.727 Y178.839
G0 X212.25 Y185.658
G0 X212.539 Y185.814
G1 F2400 E427.52032
G1 F1273.9 X212.667 Y185.43 E427.53617
G1 F1500 X212.82 Y185.144 E427.54696
G1 X213.124 Y184.525 E427.5699
G1 X213.494 Y183.707 E427.59976
G1 X213.665 Y183.297 E427.61453
G1 X213.968 Y182.495 E427.64305
G1 X214.287 Y181.527 E427.67695
G1 X214.476 Y180.872 E427.69962
G1 X214.686 Y180.067 E427.72729
G1 X215.021 Y178.641 E427.77601
G1 X215.312 Y177.556 E427.81337
G1 X215.492 Y176.993 E427.83303
G1 X215.678 Y176.537 E427.84941
G1 X215.837 Y176.238 E427.86068
G1 X216.021 Y175.95 E427.87204
G1 X216.267 Y175.705 E427.88359
G1 X216.492 Y175.646 E427.89133
G1 X216.724 Y175.753 E427.89982
G1 X216.862 Y175.96 E427.9081
G1 X216.947 Y176.225 E427.91735
G1 X217.017 Y176.53 E427.92776
G1 X217.119 Y177.096 E427.94689
G1 X217.343 Y178.177 E427.98361
G1 F1445.8 X217.468 Y178.7 E428.00216
G1 F1428.6 X217.628 Y179.167 E428.0194
G1 F1463.4 X217.267 Y179.301 E428.03253
G1 F1428.6 X217.066 Y178.845 E428.04994
G1 F1421.8 X216.875 Y178.475 E428.06455
G1 F1470.6 X216.728 Y178.42 E428.06987
G1 F1500 X216.476 Y178.42 E428.07825
G1 X216.343 Y178.522 E428.08383
G1 X216.188 Y178.817 E428.09491
G1 X215.992 Y179.337 E428.11339
G1 X215.818 Y179.869 E428.13201
G1 X215.381 Y181.308 E428.18203
G1 X215.06 Y182.303 E428.2168
G1 X214.676 Y183.358 E428.25415
G1 X214.375 Y184.089 E428.28044
G1 X214.06 Y184.783 E428.30579
G1 X213.673 Y184.967 E428.32004
G1 X213.181 Y185.271 E428.33928
G1 X212.859 Y185.565 E428.35378
G1 F1273.9 X212.539 Y185.814 E428.36966
G1 F2400 E427.86966
G0 F9000 X212.25 Y185.658
G0 X207.152 Y193.525
G0 X206.604 Y194.628
G0 X206.381 Y195.218
G0 X206.262 Y195.808
G0 X206.258 Y196.279
G0 X206.449 Y196.808
G0 X206.931 Y197.07
G0 X208.493 Y197.408
G0 X212.022 Y188.713
G0 X211.447 Y188.298
G1 F2400 E428.36966
G1 F1282.1 X210.347 Y189.856 E428.44388
G1 F1388.9 X209.598 Y190.901 E428.49006
G1 F1456.3 X208.91 Y191.888 E428.53128
G1 X208.518 Y192.474 E428.55543
G1 F1366.7 X207.933 Y193.434 E428.59646
G1 F1237.1 X207.557 Y194.15 E428.62908
G1 F1096.9 X207.3 Y194.754 E428.65893
G1 F966.2 X207.157 Y195.208 E428.68351
G0 F9000 X207.929 Y195.386
G0 X209.048 Y196.829
G0 X208.493 Y197.408
G0 X206.676 Y197.025
G0 X206.94 Y196.413
G1 F1452.8 X206.862 Y196.194 E428.6915
G1 F1485.1 X206.857 Y195.877 E428.70215
G1 F1587.3 X206.906 Y195.554 E428.71241
G1 F1178.8 X207.157 Y195.208 E428.73051
G1 X207.264 Y195.605 E428.74791
G1 F1621.6 X207.244 Y195.781 E428.75336
G1 F1515.2 X207.291 Y196.271 E428.76957
G1 F1452.8 X207.411 Y196.579 E428.78092
G1 X207.284 Y196.556 E428.78535
G1 X206.94 Y196.413 E428.79814
G0 F9000 X206.676 Y197.025
G0 X208.493 Y197.408
G0 X209.048 Y196.829
G0 X208.16 Y196.466
G0 X207.74 Y197.069
G1 F1500 X207.264 Y196.966 E428.81434
G1 X207.01 Y196.884 E428.82322
G1 X206.63 Y196.725 E428.83692
G1 X206.518 Y196.505 E428.84513
G1 X206.457 Y196.256 E428.85366
G1 X206.46 Y195.833 E428.86773
G1 X206.574 Y195.264 E428.88703
G1 X206.776 Y194.726 E428.90614
G1 X206.973 Y194.288 E428.92211
G1 X207.315 Y193.638 E428.94654
G1 X207.528 Y193.275 E428.96054
G1 X208.183 Y192.243 E429.0012
G1 X208.816 Y191.315 E429.03856
G1 X210.833 Y188.427 E429.15572
G1 X211.475 Y187.459 E429.19435
G1 X211.882 Y186.811 E429.21981
G1 F1336.3 X212.162 Y186.427 E429.23755
G1 X212.048 Y186.882 E429.25506
G1 F1500 X212.015 Y186.971 E429.25822
G1 X211.908 Y187.482 E429.27558
G1 X211.868 Y187.921 E429.29024
G1 X211.903 Y188.426 E429.30708
G1 X210.69 Y190.108 E429.37605
G1 X209.934 Y191.137 E429.41852
G1 X209.248 Y192.113 E429.4582
G1 X208.877 Y192.673 E429.48054
G1 X208.476 Y193.349 E429.50669
G1 X208.313 Y193.643 E429.51787
G1 X207.976 Y194.327 E429.54323
G1 X207.77 Y194.91 E429.56379
G1 X207.672 Y195.335 E429.5783
G1 X207.636 Y195.73 E429.59149
G1 X207.698 Y196.21 E429.60759
G1 X207.819 Y196.47 E429.61713
G1 X207.955 Y196.63 E429.62411
G1 X208.463 Y196.994 E429.6449
G1 X208.376 Y197.19 E429.65203
G1 X207.842 Y197.091 E429.67009
G1 X207.74 Y197.069 E429.67356
G1 F2400 E429.17356
G0 F9000 X208.16 Y196.466
G0 X209.048 Y196.829
G0 X208.493 Y197.408
G0 X206.931 Y197.07
G0 X206.449 Y196.808
G0 X206.258 Y196.279
G0 X206.262 Y195.808
G0 X206.381 Y195.218
G0 X206.801 Y194.195
G0 X207.723 Y192.627
G0 X211.899 Y186.272
G0 X212.162 Y186.427
G1 F2400 E429.67356
G1 F1153.8 X212.539 Y185.814 E429.70468
G1 F2400 E429.20468
G0 F9000 X212.25 Y185.658
G0 X207.152 Y193.525
G0 X206.604 Y194.628
G0 X206.381 Y195.218
G0 X206.262 Y195.808
G0 X206.258 Y196.279
G0 X206.449 Y196.808
G0 X206.931 Y197.07
G0 X208.493 Y197.408
G0 X212.116 Y188.474
G0 X212.739 Y186
G0 X214.057 Y185.053
G0 X214.371 Y184.731
G0 X213.695 Y184.424
G1 F2400 E429.70468
G1 F1065.7 X214.061 Y183.604 E429.74672
G1 F1073.3 X214.207 Y183.236 E429.76512
G1 X214.232 Y183.143 E429.7696
G1 F1069.5 X214.383 Y182.755 E429.78902
G1 F1061.9 X214.599 Y182.138 E429.81973
G1 F1045.3 X214.751 Y181.671 E429.84317
G1 F1032.7 X214.958 Y180.986 E429.87774
G1 F953.9 X215.344 Y179.597 E429.95314
G1 F2400 E429.45314
G0 F9000 X216.099 Y179.849
G0 X219.649 Y185.342
G0 X217.675 Y178.641
G0 X217.044 Y175.873
G0 X216.866 Y175.605
G0 X216.485 Y175.444
G0 X215.885 Y175.724
G0 X216.217 Y176.053
G1 F2400 E429.95314
G1 F1500 X216.841 Y176.678 E429.98251
G0 F9000 X216.973 Y177.375
G1 F1500 X215.984 Y176.386 E430.02903
G0 F9000 X215.8 Y176.768
G1 F1500 X217.12 Y178.088 E430.09112
G0 F9000 X216.687 Y178.221
G1 F1500 X215.644 Y177.177 E430.14021
G0 F9000 X215.505 Y177.604
G1 F1500 X216.247 Y178.346 E430.17511
G0 F9000 X216.027 Y178.692
G1 F1500 X215.386 Y178.051 E430.20526
G0 F9000 X215.267 Y178.498
G1 F1500 X215.68 Y178.911 E430.22468
G0 F9000 X216.621 Y179.265
;MESH:NONMESH
G0 F300 Z6
G0 F9000 X218.588 Y187.295
G0 X218.662 Y187.816
G0 X218.589 Y188.678
G0 X218.463 Y189.12
G0 X218.214 Y189.646
G0 X217.673 Y190.333
G0 X217.017 Y190.841
G0 X216.518 Y191.101
G0 X215.891 Y191.269
G0 X215.023 Y191.304
G0 X214.153 Y191.097
G0 X213.617 Y190.835
G0 X212.961 Y190.317
G0 X212.655 Y189.971
G0 X212.067 Y188.955
G0 X212.351 Y188.849
;TIME_ELAPSED:669.610508
;LAYER:29
;TYPE:WALL-INNER
;MESH:Rock Wall Hold Knob 1.stl
G1 F1500 X212.238 Y188.366 E430.24118
G1 F1488.8 X212.211 Y187.655 E430.26502
G1 F1467 X212.333 Y187.047 E430.28611
G1 F1351.4 X212.419 Y186.713 E430.29885
G1 F1279.3 X212.589 Y186.393 E430.31298
G1 F1271.2 X212.831 Y186.029 E430.33013
G1 F1363.6 X213.174 Y185.729 E430.34681
G1 F1500 X213.513 Y185.462 E430.36116
G1 X213.974 Y185.184 E430.37906
G1 X214.586 Y184.978 E430.40054
G1 X215.157 Y184.909 E430.41967
G1 X215.632 Y184.924 E430.43548
G1 X216.019 Y184.99 E430.44853
G1 X216.661 Y185.206 E430.47106
G1 X217.16 Y185.526 E430.49078
G1 X217.472 Y185.791 E430.50439
G1 X217.81 Y186.147 E430.52072
G1 X218.103 Y186.662 E430.54043
G1 X218.254 Y187.025 E430.5535
G1 X218.359 Y187.4 E430.56646
G1 X218.404 Y187.845 E430.58133
G1 X218.396 Y188.224 E430.59394
G1 X218.347 Y188.603 E430.60665
G1 X218.215 Y189.061 E430.62251
G1 X217.996 Y189.522 E430.63948
G1 X217.729 Y189.911 E430.65517
G1 X217.353 Y190.287 E430.67286
G1 X216.999 Y190.564 E430.68781
G1 X216.414 Y190.866 E430.70971
G1 X215.705 Y191.06 E430.73415
G1 X215.214 Y191.065 E430.75049
G1 X214.709 Y191.01 E430.76738
G1 X214.301 Y190.884 E430.78158
G1 X213.948 Y190.731 E430.79438
G1 X213.677 Y190.577 E430.80475
G1 X213.345 Y190.335 E430.81841
G1 X213.085 Y190.087 E430.83036
G1 X212.806 Y189.751 E430.84489
G1 X212.502 Y189.248 E430.86444
G1 X212.351 Y188.849 E430.87863
G1 F2400 E430.37863
G0 F9000 X212.212 Y189.153
G0 X209.15 Y197.396
G0 X207.629 Y197.268
G1 F2400 E430.87863
G1 F1503.8 X207.895 Y197.338 E430.88775
G1 F1500 X208.861 Y197.528 E430.9205
G1 X209.623 Y197.63 E430.94607
G1 X210.406 Y197.689 E430.97218
G1 X210.878 Y197.712 E430.9879
G1 X211.363 Y197.723 E431.00404
G1 X212.122 Y197.704 E431.02929
G1 X212.538 Y197.674 E431.04316
G1 X213.001 Y197.618 E431.05867
G1 X213.372 Y197.554 E431.07119
G1 X213.81 Y197.457 E431.08611
G1 X214.257 Y197.307 E431.1018
G1 X214.773 Y197.057 E431.12087
G1 X215.138 Y196.829 E431.13518
G1 X215.575 Y196.497 E431.15343
G1 X215.965 Y196.129 E431.17127
G1 X216.142 Y195.944 E431.17979
G1 X216.154 Y195.945 E431.18019
G1 X216.551 Y195.476 E431.20062
G1 X217.07 Y194.791 E431.22921
G1 X217.268 Y194.507 E431.24072
G1 X217.701 Y193.827 E431.26753
G1 X218.201 Y192.939 E431.30143
G1 X218.668 Y192.064 E431.33442
G1 X219.236 Y190.882 E431.37804
G1 X220.031 Y189.083 E431.44345
G1 X220.168 Y188.736 E431.45586
G1 X220.324 Y188.278 E431.47195
G1 X220.397 Y187.95 E431.48313
G1 X220.43 Y187.545 E431.49664
G1 X220.38 Y187.141 E431.51018
G1 X220.225 Y186.474 E431.53296
G1 X220.067 Y185.941 E431.55145
G1 X217.73 Y178.716 E431.80401
G1 X217.617 Y178.345 E431.81691
G1 X217.21 Y176.698 E431.87334
G1 X217.134 Y176.452 E431.8819
G1 X217.011 Y176.138 E431.89312
G1 X216.877 Y175.961 E431.9005
G1 X216.717 Y175.834 E431.9073
G1 X216.573 Y175.788 E431.91232
G1 X216.353 Y175.806 E431.91967
G1 X216.169 Y175.894 E431.92645
G1 X215.982 Y176.076 E431.93513
G1 X215.818 Y176.29 E431.9441
G1 X215.623 Y176.616 E431.95673
G1 X215.472 Y176.959 E431.9692
G1 X215.296 Y177.423 E431.9857
G1 X214.999 Y178.443 E432.02104
G1 X214.437 Y180.69 E432.09807
G1 X214.179 Y181.587 E432.12912
G1 X214.03 Y182.042 E432.14504
G1 X213.71 Y182.94 E432.17675
G1 X213.415 Y183.673 E432.20303
G1 X212.999 Y184.585 E432.23637
G1 X212.582 Y185.401 E432.26685
G1 F1363.6 X212.423 Y185.775 E432.28172
G1 F1271.2 X212.193 Y186.157 E432.29922
G1 F1279.3 X211.987 Y186.523 E432.31559
G1 F1351.4 X211.788 Y186.781 E432.32762
G1 F1477.8 X211.05 Y187.918 E432.37338
G1 F1500 X210.174 Y189.19 E432.42475
G1 X208.695 Y191.285 E432.51005
G1 X207.839 Y192.559 E432.5611
G1 X207.315 Y193.428 E432.59485
G1 X206.904 Y194.205 E432.62408
G1 X206.681 Y194.739 E432.64333
G1 X206.576 Y195.039 E432.6539
G1 X206.504 Y195.293 E432.66268
G1 X206.418 Y195.705 E432.67668
G1 X206.401 Y196.166 E432.69203
G1 X206.486 Y196.539 E432.70475
G1 X206.613 Y196.792 E432.71417
G1 X206.727 Y196.914 E432.71972
G1 X207.027 Y197.075 E432.73104
G1 X207.376 Y197.202 E432.7434
G1 F1503.8 X207.629 Y197.268 E432.75207
G0 F9000 X207.427 Y197.629
;TYPE:WALL-OUTER
G1 F1500 X207.805 Y197.728 E432.76507
G1 X208.794 Y197.922 E432.79859
G1 X209.584 Y198.028 E432.8251
G1 X210.381 Y198.088 E432.85168
G1 X210.864 Y198.112 E432.86777
G1 X211.363 Y198.123 E432.88437
G1 X212.142 Y198.104 E432.91029
G1 X212.576 Y198.072 E432.92476
G1 X213.059 Y198.014 E432.94094
G1 X213.449 Y197.947 E432.9541
G1 X213.918 Y197.843 E432.97008
G1 X214.408 Y197.678 E432.98728
G1 X214.967 Y197.408 E433.00792
G1 X215.366 Y197.159 E433.02357
G1 X215.834 Y196.803 E433.04312
G1 X216.247 Y196.413 E433.06202
G1 X216.426 Y196.226 E433.07063
G1 X216.44 Y196.227 E433.07109
G1 X216.863 Y195.726 E433.0929
G1 X217.394 Y195.026 E433.12212
G1 X217.601 Y194.729 E433.13417
G1 X218.044 Y194.033 E433.16161
G1 X218.544 Y193.147 E433.19544
G1 X219.025 Y192.245 E433.22944
G1 X219.603 Y191.039 E433.27392
G1 X219.869 Y190.454 E433.2953
G1 X220.403 Y189.231 E433.33968
G1 X220.544 Y188.874 E433.35245
G1 X220.71 Y188.386 E433.36959
G1 X220.793 Y188.01 E433.3824
G1 X220.823 Y187.647 E433.39451
G1 X220.812 Y187.377 E433.4035
G1 X220.774 Y187.074 E433.41366
G1 X220.609 Y186.361 E433.438
G1 X220.443 Y185.806 E433.45727
G1 X218.005 Y178.249 E433.72137
G1 X217.595 Y176.59 E433.77821
G1 X217.503 Y176.295 E433.78849
G1 X217.363 Y175.94 E433.80118
G1 X217.164 Y175.678 E433.81212
G1 X216.908 Y175.476 E433.82297
G1 X216.62 Y175.383 E433.83303
G1 X216.246 Y175.413 E433.84551
G1 X215.937 Y175.562 E433.85692
G1 X215.682 Y175.81 E433.86875
G1 X215.486 Y176.065 E433.87945
G1 X215.267 Y176.432 E433.89367
G1 X215.102 Y176.808 E433.90732
G1 X214.918 Y177.293 E433.92458
G1 X214.611 Y178.346 E433.96106
G1 X214.053 Y180.58 E434.03764
G1 X213.799 Y181.463 E434.0682
G1 X213.653 Y181.908 E434.08378
G1 X213.338 Y182.791 E434.11496
G1 X213.051 Y183.507 E434.14062
G1 X212.643 Y184.403 E434.17336
G1 X212.232 Y185.209 E434.20345
G1 X211.916 Y185.783 E434.22525
G1 X211.538 Y186.419 E434.24986
G1 X211.032 Y187.219 E434.28134
G1 X210.693 Y187.732 E434.30179
G1 X209.936 Y188.832 E434.3462
G1 X208.342 Y191.094 E434.43824
G1 X207.501 Y192.344 E434.48835
G1 X206.967 Y193.231 E434.52279
G1 X206.542 Y194.034 E434.553
G1 X206.307 Y194.596 E434.57326
G1 X206.195 Y194.917 E434.58457
G1 X206.115 Y195.197 E434.59426
G1 X206.054 Y195.491 E434.60424
G1 X206.016 Y195.747 E434.61285
G1 X206.005 Y196.04 E434.6226
G1 X206.023 Y196.307 E434.6315
G1 X206.106 Y196.675 E434.64405
G1 X206.282 Y197.024 E434.65705
G1 X206.48 Y197.235 E434.66668
G1 X206.863 Y197.441 E434.68114
G1 X207.256 Y197.584 E434.69505
G1 X207.427 Y197.629 E434.70093
G1 F2400 E434.20093
G0 F9000 X207.505 Y197.332
G0 X209.15 Y197.396
G0 X212.212 Y189.153
G0 X212.644 Y188.328
G1 F2400 E434.70093
G1 F1500 X212.636 Y188.293 E434.70213
G1 X212.612 Y187.704 E434.72173
G1 X212.707 Y187.212 E434.7384
G1 X212.838 Y186.847 E434.7513
G1 X212.96 Y186.613 E434.76007
G1 X213.213 Y186.255 E434.77465
G1 X213.426 Y186.04 E434.78472
G1 X213.72 Y185.804 E434.79726
G1 X214.163 Y185.542 E434.81438
G1 X214.683 Y185.366 E434.83264
G1 X215.196 Y185.308 E434.84981
G1 X215.645 Y185.327 E434.86475
G1 X215.945 Y185.383 E434.87491
G1 X216.507 Y185.582 E434.89473
G1 X216.883 Y185.818 E434.9095
G1 X217.182 Y186.066 E434.92242
G1 X217.47 Y186.37 E434.93635
G1 X217.736 Y186.82 E434.95373
G1 X217.869 Y187.133 E434.96505
G1 X217.968 Y187.485 E434.97721
G1 X218.004 Y187.863 E434.98984
G1 X217.999 Y188.174 E435.00018
G1 X217.949 Y188.551 E435.01283
G1 X217.848 Y188.901 E435.02495
G1 X217.65 Y189.321 E435.04039
G1 X217.425 Y189.651 E435.05367
G1 X217.105 Y189.973 E435.06877
G1 X216.765 Y190.238 E435.08311
G1 X216.28 Y190.489 E435.10127
G1 X215.668 Y190.657 E435.12238
G1 X215.21 Y190.665 E435.13762
G1 X214.788 Y190.615 E435.15175
G1 X214.429 Y190.505 E435.16424
G1 X214.145 Y190.383 E435.17452
G1 X213.889 Y190.238 E435.18431
G1 X213.621 Y190.045 E435.19529
G1 X213.344 Y189.779 E435.20806
G1 X213.116 Y189.499 E435.22007
G1 X212.871 Y189.086 E435.23605
G1 X212.741 Y188.758 E435.24778
G1 X212.644 Y188.328 E435.26244
G0 F9000 X212.173 Y189.123
G0 X212.573 Y189.861
G0 X213.094 Y190.422
G0 X214.077 Y191.126
G0 X214.169 Y190.915
;TYPE:FILL
G1 F3000 X209.782 Y192.091 E435.41351
G0 F9000 X209.96 Y192.217
G0 X209.27 Y193.289
G0 X209.082 Y193.175
G1 F3000 X213.378 Y197.471 E435.61558
G0 F9000 X212.46 Y197.6
G1 F3000 X214.242 Y190.947 E435.84466
G0 F9000 X214.151 Y191.157
G0 X215.351 Y191.59
G0 X215.537 Y191.371
G0 X215.535 Y191.142
G1 F3000 X217.829 Y193.437 E435.95258
G0 F9000 X217.631 Y193.324
G0 X217.999 Y190.073
G0 X217.805 Y189.941
G1 F3000 X219.802 Y189.406 E436.02135
G0 F9000 X219.594 Y189.315
G0 X220.106 Y187.472
G0 X220.339 Y187.461
G1 F3000 X215.485 Y182.607 E436.24966
G0 F9000 X215.701 Y182.694
G0 X214.897 Y184.646
G0 X214.702 Y184.561
G1 F3000 X219.152 Y183.369 E436.40289
G0 F9000 X218.936 Y183.437
G0 X215.956 Y184.632
G0 X215.868 Y184.881
G1 F3000 X217.15 Y180.095 E436.56768
G0 F9000 X216.956 Y180.198
G0 X218.942 Y188.038
G0 X218.529 Y188.95
G0 X214.647 Y196.777
G0 X214.766 Y196.967
G1 F3000 X212.385 Y197.605 E436.64967
G0 F9000 X212.37 Y197.377
G0 X212.084 Y189.326
G0 X211.459 Y188.862
;TYPE:SKIN
G1 F983.6 X210.561 Y190.107 E436.72753
G1 F1056.3 X209.663 Y191.352 E436.80003
G1 F1096.9 X209.268 Y191.921 E436.83154
G1 F1090.9 X208.857 Y192.535 E436.86533
G1 F1056.3 X208.554 Y193.013 E436.89205
G1 F970.9 X208.088 Y193.852 E436.94137
G1 F894.2 X207.914 Y194.219 E436.96403
G1 F2400 E436.46403
G0 F9000 X208.669 Y194.508
G0 X209.693 Y196.755
G0 X209.15 Y197.396
G0 X207.745 Y197.194
G0 X207.811 Y196.943
G1 F2400 E436.96403
G1 F1500 X207.468 Y196.852 E436.97584
G1 X207.17 Y196.744 E436.98638
G1 X206.963 Y196.633 E436.99419
G1 X206.824 Y196.407 E437.00302
G1 X206.761 Y196.135 E437.0123
G1 X206.772 Y195.756 E437.02491
G1 X206.851 Y195.381 E437.03766
G1 X206.966 Y194.991 E437.05118
G1 X207.222 Y194.37 E437.07352
G1 X207.624 Y193.608 E437.10218
G1 X208.148 Y192.739 E437.13593
G1 X208.987 Y191.493 E437.18589
G1 X210.628 Y189.168 E437.28054
G1 X211.342 Y188.13 E437.32245
G1 X211.925 Y187.226 E437.35822
G1 X211.851 Y187.601 E437.37094
G1 X211.88 Y188.389 E437.39716
G1 X212.012 Y188.983 E437.4174
G1 X210.055 Y191.624 E437.52673
G1 X209.656 Y192.192 E437.54982
G1 X209.26 Y192.794 E437.57378
G1 X208.996 Y193.237 E437.59093
G1 X208.711 Y193.769 E437.61101
G1 X208.507 Y194.202 E437.62693
G1 X208.281 Y194.789 E437.64785
G1 X208.177 Y195.325 E437.66601
G1 X208.165 Y195.737 E437.67972
G1 X208.227 Y196.115 E437.69246
G1 X208.377 Y196.415 E437.70361
G1 X208.566 Y196.61 E437.71265
G1 X209.116 Y196.949 E437.73413
G1 X209.026 Y197.184 E437.7425
G1 X207.981 Y196.988 E437.77787
G1 X207.811 Y196.943 E437.78372
G0 F9000 X208.354 Y196.677
G1 F1500 X208.203 Y196.827 E437.7908
G0 F9000 X207.746 Y196.719
G1 F1500 X208.117 Y196.348 E437.80825
G0 F9000 X207.99 Y195.91
G1 F1500 X207.315 Y196.585 E437.84
G0 F9000 X207.01 Y196.323
G1 F1500 X207.976 Y195.357 E437.88543
G0 F9000 X208.102 Y194.666
G1 F1500 X206.971 Y195.797 E437.93863
G0 F9000 X207.164 Y195.038
G1 F1500 X207.691 Y194.511 E437.96342
G1 F2400 E437.46342
G0 F9000 X208.575 Y194.756
G0 X212.235 Y189.025
G0 X212.365 Y186.285
G0 X213.303 Y184.163
G0 X213.885 Y184.429
G1 F2400 E437.96342
G1 F1652.9 X214.093 Y183.976 E437.97847
G1 F1639.3 X214.392 Y183.224 E438.00309
G1 F1591.5 X214.701 Y182.398 E438.03074
G1 F1566.6 X214.883 Y181.845 E438.04928
G1 F1570.7 X215.25 Y181.963 E438.06153
G1 F1562.5 X215.081 Y182.452 E438.07805
G1 F1558.4 X215.084 Y182.476 E438.07882
G1 F1595.7 X214.594 Y183.712 E438.12039
G1 F1639.3 X214.36 Y184.269 E438.13877
G1 F1648.4 X213.885 Y184.429 E438.15395
G0 F9000 X213.303 Y184.163
G0 X212.598 Y185.874
G0 X212.422 Y186.231
G0 X212.882 Y185.829
G0 X212.969 Y185.431
G1 F1500 X213.323 Y184.744 E438.17965
G1 X213.747 Y183.816 E438.21358
G1 X214.039 Y183.078 E438.23998
G1 X214.369 Y182.16 E438.27243
G1 X214.519 Y181.703 E438.28843
G1 X214.769 Y180.84 E438.31831
G1 X215.342 Y178.549 E438.39686
G1 X215.634 Y177.536 E438.43192
G1 X215.79 Y177.13 E438.44639
G1 X215.939 Y176.784 E438.45892
G1 X216.178 Y176.386 E438.47436
G1 X216.371 Y176.2 E438.48327
G1 X216.52 Y176.16 E438.4884
G1 X216.692 Y176.316 E438.49613
G1 X216.825 Y176.642 E438.50784
G1 X217.265 Y178.424 E438.56889
G1 X217.412 Y178.914 E438.5859
G1 F1307.2 X217.563 Y179.571 E438.61163
G1 F1197.6 X217.701 Y179.94 E438.62804
G1 F1327.4 X218.154 Y181.238 E438.67971
G1 F1428.6 X217.777 Y181.38 E438.69378
G1 F1327.4 X217.258 Y180.127 E438.74475
G1 F1197.6 X217.089 Y179.771 E438.76117
G1 F1307.2 X216.856 Y179.692 E438.77056
G1 F1500 X216.585 Y179.706 E438.77958
G1 X216.462 Y179.821 E438.78519
G1 X216.122 Y180.66 E438.81529
G1 X215.478 Y182.511 E438.88048
G1 X215.49 Y182.525 E438.88109
G1 X214.997 Y183.761 E438.92535
G1 X214.637 Y184.602 E438.95578
G1 X214.503 Y184.622 E438.96028
G1 X213.843 Y184.846 E438.98347
G1 X213.328 Y185.152 E439.00339
G1 X212.969 Y185.431 E439.01851
G1 F2400 E438.51851
G0 F9000 X212.882 Y185.829
G0 X214.773 Y184.784
G0 X216.741 Y179.818
G0 X217.003 Y179.543
G1 F2400 E439.01851
G1 F1500 X217.265 Y179.281 E439.03084
G0 F9000 X217.172 Y178.808
G1 F1500 X214.912 Y181.068 E439.13714
G0 F9000 X214.895 Y181.65
G1 F1500 X215.924 Y180.622 E439.18552
G0 F9000 X215.11 Y180.304
G1 F1500 X217.045 Y178.369 E439.27653
G0 F9000 X216.933 Y177.915
G1 F1500 X215.298 Y179.551 E439.35346
G0 F9000 X215.487 Y178.796
G1 F1500 X216.821 Y177.462 E439.41621
G0 F9000 X216.709 Y177.008
G1 F1500 X215.705 Y178.012 E439.46343
G0 F9000 X215.997 Y177.154
G1 F1500 X216.58 Y176.572 E439.49083
G1 F2400 E438.99083
G0 F9000 X216.668 Y175.946
G0 X216.869 Y176.218
G0 X219.498 Y184.708
G0 X217.997 Y181.493
G0 X217.866 Y181.956
G0 X216.058 Y181.645
G0 X215.619 Y181.492
G1 F2400 E439.49083
G1 F1500 X215.324 Y181.787 E439.50471
G0 F9000 X216.218 Y182.099
G1 F2400 E439.00471
;MESH:NONMESH
G0 F300 Z6.2
G0 F9000 X214.773 Y184.784
G0 X212.274 Y186.472
G0 X212.789 Y185.866
;TIME_ELAPSED:688.243547
;LAYER:30
;TYPE:WALL-INNER
;MESH:Rock Wall Hold Knob 1.stl
G1 F2400 E439.50471
G1 F1022.1 X212.563 Y186.197 E439.52427
G1 F1069.5 X212.295 Y186.662 E439.54931
G1 F2400 E439.04931
G0 F9000 X208.051 Y193.027
G0 X207.217 Y194.635
G0 X206.981 Y195.341
G0 X206.922 Y195.887
G0 X206.979 Y196.233
G0 X207.067 Y196.646
G0 X207.712 Y197.119
G1 F2400 E439.54931
G1 F1500 X207.963 Y197.203 E439.55811
G1 X208.32 Y197.295 E439.57037
G1 X208.979 Y197.432 E439.59276
G1 X209.573 Y197.515 E439.61271
G1 X210.344 Y197.585 E439.63846
G1 X210.988 Y197.62 E439.65991
G1 X211.748 Y197.628 E439.68519
G1 X212.137 Y197.609 E439.69814
G1 X212.83 Y197.552 E439.72127
G1 X213.521 Y197.429 E439.74461
G1 X214.019 Y197.295 E439.76177
G1 X214.522 Y197.083 E439.77992
G1 X214.881 Y196.886 E439.79354
G1 X215.118 Y196.729 E439.803
G1 X215.39 Y196.525 E439.8143
G1 X215.669 Y196.282 E439.82661
G1 X215.932 Y196.027 E439.83879
G1 X216.23 Y195.709 E439.85329
G1 X216.597 Y195.271 E439.8723
G1 X216.982 Y194.756 E439.89368
G1 X217.348 Y194.213 E439.91546
G1 X217.619 Y193.775 E439.93259
G1 X218.232 Y192.686 E439.97416
G1 X218.636 Y191.919 E440.00299
G1 X219.207 Y190.727 E440.04695
G1 X219.606 Y189.845 E440.07915
G1 X220.098 Y188.662 E440.12176
G1 X220.224 Y188.293 E440.13473
G1 X220.297 Y187.948 E440.14646
G1 X220.322 Y187.656 E440.15621
G1 X220.295 Y187.306 E440.16788
G1 X220.247 Y187.022 E440.17746
G1 X220.159 Y186.613 E440.19138
G1 X219.721 Y185.204 E440.24045
G1 X217.968 Y179.878 E440.42694
G1 X217.533 Y178.614 E440.4714
G1 X217.117 Y177.234 E440.51934
G1 X217.03 Y176.985 E440.52812
G1 X216.88 Y176.657 E440.54011
G1 X216.758 Y176.49 E440.54699
G1 X216.634 Y176.4 E440.55209
G1 X216.433 Y176.388 E440.55878
G1 X216.183 Y176.563 E440.56893
G1 X215.906 Y176.952 E440.58482
G1 X215.66 Y177.488 E440.60443
G1 X215.467 Y178.02 E440.62326
G1 X215.189 Y179.01 E440.65746
G1 X214.746 Y180.697 E440.71547
G1 X214.542 Y181.41 E440.74014
G1 X214.337 Y182.068 E440.76306
G1 X213.942 Y183.181 E440.80234
G1 X213.545 Y184.126 E440.83643
G1 X213.321 Y184.605 E440.85402
G1 X212.926 Y185.381 E440.88298
G1 F1321.6 X212.834 Y185.666 E440.89428
G1 F1063.8 X212.789 Y185.866 E440.9039
G1 F1178.8 X213.212 Y185.607 E440.92489
G1 F1500 X213.513 Y185.396 E440.93712
G1 X213.982 Y185.137 E440.95494
G1 X214.578 Y184.963 E440.97559
G1 X215.087 Y184.88 E440.99274
G1 X215.715 Y184.922 E441.01367
G1 X216.031 Y184.981 E441.02437
G1 X216.464 Y185.126 E441.03955
G1 X216.907 Y185.34 E441.05592
G1 X217.301 Y185.636 E441.07231
G1 X217.556 Y185.871 E441.08384
G1 X217.877 Y186.259 E441.10059
G1 X218.119 Y186.686 E441.11691
G1 X218.215 Y186.918 E441.12526
G1 X218.356 Y187.402 E441.14203
G1 X218.408 Y187.852 E441.1571
G1 X218.399 Y188.234 E441.16981
G1 X218.351 Y188.586 E441.18162
G1 X218.223 Y189.05 E441.19763
G1 X218.019 Y189.484 E441.21358
G1 X217.747 Y189.899 E441.23009
G1 X217.473 Y190.178 E441.24309
G1 X217.003 Y190.573 E441.26351
G1 X216.444 Y190.848 E441.28423
G1 X216.05 Y190.975 E441.298
G1 X215.701 Y191.044 E441.30983
G1 X215.346 Y191.068 E441.32167
G1 X214.798 Y191.026 E441.33995
G1 X214.28 Y190.879 E441.35786
G1 X213.989 Y190.756 E441.36836
G1 X213.493 Y190.45 E441.38775
G1 X213.152 Y190.165 E441.40253
G1 X212.857 Y189.835 E441.41725
G1 X212.662 Y189.552 E441.42868
G1 X212.48 Y189.225 E441.44113
G1 X212.343 Y188.889 E441.4532
G1 X212.208 Y188.372 E441.47097
G1 X212.176 Y187.88 E441.48737
G1 X212.192 Y187.384 E441.50387
G1 F1418.4 X212.271 Y186.95 E441.51939
G1 F1185.8 X212.295 Y186.662 E441.53155
G1 X212.101 Y186.874 E441.54364
G1 F1418.4 X211.922 Y187.109 E441.55403
G1 F1500 X211.074 Y188.382 E441.60491
G1 X210.657 Y188.986 E441.62932
G1 X209.168 Y191.066 E441.7144
G1 X208.689 Y191.755 E441.74231
G1 X208.287 Y192.356 E441.76636
G1 X207.914 Y192.943 E441.78949
G1 X207.512 Y193.643 E441.81634
G1 X207.263 Y194.129 E441.8345
G1 X207.068 Y194.574 E441.85066
G1 X206.964 Y194.851 E441.8605
G1 X206.823 Y195.308 E441.87641
G1 X206.761 Y195.877 E441.89544
G1 X206.795 Y196.318 E441.91015
G1 X206.875 Y196.565 E441.91879
G1 X206.989 Y196.744 E441.92585
G1 X207.138 Y196.882 E441.9326
G1 X207.502 Y197.049 E441.94592
G1 X207.712 Y197.119 E441.95329
G0 F9000 X207.513 Y197.474
;TYPE:WALL-OUTER
G1 F1500 X207.849 Y197.587 E441.96508
G1 X208.23 Y197.685 E441.97816
G1 X208.911 Y197.826 E442.00129
G1 X209.527 Y197.913 E442.02198
G1 X210.315 Y197.984 E442.0483
G1 X210.975 Y198.02 E442.07028
G1 X211.756 Y198.028 E442.09626
G1 X212.163 Y198.008 E442.10981
G1 X212.882 Y197.949 E442.13381
G1 X213.608 Y197.82 E442.15833
G1 X214.009 Y197.712 E442.17215
G1 X214.268 Y197.624 E442.18124
G1 X214.696 Y197.443 E442.1967
G1 X215.088 Y197.228 E442.21157
G1 X215.348 Y197.056 E442.22194
G1 X215.642 Y196.836 E442.23415
G1 X215.94 Y196.576 E442.2473
G1 X216.217 Y196.307 E442.26015
G1 X216.53 Y195.975 E442.27532
G1 X216.911 Y195.519 E442.29509
G1 X217.308 Y194.988 E442.31714
G1 X217.684 Y194.431 E442.33949
G1 X217.943 Y194.013 E442.35585
G1 X218.586 Y192.873 E442.39938
G1 X218.985 Y192.118 E442.42778
G1 X219.571 Y190.892 E442.47298
G1 X219.975 Y189.999 E442.50557
G1 X220.484 Y188.773 E442.54973
G1 X220.61 Y188.399 E442.56285
G1 X220.693 Y188.006 E442.57621
G1 X220.723 Y187.658 E442.58783
G1 X220.693 Y187.257 E442.6012
G1 X220.638 Y186.939 E442.61194
G1 X220.546 Y186.511 E442.6265
G1 X220.101 Y185.078 E442.67641
G1 X218.346 Y179.748 E442.86304
G1 X217.916 Y178.498 E442.90701
G1 X217.49 Y177.09 E442.95594
G1 X217.402 Y176.835 E442.96491
G1 X217.226 Y176.454 E442.97887
G1 X217.044 Y176.204 E442.98915
G1 X216.8 Y176.027 E442.99918
G1 X216.526 Y175.968 E443.0085
G1 X216.278 Y176.007 E443.01685
G1 X215.895 Y176.277 E443.03244
G1 X215.557 Y176.755 E443.05191
G1 X215.29 Y177.336 E443.07318
G1 X215.087 Y177.898 E443.09305
G1 X214.805 Y178.893 E443.12745
G1 X214.361 Y180.587 E443.18569
G1 X214.16 Y181.292 E443.21008
G1 X213.96 Y181.934 E443.23244
G1 X213.573 Y183.026 E443.27098
G1 X213.182 Y183.957 E443.30456
G1 X212.963 Y184.426 E443.32178
G1 X212.66 Y185.032 E443.34431
G1 X212.338 Y185.627 E443.36681
G1 X212.02 Y186.188 E443.38826
G1 X211.745 Y186.645 E443.406
G1 X211.431 Y187.132 E443.42527
G1 X210.745 Y188.154 E443.46621
G1 X210.305 Y188.79 E443.49193
G1 X208.84 Y190.837 E443.57566
G1 X208.386 Y191.489 E443.60208
G1 X207.905 Y192.211 E443.63094
G1 X207.572 Y192.736 E443.65162
G1 X207.16 Y193.452 E443.67909
G1 X206.901 Y193.958 E443.698
G1 X206.698 Y194.424 E443.7149
G1 X206.586 Y194.721 E443.72546
G1 X206.429 Y195.226 E443.74305
G1 X206.361 Y195.858 E443.76419
G1 X206.364 Y196.136 E443.77344
G1 X206.404 Y196.41 E443.78265
G1 X206.511 Y196.737 E443.79409
G1 X206.679 Y197.002 E443.80453
G1 X206.913 Y197.219 E443.81514
G1 X207.354 Y197.421 E443.83128
G1 X207.513 Y197.474 E443.83685
G1 F2400 E443.33685
G0 F9000 X207.609 Y197.184
G0 X210.017 Y197.385
G0 X212.563 Y189.697
G0 X212.322 Y188.443
G0 X212.622 Y188.366
G1 F2400 E443.83685
G1 F1500 X212.604 Y188.295 E443.83929
G1 X212.576 Y187.915 E443.85196
G1 X212.599 Y187.349 E443.8708
G1 X212.745 Y186.835 E443.88857
G1 X212.975 Y186.438 E443.90383
G1 X213.239 Y186.122 E443.91753
G1 X213.478 Y185.906 E443.92824
G1 X213.739 Y185.726 E443.93879
G1 X214.154 Y185.504 E443.95444
G1 X214.643 Y185.358 E443.97141
G1 X215.128 Y185.284 E443.98773
G1 X215.641 Y185.315 E444.00483
G1 X215.947 Y185.372 E444.01518
G1 X216.291 Y185.487 E444.02724
G1 X216.709 Y185.691 E444.04271
G1 X217.078 Y185.97 E444.0581
G1 X217.282 Y186.162 E444.06742
G1 X217.536 Y186.474 E444.0808
G1 X217.749 Y186.839 E444.09485
G1 X217.852 Y187.091 E444.10391
G1 X217.957 Y187.447 E444.11625
G1 X218.009 Y187.883 E444.13086
G1 X218.003 Y188.18 E444.14074
G1 X217.955 Y188.532 E444.15255
G1 X217.85 Y188.906 E444.16547
G1 X217.657 Y189.314 E444.18049
G1 X217.442 Y189.634 E444.19331
G1 X217.229 Y189.859 E444.20361
G1 X216.773 Y190.24 E444.22338
G1 X216.238 Y190.5 E444.24316
G1 X215.914 Y190.597 E444.25441
G1 X215.634 Y190.65 E444.26389
G1 X215.294 Y190.668 E444.27521
G1 X214.85 Y190.625 E444.29005
G1 X214.426 Y190.507 E444.30469
G1 X214.169 Y190.399 E444.31396
G1 X213.745 Y190.14 E444.33048
G1 X213.469 Y189.916 E444.34231
G1 X213.184 Y189.604 E444.35636
G1 X213.02 Y189.372 E444.36581
G1 X212.858 Y189.087 E444.37672
G1 X212.73 Y188.787 E444.38756
G1 X212.622 Y188.366 E444.40202
G1 F2400 E443.90202
G0 F9000 X212.322 Y188.443
G0 X212.755 Y189.392
G0 X214.019 Y191.105
G0 X214.11 Y190.894
;TYPE:FILL
G1 F2400 E444.40202
G1 F3000 X212.336 Y197.514 E444.62997
G0 F9000 X212.318 Y197.287
G0 X213.425 Y197.133
G0 X213.466 Y197.358
G1 F3000 X209.504 Y193.396 E444.81633
G0 F9000 X209.695 Y193.505
G0 X210.52 Y192.216
G0 X210.342 Y192.088
G1 F3000 X214.406 Y190.999 E444.95627
G0 F9000 X214.308 Y191.228
G0 X215.352 Y191.587
G0 X215.757 Y191.35
G0 X215.716 Y191.122
G1 F3000 X217.83 Y193.237 E445.05573
G0 F9000 X217.634 Y193.126
G0 X217.797 Y190.295
G0 X217.628 Y190.135
G1 F3000 X219.62 Y189.602 E445.12431
G0 F9000 X219.409 Y189.514
G0 X219.957 Y187.137
G0 X220.18 Y187.101
G1 F3000 X215.989 Y182.911 E445.32142
G0 F9000 X216.192 Y182.998
G0 X216.83 Y181.558
G0 X216.641 Y181.448
G1 F3000 X215.73 Y184.846 E445.43843
G0 F9000 X215.294 Y184.549
G1 F3000 X218.275 Y183.751 E445.54107
G1 F2400 E445.04107
G0 F9000 X218.069 Y183.829
G0 X215.52 Y184.732
G0 X213.109 Y185.445
G0 X213.309 Y184.852
G0 X213.537 Y184.968
;TYPE:SKIN
G1 F2400 E445.54107
G1 F1500 X213.873 Y184.27 E445.56684
G1 X214.289 Y183.278 E445.60261
G1 X214.689 Y182.156 E445.64223
G1 X214.888 Y181.511 E445.66468
G1 X215.088 Y180.81 E445.68893
G1 X215.531 Y179.114 E445.74723
G1 X215.815 Y178.117 E445.78171
G1 X215.985 Y177.636 E445.79868
G1 X216.218 Y177.138 E445.81696
G1 X216.441 Y176.819 E445.82991
G1 X216.526 Y176.759 E445.83337
G1 X216.72 Y177.179 E445.84876
G1 X217.188 Y178.723 E445.90242
G1 X217.624 Y179.987 E445.94689
G1 X217.899 Y180.822 E445.97613
G1 F1212.1 X217.975 Y181.356 E445.99833
G1 F1085 X218.355 Y182.388 E446.0489
G1 F1227 X218.752 Y183.509 E446.09725
G1 F1345.3 X219.195 Y184.801 E446.1479
G1 F1398.6 X218.803 Y184.944 E446.16279
G1 F1345.3 X218.323 Y183.679 E446.21297
G1 F1229.5 X217.88 Y182.586 E446.26082
G1 F1115.2 X217.578 Y181.892 E446.29468
G1 F1041.7 X217.434 Y181.586 E446.31088
G1 F1212.1 X217.089 Y181.189 E446.33252
G1 F1500 X216.9 Y181.092 E446.33959
G1 X216.744 Y181.189 E446.3457
G1 X216.575 Y181.473 E446.35669
G1 X216.407 Y181.825 E446.36966
G1 X215.254 Y184.532 E446.46753
G1 X215.021 Y184.522 E446.47528
G1 X214.421 Y184.626 E446.49554
G1 X213.857 Y184.796 E446.51513
G1 X213.537 Y184.968 E446.52721
G0 F9000 X213.309 Y184.852
G0 X213.716 Y183.978
G0 X214.137 Y184.155
G1 F1500 X214.406 Y184.425 E446.53989
G0 F9000 X214.889 Y184.342
G1 F1500 X214.304 Y183.757 E446.56741
G0 F9000 X214.471 Y183.358
G1 F1500 X215.219 Y184.106 E446.60259
G0 F9000 X215.388 Y183.709
G1 F1500 X214.621 Y182.943 E446.63864
G0 F9000 X214.769 Y182.525
G1 F1500 X215.557 Y183.312 E446.67568
G0 F9000 X215.726 Y182.916
G1 F1500 X214.913 Y182.103 E446.71393
G0 F9000 X215.047 Y181.671
G1 F1500 X215.895 Y182.519 E446.75381
G0 F9000 X216.063 Y182.122
G1 F1500 X215.175 Y181.234 E446.79558
G0 F9000 X215.298 Y180.792
G1 F1500 X216.233 Y181.726 E446.83954
G0 F9000 X216.42 Y181.347
G1 F1500 X215.416 Y180.343 E446.88676
G0 F9000 X215.533 Y179.895
G1 F1500 X216.655 Y181.017 E446.93954
G0 F9000 X217.44 Y181.236
G1 F1500 X215.651 Y179.447 E447.02369
G0 F9000 X215.771 Y179.001
G1 F1500 X217.708 Y180.939 E447.11482
G0 F9000 X217.459 Y180.124
G1 F1500 X215.897 Y178.561 E447.18832
G0 F9000 X216.025 Y178.124
G1 F1500 X217.163 Y179.262 E447.24184
G0 F9000 X216.888 Y178.421
G1 F1500 X216.172 Y177.706 E447.2755
G0 F9000 X216.353 Y177.32
G1 F1500 X216.64 Y177.608 E447.28902
G1 F2400 E446.78902
G0 F9000 X217.084 Y177.475
G0 X216.687 Y176.629
G0 X216.296 Y176.682
G0 X216.044 Y177.037
G0 X215.62 Y178.069
G0 X214.248 Y182.904
G0 X209.3 Y191.157
G0 X208.051 Y193.027
G0 X207.217 Y194.635
G0 X206.981 Y195.341
G0 X206.922 Y195.887
G0 X206.979 Y196.233
G0 X207.067 Y196.646
G0 X207.892 Y196.799
G1 F2400 E447.28902
G1 F1500 X207.635 Y196.713 E447.29804
G1 X207.35 Y196.581 E447.30848
G1 X207.158 Y196.349 E447.3185
G1 X207.121 Y195.883 E447.33405
G1 X207.189 Y195.268 E447.35463
G1 X207.382 Y194.755 E447.37286
G1 X207.578 Y194.306 E447.38915
G1 X207.818 Y193.833 E447.40679
G1 X208.209 Y193.148 E447.43303
G1 X208.564 Y192.588 E447.45508
G1 X209.012 Y191.916 E447.48194
G1 X209.458 Y191.274 E447.50794
G1 X210.943 Y189.197 E447.59286
G1 X211.815 Y187.912 E447.64451
G1 X211.848 Y188.414 E447.66125
G1 X212.01 Y189.04 E447.68275
G1 X212.237 Y189.559 E447.70159
G1 X212.174 Y189.587 E447.70389
G1 X211.988 Y189.813 E447.71362
G1 X210.664 Y191.567 E447.78672
G1 X210.23 Y192.166 E447.81132
G1 X209.886 Y192.676 E447.83178
G1 X209.593 Y193.152 E447.85037
G1 X209.214 Y193.863 E447.87717
G1 X209.039 Y194.263 E447.89169
G1 X208.91 Y194.638 E447.90488
G1 X208.793 Y195.147 E447.92225
G1 X208.784 Y195.719 E447.94128
G1 X209.001 Y196.311 E447.96225
G1 X209.263 Y196.552 E447.97409
G1 X209.955 Y197.001 E448.00152
G1 X209.886 Y197.182 E448.00797
G1 X209.611 Y197.157 E448.01715
G1 X208.952 Y197.064 E448.03929
G1 X208.393 Y196.941 E448.05832
G1 X208.061 Y196.856 E448.06972
G1 X207.892 Y196.799 E448.07565
G1 F2400 E447.57565
G0 F9000 X207.067 Y196.646
G0 X207.561 Y196.9
G0 X209.008 Y197.274
G0 X210.017 Y197.385
G0 X210.517 Y197.1
G0 X209.918 Y193.127
G0 X209.359 Y192.784
G1 F2400 E448.07565
G1 F1587.3 X209.026 Y192.59 E448.08777
G1 F1595.7 X209.33 Y192.134 E448.1049
G1 F1604.3 X209.777 Y191.492 E448.12923
G1 F1546.4 X211.272 Y189.425 E448.21153
G1 F1500 X211.559 Y189.004 E448.22848
G1 F1519 X211.75 Y189.453 E448.2445
G1 F1566.6 X210.35 Y191.335 E448.3192
G1 F1608.6 X209.913 Y191.943 E448.34243
G1 F1612.9 X209.549 Y192.479 E448.36247
G1 F1595.7 X209.359 Y192.784 E448.3737
G1 F2400 E447.8737
G0 F9000 X209.918 Y193.127
G0 X210.531 Y196.811
G0 X210.017 Y197.385
G0 X208.356 Y197.138
G0 X207.442 Y196.819
G0 X207.067 Y196.646
G0 X207.907 Y196.593
G1 F2400 E448.3737
G1 F1500 X207.332 Y196.018 E448.40075
G0 F9000 X207.365 Y195.486
G1 F1500 X208.676 Y196.797 E448.46241
G0 F9000 X208.806 Y196.361
G1 F1500 X207.487 Y195.042 E448.52446
G0 F9000 X207.65 Y194.64
G1 F1500 X208.582 Y195.572 E448.56829
G0 F9000 X208.613 Y195.037
G1 F1500 X207.829 Y194.253 E448.60517
G0 F9000 X208.022 Y193.879
G1 F1500 X208.721 Y194.579 E448.63807
G0 F9000 X208.868 Y194.16
G1 F1500 X208.227 Y193.52 E448.6682
G0 F9000 X208.436 Y193.162
G1 F1500 X209.04 Y193.766 E448.69661
G0 F9000 X209.236 Y193.397
G1 F1500 X208.655 Y192.816 E448.72394
G1 F2400 E448.22394
G0 F9000 X208.27 Y192.571
G0 X207.217 Y194.635
G0 X206.981 Y195.341
G0 X206.922 Y195.887
G0 X207.023 Y196.498
G0 X207.227 Y196.745
G0 X208.356 Y197.138
G0 X210.017 Y197.385
G0 X210.531 Y196.811
G0 X209.427 Y196.349
G0 X209.176 Y196.731
G1 F2400 E448.72394
G1 F1500 X209.366 Y196.921 E448.73288
G0 F9000 X209.809 Y196.239
G1 F2400 E448.23288
;MESH:NONMESH
G0 F300 Z6.4
G0 F9000 X210.531 Y196.811
G0 X210.017 Y197.385
G0 X208.356 Y197.138
G0 X207.442 Y196.819
G0 X207.067 Y196.646
G0 X207.808 Y196.949
;TIME_ELAPSED:707.580720
;LAYER:31
;TYPE:WALL-INNER
;MESH:Rock Wall Hold Knob 1.stl
G1 F2400 E448.73288
G1 F1500 X207.821 Y196.957 E448.73338
G1 X208.243 Y197.109 E448.7483
G1 X208.563 Y197.203 E448.75939
G1 X208.921 Y197.288 E448.77163
G1 X209.386 Y197.375 E448.78737
G1 X209.645 Y197.412 E448.79607
G1 X210.238 Y197.473 E448.8159
G1 X211.191 Y197.532 E448.84765
G1 X211.747 Y197.532 E448.86615
G1 X212.358 Y197.505 E448.88649
G1 X212.857 Y197.451 E448.90318
G1 X212.869 Y197.463 E448.90375
G1 X213.56 Y197.327 E448.92717
G1 X213.888 Y197.235 E448.9385
G1 X214.148 Y197.145 E448.94765
G1 X214.516 Y196.982 E448.96104
G1 X214.928 Y196.753 E448.97672
G1 X215.223 Y196.539 E448.98884
G1 X215.423 Y196.378 E448.99738
G1 X215.66 Y196.166 E449.00795
G1 X216.097 Y195.718 E449.02877
G1 X216.572 Y195.145 E449.05352
G1 X216.906 Y194.694 E449.07219
G1 X217.121 Y194.382 E449.08479
G1 X217.459 Y193.853 E449.10567
G1 X217.747 Y193.372 E449.12432
G1 X218.226 Y192.505 E449.15726
G1 X218.727 Y191.529 E449.19375
G1 X219.135 Y190.683 E449.22499
G1 X219.599 Y189.638 E449.26302
G1 X220.008 Y188.637 E449.29899
G1 X220.13 Y188.262 E449.3121
G1 X220.198 Y187.875 E449.32517
G1 X220.195 Y187.403 E449.34087
G1 X220.139 Y187.052 E449.35269
G1 X220.005 Y186.515 E449.3711
G1 X219.864 Y186.045 E449.38742
G1 X218.504 Y181.945 E449.53109
G1 X217.798 Y179.911 E449.6027
G1 X217.116 Y178.068 E449.66806
G1 X216.937 Y177.614 E449.6843
G1 X216.798 Y177.346 E449.69434
G1 X216.624 Y177.137 E449.70338
G1 X216.54 Y177.126 E449.7062
G1 X216.244 Y177.388 E449.71935
G1 X216.023 Y177.776 E449.7342
G1 X215.78 Y178.371 E449.75558
G1 X215.571 Y179.01 E449.77794
G1 X215.048 Y180.901 E449.84319
G1 X214.84 Y181.614 E449.8679
G1 X214.628 Y182.262 E449.89057
G1 X214.423 Y182.845 E449.91113
G1 X214.027 Y183.849 E449.94702
G1 X213.825 Y184.309 E449.96373
G1 X213.3 Y185.399 E450.00397
G1 X213.648 Y185.206 E450.01721
G1 X214.096 Y185.018 E450.03337
G1 X214.755 Y184.875 E450.0558
G1 X215.344 Y184.854 E450.0754
G1 X215.778 Y184.908 E450.08995
G1 X216.19 Y185.008 E450.10405
G1 X216.715 Y185.212 E450.12278
G1 X217.269 Y185.584 E450.14498
G1 X217.608 Y185.914 E450.16071
G1 X217.847 Y186.208 E450.17331
G1 X218.177 Y186.751 E450.19445
G1 X218.359 Y187.354 E450.2154
G1 X218.412 Y187.831 E450.23136
G1 X218.399 Y188.294 E450.24676
G1 X218.34 Y188.679 E450.25972
G1 X218.189 Y189.186 E450.27731
G1 X217.859 Y189.743 E450.29885
G1 X217.595 Y190.07 E450.31282
G1 X217.36 Y190.288 E450.32349
G1 X217.07 Y190.515 E450.33574
G1 X216.544 Y190.828 E450.35609
G1 X215.911 Y191.023 E450.37812
G1 X215.273 Y191.087 E450.39945
G1 X214.665 Y191.003 E450.41986
G1 X214.02 Y190.788 E450.44248
G1 X213.551 Y190.505 E450.4607
G1 X213.205 Y190.227 E450.47546
G1 X212.91 Y189.918 E450.48967
G1 X212.633 Y189.546 E450.50509
G1 X212.393 Y189.105 E450.52179
G1 X212.24 Y188.701 E450.53616
G1 X212.149 Y188.354 E450.54809
G1 X212.059 Y187.849 E450.56515
G1 X212.066 Y187.488 E450.57716
G1 X211.564 Y188.225 E450.60682
G1 X210.758 Y189.372 E450.65345
G1 X209.324 Y191.355 E450.73484
G1 X208.826 Y192.075 E450.76396
G1 X208.448 Y192.653 E450.78693
G1 X208.148 Y193.145 E450.8061
G1 X207.724 Y193.917 E450.83539
G1 X207.587 Y194.209 E450.84612
G1 X207.365 Y194.758 E450.86581
G1 X207.287 Y194.999 E450.87424
G1 X207.198 Y195.369 E450.8869
G1 X207.157 Y195.77 E450.9003
G1 X207.192 Y196.222 E450.91538
G1 X207.29 Y196.546 E450.92664
G1 X207.478 Y196.765 E450.93624
G1 X207.808 Y196.949 E450.94881
G0 F9000 X207.612 Y197.298
;TYPE:WALL-OUTER
G1 F1500 X207.659 Y197.324 E450.95059
G1 X208.119 Y197.489 E450.96685
G1 X208.46 Y197.59 E450.97868
G1 X208.838 Y197.68 E450.9916
G1 X209.321 Y197.77 E451.00794
G1 X209.597 Y197.809 E451.01721
G1 X210.205 Y197.872 E451.03754
G1 X211.179 Y197.932 E451.07
G1 X211.755 Y197.932 E451.08916
G1 X212.388 Y197.904 E451.11023
G1 X212.899 Y197.849 E451.12733
G1 X212.912 Y197.862 E451.12794
G1 X213.653 Y197.717 E451.15305
G1 X214.008 Y197.617 E451.16532
G1 X214.294 Y197.517 E451.17539
G1 X214.694 Y197.34 E451.18994
G1 X215.144 Y197.091 E451.20705
G1 X215.466 Y196.857 E451.22029
G1 X215.682 Y196.683 E451.22951
G1 X215.937 Y196.455 E451.24089
G1 X216.395 Y195.986 E451.26269
G1 X216.886 Y195.392 E451.28832
G1 X217.209 Y194.959 E451.30629
G1 X217.458 Y194.598 E451.32088
G1 X217.786 Y194.086 E451.3411
G1 X218.094 Y193.572 E451.36103
G1 X218.582 Y192.688 E451.39462
G1 X219.087 Y191.703 E451.43143
G1 X219.505 Y190.835 E451.46348
G1 X219.963 Y189.805 E451.50097
G1 X220.384 Y188.775 E451.53798
G1 X220.483 Y188.469 E451.54867
G1 X220.544 Y188.218 E451.55726
G1 X220.596 Y187.921 E451.56729
G1 X220.611 Y187.65 E451.57632
G1 X220.593 Y187.359 E451.58602
G1 X220.531 Y186.972 E451.59905
G1 X220.391 Y186.409 E451.61835
G1 X220.244 Y185.919 E451.63536
G1 X218.882 Y181.814 E451.77922
G1 X218.174 Y179.773 E451.85107
G1 X217.488 Y177.921 E451.91676
G1 X217.301 Y177.448 E451.93367
G1 X217.138 Y177.132 E451.9455
G1 X216.952 Y176.886 E451.95576
G1 X216.813 Y176.777 E451.96163
G1 X216.595 Y176.71 E451.96922
G1 X216.391 Y176.746 E451.97611
G1 X216.143 Y176.906 E451.98592
G1 X215.919 Y177.151 E451.99696
G1 X215.668 Y177.588 E452.01373
G1 X215.404 Y178.233 E452.03691
G1 X215.188 Y178.894 E452.06004
G1 X214.664 Y180.789 E452.12543
G1 X214.459 Y181.49 E452.14972
G1 X214.251 Y182.13 E452.1721
G1 X214.051 Y182.698 E452.19213
G1 X213.652 Y183.709 E452.22828
G1 X213.465 Y184.135 E452.24376
G1 X212.893 Y185.317 E452.28743
G1 F1408.5 X212.667 Y185.823 E452.30706
G1 F1369.9 X212.522 Y186.043 E452.31666
G1 F1449.3 X212.348 Y186.334 E452.32833
G1 F1485.1 X211.958 Y186.937 E452.35245
G1 F1500 X211.336 Y187.851 E452.38922
G1 X210.434 Y189.138 E452.4415
G1 X208.95 Y191.192 E452.52578
G1 X208.494 Y191.852 E452.55246
G1 X208.11 Y192.439 E452.57579
G1 X207.802 Y192.945 E452.59549
G1 X207.367 Y193.735 E452.62549
G1 X207.22 Y194.049 E452.63702
G1 X206.989 Y194.621 E452.65753
G1 X206.901 Y194.891 E452.66698
G1 X206.802 Y195.302 E452.68104
G1 X206.757 Y195.753 E452.69612
G1 X206.76 Y196.024 E452.70513
G1 X206.8 Y196.308 E452.71467
G1 X206.932 Y196.742 E452.72976
G1 X207.147 Y196.994 E452.74077
G1 X207.351 Y197.152 E452.74936
G1 X207.612 Y197.298 E452.7593
G1 F2400 E452.2593
G0 F9000 X207.603 Y196.701
G0 X207.435 Y196.467
G0 X207.318 Y195.779
G0 X207.468 Y194.931
G0 X207.867 Y193.99
G0 X208.938 Y192.197
G0 X211.907 Y188.049
G0 X212.284 Y188.516
G0 X212.583 Y188.436
G1 F2400 E452.7593
G1 F1500 X212.543 Y188.284 E452.76453
G1 X212.463 Y187.836 E452.77967
G1 X212.472 Y187.188 E452.80122
G1 F1485.1 X212.631 Y186.645 E452.82023
G1 F1435.4 X212.898 Y186.239 E452.83712
G1 F1388.9 X213.119 Y186.004 E452.84871
G1 F1435.4 X213.464 Y185.766 E452.86327
G1 F1500 X213.802 Y185.575 E452.87619
G1 X214.236 Y185.396 E452.8918
G1 X214.776 Y185.276 E452.9102
G1 X215.341 Y185.257 E452.929
G1 X215.751 Y185.309 E452.94275
G1 X216.045 Y185.381 E452.95281
G1 X216.509 Y185.561 E452.96937
G1 X217 Y185.885 E452.98893
G1 X217.302 Y186.171 E453.00277
G1 X217.507 Y186.418 E453.01344
G1 X217.801 Y186.898 E453.03217
G1 X217.971 Y187.451 E453.05141
G1 X218.012 Y187.858 E453.06501
G1 X217.999 Y188.28 E453.07906
G1 X217.956 Y188.565 E453.08864
G1 X217.827 Y189.003 E453.10383
G1 X217.527 Y189.52 E453.12371
G1 X217.342 Y189.756 E453.13368
G1 X217.11 Y189.976 E453.14432
G1 X216.864 Y190.172 E453.15478
G1 X216.368 Y190.464 E453.17392
G1 X215.843 Y190.626 E453.1922
G1 X215.298 Y190.684 E453.21043
G1 X214.776 Y190.615 E453.22794
G1 X214.208 Y190.434 E453.24777
G1 X213.736 Y190.147 E453.26614
G1 X213.443 Y189.903 E453.27882
G1 X213.231 Y189.68 E453.28905
G1 X212.955 Y189.308 E453.30446
G1 X212.736 Y188.894 E453.32004
G1 X212.626 Y188.597 E453.33057
G1 X212.583 Y188.436 E453.33612
G1 F2400 E452.83612
G0 F9000 X212.284 Y188.516
G0 X212.653 Y189.258
G0 X213.853 Y191.053
G0 X213.973 Y190.858
;TYPE:FILL
G1 F2400 E453.33612
G1 F3000 X212.582 Y196.051 E453.51492
G1 X212.469 Y196.162
G1 X210.027 Y193.72 E453.62979
G0 F9000 X210.225 Y193.814
G0 X211.262 Y192.163
G0 X211.084 Y192.035
G1 F3000 X214.646 Y191.08 E453.75245
G0 F9000 X214.576 Y191.298
G0 X215.922 Y191.335
G0 X215.899 Y191.106
G1 F3000 X216.553 Y191.76 E453.78321
G0 F9000 X217.6 Y192.808
G1 F3000 X217.837 Y193.044 E453.79433
G0 F9000 X217.639 Y192.934
G0 X217.571 Y190.52
G0 X217.426 Y190.336
G1 F3000 X218.177 Y190.134 E453.8202
G0 F9000 X219.044 Y189.902
G1 F3000 X219.44 Y189.796 E453.83383
G0 F9000 X219.235 Y189.704
G0 X218.723 Y187.484
G0 X218.064 Y185.077
G0 X218.265 Y184.987
G1 F3000 X216.683 Y183.405 E453.90824
G0 F9000 X216.866 Y183.527
G0 X216.355 Y184.443
G0 X216.141 Y184.468
G1 F3000 X217.79 Y184.026 E453.96503
G0 F9000 X217.598 Y184.135
G0 X218.603 Y186.963
G0 X218.649 Y188.325
G0 X218.424 Y189.278
G0 X218.08 Y189.803
G0 X213.282 Y196.974
G1 F3000 X213.554 Y197.247 E453.97784
G0 F9000 X213.494 Y197.027
G0 X212.299 Y197.106
G1 F3000 X212.212 Y197.432 E453.98907
G0 F9000 X212.064 Y197.238
G1 F750 X218.997 Y190.305 E454.18473
G0 F9000 X218.971 Y190.293
G0 X219.409 Y189.293
G0 X219.433 Y189.303
G1 F750 X216.665 Y192.071 E454.26285
G0 F9000 X216.382 Y191.788
G1 F750 X219.243 Y188.927 E454.34359
G0 F9000 X219.067 Y188.538
G1 F750 X218.504 Y189.101 E454.35948
G0 F9000 X218.535 Y189.11
G0 X218.466 Y191.366
G0 X218.489 Y191.378
G1 F750 X212.679 Y197.188 E454.52345
G0 F9000 X213.35 Y197.083
G1 F750 X217.878 Y192.555 E454.65124
G0 F9000 X217.856 Y192.542
G0 X217.074 Y193.889
G0 X217.095 Y193.904
G1 F750 X214.171 Y196.828 E454.73376
G0 F9000 X214.161 Y196.804
G0 X212.744 Y195.992
G1 F750 X211.484 Y197.252 E454.76932
G0 F9000 X211.495 Y196.675
G1 F750 X212.139 Y196.031 E454.7875
G1 F2400 E454.2875
G0 F9000 X211.346 Y197.362
G0 X209.412 Y197.217
G0 X208.778 Y197.069
G0 X207.613 Y196.708
G0 X207.99 Y196.624
;TYPE:SKIN
G1 F2400 E454.7875
G1 F1503.8 X207.927 Y196.6 E454.78974
G1 F1500 X207.623 Y196.404 E454.80177
G1 X207.546 Y196.151 E454.81056
G1 X207.517 Y195.77 E454.82327
G1 X207.55 Y195.426 E454.83477
G1 X207.655 Y194.994 E454.84955
G1 X207.916 Y194.352 E454.8726
G1 X208.039 Y194.087 E454.88232
G1 X208.442 Y193.354 E454.91014
G1 X208.753 Y192.84 E454.93012
G1 X209.098 Y192.314 E454.95104
G1 X209.636 Y191.534 E454.98256
G1 X211.127 Y189.47 E455.06725
G1 X211.81 Y188.486 E455.10709
G1 X211.891 Y188.8 E455.11787
G1 X212.019 Y189.156 E455.13045
G1 X212.278 Y189.657 E455.14921
G1 X212.643 Y190.158 E455.16983
G1 X212.412 Y190.233 E455.17791
G1 X212.22 Y190.457 E455.18772
G1 X211.233 Y191.75 E455.24182
G1 X210.761 Y192.411 E455.26884
G1 X210.432 Y192.91 E455.28872
G1 X210.22 Y193.26 E455.30233
G1 X210.061 Y193.546 E455.31321
G1 X209.849 Y193.995 E455.32973
G1 X209.72 Y194.342 E455.34204
G1 X209.605 Y194.714 E455.35499
G1 X209.549 Y195.154 E455.36974
G1 X209.575 Y195.535 E455.38244
G1 X209.743 Y196.025 E455.39967
G1 X210.112 Y196.412 E455.41746
G1 X210.408 Y196.582 E455.42881
G1 X211.246 Y196.847 E455.45804
G1 X211.187 Y197.169 E455.46893
G1 X210.265 Y197.112 E455.49966
G1 X209.557 Y197.041 E455.52332
G1 X209.003 Y196.936 E455.54208
G1 X208.648 Y196.85 E455.55422
G1 X208.361 Y196.766 E455.56417
G1 F1503.8 X207.99 Y196.624 E455.57735
G1 F2400 E455.07735
G0 F9000 X207.613 Y196.708
G0 X208.955 Y197.131
G0 X210.251 Y197.313
G0 X211.346 Y197.362
G0 X211.773 Y196.532
G0 X210.614 Y196.378
G0 X210.477 Y196.816
G1 F2400 E455.57735
G1 F1500 X210.373 Y196.92 E455.58224
G0 F9000 X210.096 Y196.632
G1 F1500 X209.857 Y196.871 E455.59348
G0 F9000 X209.362 Y196.801
G1 F1500 X209.794 Y196.369 E455.6138
G0 F9000 X209.543 Y196.054
G1 F1500 X208.893 Y196.704 E455.64438
G0 F9000 X208.448 Y196.583
G1 F1500 X209.396 Y195.635 E455.68897
G0 F9000 X209.353 Y195.112
G1 F1500 X208.037 Y196.428 E455.75087
G0 F9000 X207.755 Y196.144
G1 F1500 X209.489 Y194.411 E455.83241
G0 F9000 X209.929 Y194.546
G0 X210.297 Y193.663
G0 X209.888 Y193.446
G1 F1500 X207.735 Y195.598 E455.93365
G0 F9000 X207.938 Y194.83
G1 F1500 X210.909 Y191.859 E456.0734
G1 F2400 E455.5734
G0 F9000 X211.286 Y192.131
G0 X213.032 Y190.317
G0 X211.907 Y188.049
G0 X210.412 Y190.021
G0 X210.782 Y190.289
G1 F2400 E456.0734
G1 F1500 X211.836 Y189.235 E456.12298
G0 F9000 X212.028 Y189.609
G1 F1500 X209.381 Y192.255 E456.24746
G1 F2400 E455.74746
G0 F9000 X209.005 Y191.995
G0 X208.053 Y193.527
G0 X208.454 Y193.748
G1 F2400 E456.24746
G1 F1500 X212.246 Y189.956 E456.42583
G0 F9000 X212.59 Y190.412
G0 X213.927 Y191.027
G0 X214.62 Y191.249
G0 X215.281 Y191.339
G0 X215.966 Y191.27
G0 X216.656 Y191.052
G0 X217.546 Y190.463
G0 X219.048 Y188.663
G0 X219.34 Y188.662
G1 F1282.1 X219.335 Y187.759 E456.46097
G1 F1229.5 X219.246 Y187.264 E456.48137
G1 F1178.8 X219.154 Y186.939 E456.49567
G1 F1142.9 X218.865 Y186.104 E456.53424
G1 F1102.9 X218.688 Y185.642 E456.55662
G1 F1049 X218.394 Y184.941 E456.59278
G1 F1209.7 X218.142 Y184.637 E456.60906
G1 F1500 X217.839 Y184.041 E456.6313
G1 X217.465 Y183.404 E456.65587
G1 X217.149 Y182.981 E456.67343
G1 X216.976 Y182.968 E456.6792
G1 X216.893 Y183.007 E456.68225
G1 X216.609 Y183.437 E456.69939
G1 X216.369 Y183.861 E456.71559
G1 X216.092 Y184.398 E456.73569
G1 X216.137 Y184.598 E456.74251
G1 X215.383 Y184.493 E456.76783
G1 X214.68 Y184.516 E456.79122
G1 X214.055 Y184.657 E456.81253
G1 X214.319 Y184.075 E456.83379
G1 X214.766 Y182.954 E456.87393
G1 X215.186 Y181.708 E456.91766
G1 X215.392 Y181 E456.94219
G1 X215.912 Y179.118 E457.00713
G1 X216.112 Y178.505 E457.02857
G1 X216.345 Y177.933 E457.04912
G1 X216.541 Y177.591 E457.06223
G1 X216.776 Y178.19 E457.08363
G1 X217.459 Y180.04 E457.14922
G1 X218.161 Y182.051 E457.22006
G1 X218.912 Y184.318 E457.29949
G1 F1209.7 X218.945 Y184.726 E457.31638
G1 F1049 X219.198 Y185.43 E457.35196
G1 F1115.2 X219.595 Y186.612 E457.40773
G1 F1167.3 X219.732 Y187.127 E457.43051
G1 F1195.2 X219.788 Y187.44 E457.44378
G1 F1247.4 X219.803 Y187.829 E457.45935
G1 F1290.3 X219.715 Y188.26 E457.47636
G1 X219.562 Y188.684 E457.49379
G1 X219.34 Y188.662 E457.50242
G0 F9000 X219.048 Y188.663
G0 X218.03 Y185.001
G0 X218.58 Y184.754
G1 F1500 X218.687 Y184.647 E457.50745
G0 F9000 X218.287 Y184.481
G1 F1500 X218.639 Y184.129 E457.52401
G0 F9000 X218.497 Y183.705
G1 F1500 X218.096 Y184.106 E457.54287
G0 F9000 X217.895 Y183.742
G1 F1500 X218.357 Y183.28 E457.5646
G0 F9000 X218.216 Y182.855
G1 F1500 X217.686 Y183.385 E457.58953
G0 F9000 X217.453 Y183.052
G1 F1500 X218.075 Y182.43 E457.61879
G0 F9000 X217.933 Y182.006
G1 F1500 X217.145 Y182.795 E457.65587
G0 F9000 X217.041 Y183.212
G0 X216.618 Y183.951
G0 X216.218 Y183.721
G1 F1500 X215.616 Y184.324 E457.68421
G0 F9000 X215.07 Y184.304
G1 F1500 X217.786 Y181.588 E457.81197
G0 F9000 X217.64 Y181.169
G1 F1500 X214.442 Y184.366 E457.96237
G0 F9000 X214.778 Y183.465
G1 F1500 X217.493 Y180.749 E458.0901
G0 F9000 X217.347 Y180.33
G1 F1500 X215.108 Y182.569 E458.19541
G0 F9000 X215.392 Y181.719
G1 F1500 X217.198 Y179.913 E458.28036
G0 F9000 X217.044 Y179.501
G1 F1500 X215.621 Y180.925 E458.34732
G0 F9000 X215.837 Y180.143
G1 F1500 X216.892 Y179.088 E458.39694
G0 F9000 X216.738 Y178.676
G1 F1500 X216.053 Y179.361 E458.42916
G0 F9000 X216.32 Y178.529
G1 F1500 X216.585 Y178.263 E458.44165
G1 F2400 E457.94165
;MESH:NONMESH
G0 F300 Z6.6
G0 F9000 X217.017 Y178.092
G0 X216.574 Y177.3
G0 X216.375 Y177.483
G0 X215.931 Y178.427
G0 X213.321 Y185.563
G0 X214.139 Y185.165
G0 X214.768 Y185.027
G0 X215.336 Y185.005
G0 X216.108 Y185.137
G0 X216.647 Y185.351
G0 X217.168 Y185.698
G0 X217.701 Y186.26
G0 X218.139 Y186.976
G0 X218.264 Y187.864
G0 X218.202 Y188.61
G0 X218.054 Y189.119
G0 X217.52 Y189.932
G0 X217.018 Y190.37
G0 X216.491 Y190.685
G0 X215.885 Y190.877
G0 X215.288 Y190.936
G0 X214.709 Y190.857
G0 X214.095 Y190.661
G0 X213.282 Y190.097
G0 X212.739 Y189.433
G0 X211.907 Y188.049
G0 X208.584 Y192.739
G0 X207.734 Y194.274
G0 X207.468 Y194.931
G0 X207.318 Y195.779
G0 X207.423 Y196.398
G0 X207.613 Y196.708
G0 X207.954 Y196.688
;TIME_ELAPSED:731.021622
;LAYER:32
;TYPE:WALL-INNER
;MESH:Rock Wall Hold Knob 1.stl
G1 F2400 E458.44165
G1 F1500 X208.004 Y196.747 E458.44422
G1 X208.355 Y196.92 E458.45724
G1 X208.658 Y197.033 E458.46799
G1 X209.13 Y197.171 E458.48435
G1 X209.681 Y197.278 E458.50302
G1 X210.557 Y197.382 E458.53236
G1 X211.091 Y197.42 E458.55016
G1 X211.471 Y197.432 E458.56281
G1 X211.932 Y197.428 E458.57814
G1 X212.334 Y197.406 E458.59153
G1 X212.712 Y197.372 E458.60416
G1 X213.268 Y197.289 E458.62285
G1 X213.66 Y197.199 E458.63623
G1 X213.985 Y197.104 E458.64749
G1 X214.318 Y196.967 E458.65947
G1 X214.679 Y196.78 E458.67299
G1 X214.937 Y196.614 E458.6832
G1 X215.298 Y196.344 E458.69819
G1 X215.629 Y196.045 E458.71302
G1 X216.025 Y195.63 E458.7321
G1 X216.376 Y195.216 E458.75016
G1 X216.679 Y194.816 E458.76685
G1 X217.249 Y193.984 E458.80039
G1 X217.433 Y193.691 E458.8119
G1 X218.274 Y192.22 E458.86825
G1 X218.71 Y191.343 E458.90083
G1 X219.107 Y190.518 E458.93128
G1 X219.498 Y189.634 E458.96343
G1 X219.873 Y188.688 E458.99728
G1 X220.023 Y188.205 E459.0141
G1 X220.071 Y187.813 E459.02723
G1 X220.064 Y187.489 E459.03801
G1 X220.035 Y187.231 E459.04665
G1 X219.957 Y186.872 E459.05887
G1 X219.793 Y186.285 E459.07914
G1 X219.505 Y185.402 E459.11003
G1 X219.1 Y184.213 E459.15181
G1 X218.311 Y181.956 E459.23133
G1 X217.834 Y180.645 E459.27773
G1 X217.529 Y179.852 E459.30599
G1 X217.249 Y179.178 E459.33026
G1 X216.978 Y178.6 E459.3515
G1 X216.794 Y178.275 E459.36392
G1 X216.629 Y178.076 E459.37252
G1 X216.542 Y178.146 E459.37623
G1 X216.383 Y178.363 E459.38518
G1 X216.15 Y178.809 E459.40191
G1 X215.909 Y179.457 E459.42491
G1 X215.343 Y181.314 E459.48948
G1 X215.016 Y182.318 E459.5246
G1 X214.631 Y183.375 E459.56201
G1 X214.334 Y184.086 E459.58764
G1 X213.95 Y184.931 E459.61851
G1 X214.288 Y184.853 E459.63005
G1 X214.621 Y184.808 E459.64123
G1 X215.153 Y184.793 E459.65893
G1 X215.638 Y184.83 E459.6751
G1 X216.146 Y184.957 E459.69252
G1 X216.648 Y185.164 E459.71058
G1 X217.046 Y185.4 E459.72597
G1 X217.49 Y185.752 E459.74482
G1 X217.879 Y186.216 E459.76496
G1 X218.191 Y186.746 E459.78541
G1 X218.379 Y187.388 E459.80766
G1 X218.427 Y187.829 E459.82241
G1 X218.414 Y188.266 E459.83696
G1 X218.343 Y188.717 E459.85214
G1 X218.173 Y189.252 E459.87081
G1 X217.872 Y189.756 E459.89034
G1 X217.613 Y190.066 E459.90377
G1 X217.379 Y190.291 E459.91457
G1 X217.084 Y190.519 E459.92697
G1 X216.755 Y190.722 E459.93983
G1 X216.385 Y190.888 E459.95332
G1 X215.92 Y191.037 E459.96956
G1 X215.171 Y191.091 E459.99453
G1 X214.641 Y191.009 E460.01237
G1 X214.309 Y190.912 E460.02388
G1 X213.886 Y190.727 E460.03923
G1 X213.481 Y190.48 E460.05501
G1 X213.143 Y190.209 E460.06942
G1 X212.901 Y189.963 E460.0809
G1 X212.604 Y189.595 E460.09662
G1 X212.373 Y189.213 E460.11147
G1 X212.151 Y188.754 E460.12843
G1 X211.967 Y188.267 E460.14575
G1 X210.656 Y190.088 E460.22038
G1 X209.889 Y191.132 E460.26346
G1 X209.209 Y192.098 E460.30275
G1 X208.837 Y192.663 E460.32525
G1 X208.438 Y193.333 E460.35119
G1 X208.29 Y193.608 E460.36158
G1 X207.994 Y194.207 E460.3838
G1 X207.881 Y194.473 E460.39341
G1 X207.713 Y194.989 E460.41146
G1 X207.631 Y195.354 E460.4239
G1 X207.596 Y195.749 E460.43709
G1 X207.653 Y196.211 E460.45258
G1 X207.756 Y196.455 E460.46138
G1 X207.954 Y196.688 E460.47155
G0 F9000 X207.758 Y197.038
;TYPE:WALL-OUTER
G1 F1500 X207.926 Y197.155 E460.47836
G1 X208.196 Y197.288 E460.48837
G1 X208.532 Y197.413 E460.5003
G1 X209.036 Y197.561 E460.51777
G1 X209.619 Y197.674 E460.53752
G1 X210.519 Y197.78 E460.56766
G1 X211.071 Y197.82 E460.58607
G1 X211.467 Y197.832 E460.59925
G1 X211.945 Y197.828 E460.61514
G1 X212.428 Y197.8 E460.63124
G1 X212.76 Y197.769 E460.64233
G1 X213.342 Y197.683 E460.66189
G1 X213.761 Y197.586 E460.6762
G1 X214.117 Y197.482 E460.68853
G1 X214.487 Y197.33 E460.70184
G1 X214.879 Y197.126 E460.71654
G1 X215.165 Y196.943 E460.72783
G1 X215.552 Y196.653 E460.74391
G1 X215.908 Y196.332 E460.75986
G1 X216.323 Y195.898 E460.77983
G1 X216.688 Y195.466 E460.79864
G1 X217.005 Y195.048 E460.81609
G1 X217.584 Y194.202 E460.85019
G1 X217.776 Y193.897 E460.86217
G1 X218.627 Y192.409 E460.91919
G1 X219.473 Y190.68 E460.98321
G1 X219.863 Y189.802 E461.01516
G1 X220.251 Y188.821 E461.05025
G1 X220.415 Y188.289 E461.06876
G1 X220.471 Y187.833 E461.08405
G1 X220.464 Y187.462 E461.09639
G1 X220.43 Y187.165 E461.10633
G1 X220.345 Y186.776 E461.11957
G1 X220.197 Y186.234 E461.13826
G1 X219.884 Y185.273 E461.17188
G1 X219.478 Y184.081 E461.21376
G1 X218.697 Y181.846 E461.2925
G1 X218.208 Y180.502 E461.34007
G1 X217.899 Y179.698 E461.36872
G1 X217.621 Y179.029 E461.39281
G1 X217.334 Y178.416 E461.41533
G1 X217.128 Y178.055 E461.42915
G1 X216.924 Y177.785 E461.44041
G1 X216.736 Y177.677 E461.44762
G1 X216.465 Y177.694 E461.45665
G1 X216.25 Y177.868 E461.46585
G1 X216.043 Y178.151 E461.47751
G1 X215.784 Y178.646 E461.49609
G1 X215.53 Y179.329 E461.52033
G1 X214.963 Y181.19 E461.58503
G1 X214.64 Y182.181 E461.6197
G1 X214.261 Y183.221 E461.65652
G1 X213.97 Y183.92 E461.6817
G1 X213.598 Y184.738 E461.71159
G1 X213.436 Y185.121 E461.72542
G1 X213.357 Y185.374 E461.73424
G1 X213.358 Y185.492 E461.73816
G1 X214.341 Y185.249 E461.77184
G1 X214.673 Y185.205 E461.78298
G1 X215.123 Y185.192 E461.79795
G1 X215.585 Y185.229 E461.81337
G1 X216.059 Y185.348 E461.82962
G1 X216.517 Y185.545 E461.8462
G1 X216.858 Y185.756 E461.85954
G1 X217.217 Y186.05 E461.87498
G1 X217.537 Y186.426 E461.8914
G1 X217.827 Y186.925 E461.91059
G1 X217.988 Y187.473 E461.92959
G1 X218.028 Y187.857 E461.94243
G1 X218.02 Y188.186 E461.95338
G1 X217.96 Y188.599 E461.96726
G1 X217.807 Y189.09 E461.98436
G1 X217.539 Y189.532 E462.00155
G1 X217.333 Y189.78 E462.01228
G1 X217.125 Y189.981 E462.0219
G1 X216.874 Y190.179 E462.03253
G1 X216.561 Y190.372 E462.04476
G1 X216.262 Y190.507 E462.05567
G1 X215.821 Y190.644 E462.07103
G1 X215.201 Y190.692 E462.09172
G1 X214.752 Y190.625 E462.10681
G1 X214.439 Y190.534 E462.11766
G1 X214.068 Y190.371 E462.13113
G1 X213.684 Y190.135 E462.14612
G1 X213.426 Y189.926 E462.15717
G1 X213.209 Y189.708 E462.1674
G1 X212.961 Y189.408 E462.18034
G1 X212.732 Y189.037 E462.19485
G1 X212.525 Y188.612 E462.21057
G1 X212.404 Y188.294 E462.22189
G1 X212.158 Y187.469 E462.25052
G1 X211.894 Y187.726 E462.26277
G1 X211.528 Y188.192 E462.28248
G1 X210.334 Y189.851 E462.35046
G1 X209.579 Y190.877 E462.39283
G1 X208.878 Y191.873 E462.43334
G1 X208.498 Y192.451 E462.45635
G1 X208.09 Y193.135 E462.48284
G1 X207.934 Y193.424 E462.49376
G1 X207.63 Y194.04 E462.51661
G1 X207.507 Y194.329 E462.52706
G1 X207.326 Y194.887 E462.54657
G1 X207.235 Y195.292 E462.56037
G1 X207.194 Y195.756 E462.57587
G1 X207.263 Y196.315 E462.5946
G1 X207.404 Y196.65 E462.60669
G1 X207.694 Y196.994 E462.62165
G1 X207.758 Y197.038 E462.62424
G1 F2400 E462.12424
G0 F9000 X207.935 Y196.785
G0 X207.758 Y195.745
G0 X207.869 Y195.03
G0 X208.14 Y194.275
G0 X208.974 Y192.748
G0 X211.905 Y188.659
G0 X212.849 Y189.835
G0 X213.773 Y191.06
;TYPE:FILL
G1 F2400 E462.62424
G1 F3000 X213.844 Y190.795 E462.63336
G0 F9000 X214.29 Y191.322
G1 F3000 X214.963 Y191.142 E462.65653
G0 F9000 X214.819 Y191.472
G0 X215.298 Y191.605
G0 X216.137 Y191.295
G0 X216.067 Y191.075
G1 F3000 X216.284 Y191.292 E462.66674
G0 F9000 X217.321 Y190.734
G0 X217.175 Y190.549
G1 F3000 X218.119 Y190.296 E462.69925
G0 F9000 X217.913 Y190.258
G1 F750 X212.081 Y196.089 E462.86382
G0 F9000 X211.617 Y195.987
G1 F750 X216.44 Y191.164 E462.99994
G0 F9000 X215.704 Y191.335
G1 F750 X211.245 Y195.794 E463.12578
G0 F9000 X210.983 Y195.49
G1 F750 X213.372 Y193.102 E463.19319
G0 F9000 X212.605 Y191.633
G0 X212.59 Y191.621
G1 F750 X213.087 Y191.123 E463.20723
G0 F9000 X213.787 Y190.989
G1 F750 X211.346 Y193.43 E463.27612
G0 F9000 X211.362 Y193.44
G0 X210.926 Y194.44
G0 X210.908 Y194.434
G1 F750 X214.181 Y191.161 E463.36849
G0 F9000 X214.621 Y191.287
G1 F750 X210.832 Y195.075 E463.47541
G0 F9000 X210.851 Y195.071
G0 X212.644 Y196.07
G0 X212.646 Y196.09
G1 F750 X217.03 Y191.706 E463.59914
G0 F9000 X217.015 Y191.695
G0 X215.655 Y193.619
G0 X215.67 Y193.631
G1 F750 X213.396 Y195.906 E463.66333
G1 F2400 E463.16333
G0 F9000 X213.391 Y195.886
G0 X213.569 Y190.733
G0 X211.905 Y188.659
G0 X208.974 Y192.748
G0 X208.14 Y194.275
G0 X207.79 Y195.379
G0 X207.758 Y195.745
G0 X207.942 Y196.523
G0 X208.141 Y196.355
;TYPE:SKIN
G1 F2400 E463.66333
G1 F1507.5 X208.069 Y196.27 E463.66701
G1 F1500 X208.004 Y196.116 E463.67257
G1 X207.958 Y195.736 E463.68531
G1 X207.987 Y195.415 E463.69603
G1 X208.061 Y195.073 E463.70766
G1 X208.216 Y194.607 E463.724
G1 X208.323 Y194.356 E463.73307
G1 X208.59 Y193.811 E463.75326
G1 X208.79 Y193.427 E463.76766
G1 X209.13 Y192.873 E463.78928
G1 X209.522 Y192.274 E463.81309
G1 X210.168 Y191.357 E463.8504
G1 X210.942 Y190.303 E463.89389
G1 X211.874 Y189.009 E463.94693
G1 X212.048 Y189.368 E463.9602
G1 X212.32 Y189.827 E463.97794
G1 X212.638 Y190.213 E463.99458
G1 X212.943 Y190.515 E464.00885
G1 X213.32 Y190.815 E464.02488
G1 X213.285 Y190.892 E464.02769
G1 X212.921 Y190.873 E464.03981
G1 X212.812 Y190.95 E464.04425
G1 X212.556 Y191.266 E464.05778
G1 X211.707 Y192.404 E464.105
G1 X211.377 Y192.896 E464.12471
G1 X211.208 Y193.176 E464.13558
G1 X211 Y193.555 E464.14996
G1 X210.833 Y193.906 E464.16289
G1 X210.712 Y194.229 E464.17436
G1 X210.611 Y194.585 E464.18667
G1 X210.587 Y195.092 E464.20355
G1 X210.664 Y195.42 E464.21476
G1 X210.843 Y195.726 E464.22655
G1 X211.023 Y195.933 E464.23567
G1 X211.276 Y196.1 E464.24576
G1 X211.516 Y196.204 E464.25446
G1 X211.591 Y196.226 E464.25706
G1 F1301.5 X211.918 Y196.373 E464.2708
G1 F1096.9 X211.968 Y196.406 E464.27352
G1 F1067.6 X212.333 Y196.416 E464.29059
G1 F1096.9 X212.659 Y196.398 E464.30544
G1 F1111.1 X213.011 Y196.354 E464.32137
G1 F1102.9 X213.375 Y196.254 E464.33844
G1 F1067.6 X213.808 Y196.077 E464.3603
G1 F1027.4 X214.106 Y195.896 E464.37723
G1 F995 X214.439 Y195.646 E464.39811
G1 F961.5 X215.009 Y195.079 E464.43982
G1 F928.8 X215.469 Y194.517 E464.47884
G1 F920.2 X215.984 Y193.818 E464.52591
G1 F928.8 X216.306 Y193.36 E464.55598
G1 F990.1 X217.269 Y191.933 E464.64273
G1 F1085 X217.588 Y191.426 E464.67027
G1 F1153.8 X217.986 Y190.734 E464.70479
G1 F1212.1 X218.302 Y190.13 E464.73284
G1 F1232 X218.443 Y189.819 E464.74667
G1 F1214.6 X218.64 Y189.324 E464.76855
G1 F1176.5 X218.743 Y189.003 E464.78285
G1 F1276.6 X218.755 Y188.671 E464.79583
G1 F1459.9 X218.749 Y188.647 E464.79668
G1 F1496.3 X218.768 Y188.371 E464.8059
G1 F1500 X218.784 Y187.801 E464.82487
G1 X218.728 Y187.305 E464.84147
G1 X218.533 Y186.624 E464.86503
G1 X218.185 Y186.025 E464.88807
G1 X217.749 Y185.506 E464.91062
G1 X217.335 Y185.164 E464.92848
G1 X216.837 Y184.851 E464.94804
G1 X216.279 Y184.62 E464.96813
G1 X215.702 Y184.474 E464.98792
G1 X215.097 Y184.432 E465.00809
G1 X214.561 Y184.451 E465.02593
G1 X214.949 Y183.55 E465.05856
G1 X215.36 Y182.425 E465.0984
G1 X215.683 Y181.422 E465.13344
G1 X216.243 Y179.591 E465.19713
G1 X216.483 Y178.942 E465.22014
G1 X216.615 Y178.692 E465.22955
G1 X216.914 Y179.312 E465.25244
G1 X217.191 Y179.974 E465.27631
G1 X217.969 Y182.067 E465.35058
G1 X219.161 Y185.509 E465.47173
G1 X219.453 Y186.41 E465.50323
G1 X219.598 Y186.919 E465.52083
G1 X219.7 Y187.392 E465.53693
G1 X219.708 Y187.79 E465.55017
G1 X219.667 Y188.126 E465.56142
G1 X219.481 Y188.724 E465.58225
G1 F1304.3 X219.239 Y189.146 E465.60086
G1 F1176.5 X219.118 Y189.474 E465.61569
G1 F1214.6 X218.74 Y190.344 E465.65465
G1 X218.438 Y190.949 E465.68243
G1 F1132.1 X217.9 Y191.981 E465.73371
G1 F1005 X217.026 Y193.431 E465.81776
G1 F937.5 X216.841 Y193.717 E465.83588
G1 F923.1 X216.232 Y194.592 E465.8935
G1 F914.6 X215.991 Y194.915 E465.91549
G1 F920.2 X215.677 Y195.291 E465.94204
G1 F934.6 X215.294 Y195.7 E465.97195
G1 F950.9 X214.997 Y195.978 E465.9933
G1 F974 X214.679 Y196.225 E466.01392
G1 F1000 X214.447 Y196.381 E466.02787
G1 F1020.4 X214.142 Y196.552 E466.04497
G1 F1045.3 X213.844 Y196.678 E466.06041
G1 F1073.3 X213.558 Y196.771 E466.07439
G1 F1100.9 X213.183 Y196.865 E466.09191
G1 F1111.1 X212.71 Y196.936 E466.11338
G1 F1098.9 X212.395 Y196.964 E466.12774
G1 F1069.5 X211.969 Y196.978 E466.14762
G1 F1234.6 X211.486 Y197.072 E466.16751
G1 F1500 X211.125 Y197.06 E466.17952
G1 X210.596 Y197.021 E466.19716
G1 X209.735 Y196.922 E466.22599
G1 X209.204 Y196.817 E466.24399
G1 X208.78 Y196.694 E466.25868
G1 X208.378 Y196.541 E466.27298
G1 X208.188 Y196.41 E466.28066
G1 F1507.5 X208.141 Y196.355 E466.28305
G0 F9000 X208.16 Y195.715
G1 F1500 X208.992 Y196.547 E466.32219
G0 F9000 X209.727 Y196.716
G1 F1500 X208.233 Y195.222 E466.39246
G0 F9000 X208.365 Y194.789
G1 F1500 X210.371 Y196.794 E466.48679
G0 F9000 X210.991 Y196.849
G1 F1500 X208.529 Y194.387 E466.6026
G0 F9000 X208.715 Y194.007
G1 F1500 X211.554 Y196.847 E466.73616
G0 F9000 X211.801 Y196.023
G0 X210.851 Y195.069
G0 X210.387 Y195.113
G1 F1500 X208.906 Y193.633 E466.8058
G0 F9000 X209.116 Y193.276
G1 F1500 X210.408 Y194.569 E466.86659
G0 F9000 X210.537 Y194.132
G1 F1500 X209.331 Y192.926 E466.92332
G0 F9000 X209.556 Y192.585
G1 F1500 X210.698 Y193.727 E466.97704
G0 F9000 X210.886 Y193.35
G1 F1500 X209.784 Y192.248 E467.02887
G0 F9000 X210.018 Y191.916
G1 F1500 X211.089 Y192.987 E467.07925
G0 F9000 X211.308 Y192.641
G1 F1500 X210.252 Y191.584 E467.12894
G0 F9000 X210.489 Y191.255
G1 F1500 X211.536 Y192.303 E467.17821
G0 F9000 X211.777 Y191.978
G1 F1500 X210.727 Y190.928 E467.2276
G0 F9000 X210.965 Y190.6
G1 F1500 X212.018 Y191.654 E467.27716
G0 F9000 X212.26 Y191.33
G1 F1500 X211.203 Y190.273 E467.32687
G0 F9000 X211.441 Y189.945
G1 F1500 X212.507 Y191.011 E467.37702
G0 F9000 X212.794 Y190.732
G1 F1500 X211.679 Y189.618 E467.42944
G1 F2400 E466.92944
G0 F9000 X211.309 Y189.352
G0 X212.174 Y188.388
G0 X212.75 Y189.541
G0 X213.271 Y190.12
G0 X213.955 Y190.594
G0 X214.951 Y191.009
G0 X215.89 Y190.89
G0 X216.674 Y190.595
G0 X217.293 Y190.169
G0 X217.74 Y189.681
G0 X218.038 Y189.195
G0 X218.271 Y188.218
G0 X218.237 Y187.431
G0 X218.051 Y186.806
G0 X217.754 Y186.298
G0 X217.377 Y185.856
G0 X216.761 Y185.418
G0 X215.331 Y184.707
G0 X215.361 Y184.248
G1 F2400 E467.42944
G1 F1500 X215.016 Y183.904 E467.44564
G0 F9000 X215.179 Y183.501
G1 F1500 X216.033 Y184.355 E467.48581
G0 F9000 X216.906 Y184.662
G1 F1500 X215.33 Y183.086 E467.55994
G0 F9000 X215.482 Y182.673
G1 F1500 X219.255 Y186.445 E467.73739
G0 F9000 X218.632 Y186.388
G1 F1500 X219.458 Y187.214 E467.77624
G0 F9000 X218.917 Y187.239
G1 F1500 X219.503 Y187.825 E467.8038
G0 F9000 X219.405 Y188.293
G1 F1500 X218.98 Y187.868 E467.8238
G0 F9000 X218.966 Y188.419
G1 F1500 X219.261 Y188.714 E467.83767
G1 F2400 E467.33767
G0 F9000 X218.19 Y189.643
G0 X218.34 Y186.682
G0 X216.221 Y184.811
G0 X214.263 Y184.673
G0 X216.297 Y178.874
G0 X216.61 Y178.32
G0 X217.104 Y179.247
G0 X219.421 Y185.464
G0 X218.982 Y185.607
G1 F2400 E467.83767
G1 F1500 X215.626 Y182.25 E467.99555
G0 F9000 X215.763 Y181.822
G1 F1500 X218.686 Y184.744 E468.13302
G0 F9000 X218.386 Y183.879
G1 F1500 X215.899 Y181.393 E468.24997
G0 F9000 X216.032 Y180.96
G1 F1500 X218.085 Y183.013 E468.34654
G0 F9000 X217.785 Y182.147
G1 F1500 X216.165 Y180.527 E468.42274
G0 F9000 X216.298 Y180.094
G1 F1500 X217.451 Y181.247 E468.47697
G0 F9000 X217.116 Y180.347
G1 F1500 X216.643 Y179.873 E468.49925
G1 X216.642 Y179.872
G1 X216.431 Y179.661 E468.50917
G0 F9000 X216.735 Y179.399
G1 F1500 X216.583 Y179.247 E468.51632
G1 F2400 E468.01632
;MESH:NONMESH
G0 F300 Z6.8
G0 F9000 X216.154 Y179.087
G0 X213.864 Y185.106
G0 X214.667 Y184.957
G0 X215.61 Y184.98
G0 X216.149 Y185.118
G0 X216.996 Y185.546
G0 X217.377 Y185.856
G0 X217.754 Y186.298
G0 X218.051 Y186.806
G0 X218.237 Y187.431
G0 X218.271 Y188.218
G0 X218.038 Y189.195
G0 X217.527 Y189.942
G0 X217.03 Y190.377
G0 X216.369 Y190.736
G0 X215.89 Y190.89
G0 X214.951 Y191.009
G0 X213.955 Y190.594
G0 X213.271 Y190.12
G0 X212.75 Y189.541
G0 X211.874 Y188.11
G0 X208.432 Y193.682
G0 X208.031 Y194.531
G0 X207.79 Y195.379
G0 X207.761 Y195.708
G0 X207.904 Y196.478
G0 X208.223 Y196.208
;TIME_ELAPSED:754.369944
;LAYER:33
;TYPE:WALL-INNER
;MESH:Rock Wall Hold Knob 1.stl
G1 F2400 E468.51632
G1 F1503.8 X208.458 Y196.597 E468.5314
G1 F1500 X208.823 Y196.815 E468.54554
G1 X209.107 Y196.944 E468.55591
G1 X209.524 Y197.067 E468.57037
G1 X210.33 Y197.216 E468.59764
G1 X211.041 Y197.281 E468.62138
G1 X211.555 Y197.304 E468.63849
G1 X212.001 Y197.3 E468.65333
G1 X212.622 Y197.258 E468.67403
G1 X213.055 Y197.203 E468.68855
G1 X213.517 Y197.111 E468.70422
G1 X213.793 Y197.035 E468.71374
G1 X214.165 Y196.906 E468.72683
G1 X214.589 Y196.69 E468.74266
G1 X214.836 Y196.532 E468.75241
G1 X215.099 Y196.34 E468.76324
G1 X215.438 Y196.041 E468.77828
G1 X215.701 Y195.781 E468.79058
G1 X216.027 Y195.418 E468.80681
G1 X216.366 Y195 E468.82471
G1 X216.884 Y194.273 E468.8544
G1 X217.281 Y193.663 E468.8786
G1 X217.727 Y192.91 E468.90771
G1 X218.16 Y192.137 E468.93718
G1 X218.456 Y191.583 E468.95807
G1 X218.996 Y190.476 E468.99904
G1 X219.322 Y189.747 E469.0256
G1 X219.489 Y189.345 E469.04008
G1 X219.764 Y188.606 E469.0663
G1 X219.868 Y188.204 E469.08011
G1 X219.904 Y187.915 E469.0898
G1 X219.899 Y187.475 E469.10443
G1 X219.791 Y186.943 E469.12249
G1 X219.704 Y186.624 E469.13349
G1 X219.412 Y185.732 E469.1647
G1 X218.521 Y183.25 E469.25241
G1 X218.031 Y181.95 E469.29862
G1 X217.725 Y181.184 E469.32606
G1 X217.25 Y180.114 E469.36499
G1 X217.082 Y179.802 E469.37678
G1 X216.908 Y179.525 E469.38766
G1 X216.742 Y179.337 E469.396
G1 X216.612 Y179.494 E469.40278
G1 X216.384 Y179.914 E469.41868
G1 X216.074 Y180.679 E469.44613
G1 X215.536 Y182.235 E469.50089
G1 X215.233 Y183.06 E469.53012
G1 X214.952 Y183.762 E469.55527
G1 X214.577 Y184.639 E469.58699
G1 X215.093 Y184.664 E469.60418
G1 X215.402 Y184.705 E469.61454
G1 X215.77 Y184.774 E469.627
G1 X216.106 Y184.869 E469.63861
G1 X216.569 Y185.049 E469.65513
G1 X217.025 Y185.323 E469.67283
G1 X217.426 Y185.64 E469.68983
G1 X217.788 Y186.025 E469.7074
G1 X218.076 Y186.477 E469.72523
G1 X218.253 Y186.852 E469.73902
G1 X218.363 Y187.181 E469.75056
G1 X218.44 Y187.584 E469.76421
G1 X218.472 Y188.05 E469.77974
G1 X218.389 Y188.688 E469.80114
G1 X218.185 Y189.29 E469.82228
G1 X217.882 Y189.781 E469.84147
G1 X217.574 Y190.144 E469.85731
G1 X217.241 Y190.454 E469.87244
G1 X216.793 Y190.729 E469.88992
G1 X216.492 Y190.876 E469.90106
G1 X216.042 Y191.041 E469.91701
G1 X215.324 Y191.124 E469.94105
G1 X214.805 Y191.068 E469.95841
G1 X214.169 Y190.909 E469.98021
G1 X213.529 Y190.565 E470.00438
G1 X213.245 Y190.357 E470.01609
G1 X212.845 Y190.001 E470.0339
G1 X212.541 Y189.649 E470.04937
G1 X212.249 Y189.251 E470.06578
G1 X212.022 Y188.912 E470.07935
G1 X210.006 Y191.629 E470.19188
G1 X209.614 Y192.188 E470.21459
G1 X209.236 Y192.768 E470.23762
G1 X208.941 Y193.255 E470.25655
G1 X208.668 Y193.759 E470.27562
G1 X208.473 Y194.175 E470.2909
G1 X208.295 Y194.645 E470.30761
G1 X208.197 Y194.99 E470.31954
G1 X208.135 Y195.322 E470.33078
G1 X208.122 Y195.717 E470.34392
G1 X208.194 Y196.16 E470.35885
G1 F1503.8 X208.223 Y196.208 E470.36071
G0 F9000 X207.989 Y196.626
;TYPE:WALL-OUTER
G1 F1503.8 X208.048 Y196.741 E470.365
G1 F1500 X208.327 Y196.985 E470.37732
G1 X208.637 Y197.17 E470.38933
G1 X208.967 Y197.32 E470.40139
G1 X209.431 Y197.457 E470.41748
G1 X210.276 Y197.613 E470.44606
G1 X211.014 Y197.68 E470.47071
G1 X211.548 Y197.704 E470.48849
G1 X212.016 Y197.7 E470.50405
G1 X212.66 Y197.656 E470.52552
G1 X213.119 Y197.598 E470.54091
G1 X213.609 Y197.501 E470.55752
G1 X213.912 Y197.417 E470.56798
G1 X214.321 Y197.275 E470.58238
G1 X214.788 Y197.038 E470.5998
G1 X215.062 Y196.862 E470.61063
G1 X215.35 Y196.652 E470.62249
G1 X215.711 Y196.333 E470.63851
G1 X215.991 Y196.057 E470.65158
G1 X216.331 Y195.678 E470.66852
G1 X216.684 Y195.242 E470.68718
G1 X217.214 Y194.499 E470.71753
G1 X217.602 Y193.906 E470.7411
G1 X218.075 Y193.106 E470.77201
G1 X218.512 Y192.327 E470.80172
G1 X218.816 Y191.759 E470.82315
G1 X219.361 Y190.64 E470.86455
G1 X219.691 Y189.901 E470.89147
G1 X219.862 Y189.489 E470.9063
G1 X220.148 Y188.722 E470.93353
G1 X220.262 Y188.278 E470.94878
G1 X220.304 Y187.937 E470.9602
G1 X220.3 Y187.561 E470.97271
G1 X220.27 Y187.291 E470.98174
G1 X220.181 Y186.851 E470.99668
G1 X220.1 Y186.551 E471.00701
G1 X219.788 Y185.597 E471.04039
G1 X218.895 Y183.109 E471.12831
G1 X218.403 Y181.802 E471.17476
G1 X218.093 Y181.026 E471.20256
G1 X217.608 Y179.937 E471.24221
G1 X217.422 Y179.591 E471.25527
G1 X217.241 Y179.302 E471.26661
G1 X217.064 Y179.088 E471.27585
G1 X216.868 Y178.918 E471.28448
G1 X216.721 Y178.897 E471.28942
G1 X216.48 Y179.026 E471.29851
G1 X216.284 Y179.264 E471.30877
G1 X216.136 Y179.512 E471.31837
G1 X216.019 Y179.75 E471.32719
G1 X215.69 Y180.566 E471.35646
G1 X215.16 Y182.097 E471.41034
G1 X214.862 Y182.911 E471.43917
G1 X214.584 Y183.604 E471.46401
G1 X214.227 Y184.436 E471.49412
G1 X214.084 Y184.816 E471.50762
G1 X214.098 Y184.962 E471.5125
G1 X214.351 Y185.029 E471.52121
G1 X215.042 Y185.061 E471.54421
G1 X215.332 Y185.099 E471.55394
G1 X215.662 Y185.159 E471.5651
G1 X215.981 Y185.249 E471.57612
G1 X216.398 Y185.411 E471.591
G1 X216.836 Y185.678 E471.60806
G1 X217.134 Y185.914 E471.62071
G1 X217.48 Y186.286 E471.6376
G1 X217.716 Y186.652 E471.65209
G1 X217.874 Y186.98 E471.6642
G1 X217.977 Y187.287 E471.67497
G1 X218.046 Y187.65 E471.68726
G1 X218.071 Y188.056 E471.70079
G1 X217.99 Y188.62 E471.71974
G1 X217.819 Y189.126 E471.7375
G1 X217.544 Y189.565 E471.75473
G1 X217.301 Y189.851 E471.76721
G1 X217.009 Y190.123 E471.78049
G1 X216.614 Y190.371 E471.796
G1 X216.354 Y190.5 E471.80565
G1 X215.971 Y190.641 E471.81923
G1 X215.304 Y190.72 E471.84157
G1 X214.871 Y190.674 E471.85605
G1 X214.306 Y190.529 E471.87545
G1 X213.765 Y190.242 E471.89582
G1 X213.467 Y190.023 E471.90812
G1 X213.167 Y189.759 E471.92141
G1 X212.834 Y189.374 E471.93834
G1 X212.581 Y189.028 E471.9526
G1 X212.224 Y188.496 E471.97391
G1 X212.089 Y188.368 E471.98009
G1 X211.945 Y188.394 E471.98496
G1 X211.673 Y188.705 E471.9987
G1 X209.679 Y191.399 E472.11018
G1 X209.282 Y191.964 E472.13315
G1 X208.87 Y192.599 E472.15832
G1 X208.594 Y193.056 E472.17608
G1 X208.311 Y193.579 E472.19586
G1 X208.105 Y194.019 E472.21202
G1 X207.915 Y194.519 E472.22981
G1 X207.807 Y194.898 E472.24291
G1 X207.736 Y195.278 E472.25577
G1 X207.721 Y195.743 E472.27125
G1 X207.78 Y196.107 E472.28351
G1 X207.859 Y196.373 E472.29274
G1 F1503.8 X207.989 Y196.626 E472.30218
G1 F2400 E471.80218
G0 F9000 X208.487 Y196.44
G0 X208.345 Y196.092
G0 X208.295 Y195.34
G0 X208.622 Y194.238
G0 X209.35 Y192.889
G0 X210.157 Y191.693
G0 X212.011 Y189.216
G0 X214.113 Y191.06
G0 X214.853 Y191.25
G0 X215.004 Y192.018
G0 X212.583 Y194.464
G0 X212.566 Y194.473
;TYPE:FILL
G1 F2400 E472.30218
G1 F750 X215.621 Y191.418 E472.3884
G0 F9000 X215.093 Y191.38
G1 F750 X214.768 Y191.705 E472.39757
G0 F9000 X214.464 Y192.009
G1 F750 X212.67 Y193.803 E472.4482
G0 F9000 X213.126 Y194.479
G1 F750 X214.829 Y192.776 E472.49626
G0 F9000 X214.814 Y192.764
G0 X213.96 Y191.965
G0 X213.962 Y191.946
G1 F750 X213.595 Y192.313 E472.50662
G1 F2400 E472.00662
G0 F9000 X213.608 Y192.326
G0 X214.823 Y192.283
G0 X214.853 Y191.25
G0 X212.38 Y189.704
G0 X212.011 Y189.216
G0 X209.746 Y192.278
G0 X208.812 Y193.831
G0 X208.354 Y195.027
G0 X208.284 Y195.706
G0 X208.487 Y196.44
G0 X208.489 Y195.736
;TYPE:SKIN
G1 F2400 E472.50662
G1 F1500 X208.481 Y195.69 E472.50817
G1 X208.492 Y195.359 E472.51919
G1 X208.543 Y195.086 E472.52842
G1 X208.639 Y194.743 E472.54027
G1 X208.809 Y194.303 E472.55596
G1 X208.983 Y193.931 E472.56962
G1 X209.254 Y193.428 E472.58862
G1 X209.514 Y192.999 E472.60531
G1 X209.891 Y192.415 E472.62843
G1 X210.306 Y191.826 E472.65239
G1 X212.008 Y189.525 E472.74758
G1 X212.22 Y189.824 E472.75977
G1 X212.568 Y190.231 E472.77758
G1 X212.975 Y190.601 E472.79588
G1 X213.36 Y190.889 E472.81187
G1 F1442.3 X214.055 Y191.265 E472.8392
G1 F1428.6 X214.608 Y191.394 E472.85903
G1 F1467 X214.491 Y191.764 E472.87223
G1 F1442.3 X213.885 Y191.681 E472.89339
G1 F1456.3 X213.71 Y191.768 E472.90008
G1 F1500 X213.318 Y192.268 E472.92122
G1 X213.096 Y192.58 E472.93395
G1 X212.779 Y193.071 E472.95339
G1 X212.577 Y193.429 E472.96706
G1 X212.395 Y193.805 E472.98096
G1 X212.304 Y194.191 E472.99415
G1 X212.305 Y194.505 E473.00459
G1 X212.342 Y194.598 E473.00792
G1 X212.512 Y194.738 E473.01524
G1 X212.799 Y194.788 E473.02493
G1 X213.24 Y194.694 E473.03993
G1 X213.615 Y194.474 E473.05439
G1 X214.054 Y194.094 E473.0737
G1 X214.511 Y193.568 E473.09688
G1 X214.793 Y193.218 E473.11183
G1 X215.128 Y192.778 E473.13022
G1 X215.191 Y192.676 E473.13421
G1 X215.888 Y191.733 E473.17321
G1 X215.912 Y191.625 E473.17689
G1 X215.869 Y191.422 E473.18379
G1 X216.154 Y191.384 E473.19336
G1 X216.635 Y191.205 E473.21043
G1 X216.943 Y191.057 E473.22179
G1 X217.446 Y190.747 E473.24144
G1 F1333.3 X218.189 Y190.054 E473.27946
G1 F1260.5 X218.512 Y189.502 E473.30477
G1 F1293.1 X218.781 Y188.751 E473.33555
G1 F1176.5 X218.903 Y188.063 E473.36518
G1 F1081.1 X218.889 Y187.591 E473.38697
G1 F1063.8 X218.786 Y187.061 E473.41229
G1 X218.662 Y186.685 E473.43086
G1 F1034.5 X218.49 Y186.28 E473.45208
G1 F1098.9 X218.369 Y186.175 E473.45935
G1 F1336.3 X218.063 Y185.792 E473.47766
G1 F1500 X217.67 Y185.371 E473.49681
G1 X217.309 Y185.083 E473.51217
G1 X216.717 Y184.722 E473.53523
G1 X216.054 Y184.461 E473.55893
G1 X215.493 Y184.355 E473.57792
G1 X215.106 Y184.304 E473.5909
G1 X215.284 Y183.901 E473.60556
G1 X215.537 Y183.267 E473.62826
G1 X215.872 Y182.353 E473.66064
G1 X216.401 Y180.836 E473.71407
G1 X216.754 Y179.953 E473.7457
G1 X216.918 Y180.261 E473.75731
G1 X217.324 Y181.151 E473.78985
G1 X217.69 Y182.068 E473.82268
G1 X218.151 Y183.296 E473.86631
G1 X218.915 Y185.414 E473.9412
G1 F1336.3 X219.027 Y185.867 E473.95862
G1 F1098.9 X219.041 Y186.065 E473.96763
G1 F1036.3 X219.276 Y186.74 E474.00204
G1 F1061.9 X219.36 Y187.044 E474.01686
G1 F1060.1 X219.453 Y187.519 E474.03964
G1 F1083 X219.468 Y188.006 E474.06208
G1 F1129.9 X219.365 Y188.46 E474.08264
G1 F1207.2 X219.192 Y189.025 E474.10706
G1 F1298.7 X218.943 Y189.643 E474.13265
G1 F1263.2 X218.618 Y190.307 E474.16185
G1 F1333.3 X218.437 Y190.797 E474.1814
G1 F1500 X218.138 Y191.416 E474.20426
G1 X217.408 Y192.742 E474.25461
G1 X216.982 Y193.456 E474.28226
G1 X216.602 Y194.045 E474.30557
G1 X216.084 Y194.77 E474.33521
G1 X215.755 Y195.178 E474.35264
G1 X215.467 Y195.5 E474.36701
G1 X215.183 Y195.781 E474.3803
G1 X214.87 Y196.055 E474.39413
G1 X214.626 Y196.235 E474.40422
G1 X214.404 Y196.378 E474.413
G1 X214.026 Y196.571 E474.42712
G1 X213.681 Y196.688 E474.43923
G1 X213.433 Y196.757 E474.4478
G1 X212.999 Y196.842 E474.4625
G1 X212.583 Y196.897 E474.47646
G1 X211.975 Y196.94 E474.49673
G1 X211.569 Y196.944 E474.51024
G1 X211.058 Y196.92 E474.52725
G1 X210.38 Y196.857 E474.5499
G1 X209.602 Y196.713 E474.57622
G1 X209.234 Y196.607 E474.58895
G1 X208.998 Y196.498 E474.5976
G1 X208.781 Y196.369 E474.606
G1 X208.633 Y196.217 E474.61305
G1 X208.537 Y196.028 E474.6201
G1 X208.489 Y195.736 E474.62995
G1 F2400 E474.12995
G0 F9000 X208.487 Y196.44
G0 X208.345 Y196.092
G0 X208.295 Y195.34
G0 X208.622 Y194.238
G0 X209.35 Y192.889
G0 X210.157 Y191.693
G0 X212.011 Y189.216
G0 X214.113 Y191.06
G0 X214.853 Y191.25
G0 X215.08 Y191.775
G0 X213.832 Y193.937
G0 X214.16 Y194.265
G1 F2400 E474.62995
G1 F1500 X211.682 Y196.743 E474.7465
G0 F9000 X211.137 Y196.722
G1 F1500 X212.88 Y194.979 E474.82849
G0 F9000 X212.397 Y194.896
G1 F1500 X210.615 Y196.678 E474.91231
G0 F9000 X210.121 Y196.607
G1 F1500 X212.123 Y194.605 E475.00648
G0 F9000 X212.14 Y194.022
G1 F1500 X209.644 Y196.518 E475.12388
G0 F9000 X209.221 Y196.376
G1 F1500 X212.581 Y193.015 E475.28195
G0 F9000 X212.984 Y193.238
G0 X213.913 Y193.856
G0 X214.241 Y194.184
G1 F1500 X217.441 Y190.984 E475.43247
G0 F9000 X218.234 Y190.756
G1 F1500 X212.272 Y196.719 E475.71292
G0 F9000 X212.903 Y196.653
G1 F1500 X217.626 Y191.931 E475.93506
G0 F9000 X218.033 Y192.159
G0 X219.339 Y189.287
G0 X219.71 Y188.174
G0 X219.738 Y187.487
G0 X219.552 Y186.675
G0 X217.883 Y182.01
G0 X216.951 Y179.898
G0 X216.751 Y179.615
G0 X216.528 Y179.986
G0 X214.844 Y184.457
G0 X217.544 Y185.531
G0 X218.633 Y188.056
G0 X217.339 Y190.582
G0 X215.64 Y191.261
G0 X215.648 Y191.627
G0 X216.325 Y191.534
G1 F1500 X216.072 Y191.787 E475.94696
G1 F2400 E475.44696
G0 F9000 X215.648 Y191.627
G0 X215.64 Y191.261
G0 X217.991 Y189.904
G0 X218.518 Y187.137
G0 X216.637 Y184.903
G0 X214.844 Y184.457
G0 X216.528 Y179.986
G0 X216.751 Y179.615
G0 X217.101 Y180.177
G0 X217.883 Y182.01
G0 X219.552 Y186.675
G0 X219.738 Y187.487
G0 X219.71 Y188.174
G0 X219.173 Y189.685
G0 X218.519 Y191.033
G0 X217.268 Y193.488
G0 X216.871 Y193.251
G1 F2400 E475.94696
G1 F1500 X213.626 Y196.496 E476.09959
G1 F2400 E475.59959
G0 F9000 X213.777 Y196.934
G0 X211.994 Y197.139
G0 X210.353 Y197.057
G0 X209.283 Y196.819
G0 X208.527 Y196.481
G0 X208.87 Y196.161
G1 F2400 E476.09959
G1 F1500 X213.713 Y191.318 E476.32739
G0 F9000 X213.353 Y191.113
G1 F1500 X208.697 Y195.768 E476.54637
G0 F9000 X208.732 Y195.167
G1 F1500 X213.017 Y190.882 E476.74792
G0 F9000 X212.707 Y190.627
G1 F1500 X209.03 Y194.304 E476.92088
G0 F9000 X208.616 Y194.11
G0 X209.34 Y192.795
G0 X209.723 Y193.045
G1 F1500 X212.411 Y190.357 E477.04731
G0 F9000 X212.151 Y190.051
G1 F1500 X211.061 Y191.141 E477.09859
G1 F2400 E476.59859
G0 F9000 X210.693 Y190.868
G0 X212.225 Y188.943
G0 X212.983 Y189.929
G0 X213.651 Y190.462
G0 X214.224 Y190.768
G0 X215.318 Y190.977
G0 X216.008 Y190.891
G0 X216.746 Y190.588
G0 X217.146 Y190.336
G0 X217.751 Y189.708
G0 X218.045 Y189.242
G0 X218.242 Y188.659
G0 X218.393 Y187.789
G0 X218.104 Y186.875
G0 X217.671 Y186.117
G0 X216.97 Y185.467
G0 X216.71 Y185.309
G0 X214.928 Y184.544
G0 X215.74 Y184.2
G1 F2400 E477.09859
G1 F1500 X217.584 Y182.356 E477.18532
G0 F9000 X217.426 Y181.948
G1 F1500 X215.518 Y183.856 E477.27507
G0 F9000 X216.201 Y184.305
G1 F1500 X217.738 Y182.767 E477.34739
G0 F9000 X217.893 Y183.178
G1 F1500 X216.604 Y184.467 E477.40802
G0 F9000 X216.986 Y184.651
G1 F1500 X218.045 Y183.592 E477.45783
G0 F9000 X218.195 Y184.008
G1 F1500 X217.336 Y184.867 E477.49823
G0 F9000 X217.66 Y185.108
G1 F1500 X218.345 Y184.423 E477.53045
G0 F9000 X218.495 Y184.838
G1 F1500 X217.951 Y185.383 E477.55607
G0 F9000 X218.222 Y185.678
G1 F1500 X218.645 Y185.254 E477.57599
G0 F9000 X218.757 Y185.708
G1 F1500 X218.502 Y185.963 E477.58798
G1 F2400 E477.08798
G0 F9000 X218.049 Y186.25
G0 X215.815 Y184.619
G0 X214.844 Y184.457
G0 X215.443 Y182.78
G0 X215.871 Y182.937
G1 F2400 E477.58798
G1 F1500 X217.265 Y181.543 E477.65355
G0 F9000 X217.104 Y181.139
G1 F1500 X216.188 Y182.055 E477.69664
G0 F9000 X216.491 Y181.186
G1 F1500 X216.587 Y181.09 E477.70115
G1 X216.588 Y181.089
G1 X216.923 Y180.753 E477.71693
G1 F2400 E477.21693
;MESH:NONMESH
G0 F300 Z7
G0 F9000 X217.344 Y180.563
G0 X216.751 Y179.615
G0 X216.528 Y179.986
G0 X214.713 Y184.801
G0 X215.707 Y184.916
G0 X216.512 Y185.189
G0 X217.296 Y185.72
G0 X217.671 Y186.117
G0 X218.104 Y186.875
G0 X218.393 Y187.789
G0 X218.242 Y188.659
G0 X218.045 Y189.242
G0 X217.49 Y190.017
G0 X217.146 Y190.336
G0 X216.466 Y190.726
G0 X216.008 Y190.891
G0 X215.318 Y190.977
G0 X214.224 Y190.768
G0 X213.32 Y190.224
G0 X212.644 Y189.535
G0 X212.182 Y188.876
G0 X209.35 Y192.889
G0 X208.76 Y193.982
G0 X208.263 Y195.185
G0 X208.746 Y195.276
;TIME_ELAPSED:776.387613
;LAYER:34
;note -- min layer time used
;TYPE:WALL-INNER
;MESH:Rock Wall Hold Knob 1.stl
G1 F2400 E477.71693
G1 F1455.6 X208.744 Y195.293 E477.7175
G1 X208.741 Y195.591 E477.72741
G1 X208.799 Y195.877 E477.73712
G1 X208.916 Y196.188 E477.74817
G1 X209.037 Y196.395 E477.75615
G1 X209.235 Y196.577 E477.76509
G1 X209.467 Y196.73 E477.77433
G1 X209.782 Y196.85 E477.78555
G1 X210.135 Y196.951 E477.79776
G1 X210.762 Y197.068 E477.81897
G1 X211.392 Y197.124 E477.84001
G1 X212.041 Y197.136 E477.8616
G1 X212.412 Y197.117 E477.87395
G1 X212.989 Y197.054 E477.89326
G1 X213.286 Y196.997 E477.90332
G1 X213.591 Y196.925 E477.91374
G1 X213.873 Y196.838 E477.92356
G1 X214.237 Y196.688 E477.93665
G1 X214.616 Y196.468 E477.95123
G1 X215.018 Y196.178 E477.96771
G1 X215.477 Y195.737 E477.98888
G1 X215.723 Y195.466 E478.00106
G1 X216.052 Y195.072 E478.01813
G1 X216.404 Y194.615 E478.03732
G1 X216.683 Y194.219 E478.05343
G1 X217.199 Y193.429 E478.08481
G1 X218.055 Y191.976 E478.1409
G1 X218.51 Y191.12 E478.17314
G1 X219.041 Y190.014 E478.21395
G1 X219.221 Y189.582 E478.22951
G1 X219.421 Y189.058 E478.24817
G1 X219.598 Y188.508 E478.26739
G1 X219.669 Y188.086 E478.28162
G1 X219.678 Y187.707 E478.29423
G1 X219.59 Y187.17 E478.31233
G1 X219.41 Y186.53 E478.33444
G1 X218.973 Y185.295 E478.37801
G1 X218.291 Y183.575 E478.43955
G1 X217.862 Y182.59 E478.47529
G1 X217.533 Y181.897 E478.5008
G1 X217.368 Y181.591 E478.51236
G1 X217.151 Y181.225 E478.52652
G1 X216.905 Y180.912 E478.53976
G1 X216.738 Y181.116 E478.54853
G1 X216.546 Y181.442 E478.56111
G1 X216.362 Y181.828 E478.57533
G1 X215.242 Y184.463 E478.67056
G1 X215.902 Y184.663 E478.6935
G1 X216.264 Y184.799 E478.70636
G1 X216.664 Y184.99 E478.7211
G1 X217.178 Y185.304 E478.74114
G1 X217.552 Y185.647 E478.75801
G1 X217.839 Y185.957 E478.77207
G1 X218.183 Y186.473 E478.79269
G1 X218.437 Y187.108 E478.81544
G1 X218.525 Y187.748 E478.83693
G1 X218.524 Y188.346 E478.85681
G1 X218.391 Y188.88 E478.87512
G1 X218.277 Y189.2 E478.88642
G1 X218.051 Y189.63 E478.90257
G1 X217.791 Y190.01 E478.91789
G1 X217.297 Y190.484 E478.94066
G1 X216.774 Y190.815 E478.96124
G1 X216.332 Y190.996 E478.97713
G1 X215.953 Y191.101 E478.99021
G1 X215.503 Y191.161 E479.00531
G1 X214.926 Y191.152 E479.0245
G1 X214.348 Y191.017 E479.04425
G1 X214 Y190.889 E479.05658
G1 X213.546 Y190.657 E479.07354
G1 X213.107 Y190.365 E479.09107
G1 X212.791 Y190.1 E479.10479
G1 X212.172 Y189.524 E479.13291
G1 X211.9 Y189.856 E479.14719
G1 X210.628 Y191.548 E479.21759
G1 X210.17 Y192.186 E479.24371
G1 X209.841 Y192.677 E479.26337
G1 X209.545 Y193.158 E479.28216
G1 X209.401 Y193.412 E479.29187
G1 X209.188 Y193.832 E479.30753
G1 X208.996 Y194.276 E479.32362
G1 X208.874 Y194.621 E479.33579
G1 X208.776 Y195.042 E479.35017
G1 X208.746 Y195.276 E479.35801
G0 F9000 X208.396 Y195.901
;TYPE:WALL-OUTER
G1 F1455.6 X208.413 Y195.988 E479.36096
G1 X208.554 Y196.361 E479.37422
G1 X208.722 Y196.649 E479.38531
G1 X208.988 Y196.893 E479.39732
G1 X209.284 Y197.088 E479.40911
G1 X209.656 Y197.23 E479.42235
G1 X210.043 Y197.341 E479.43574
G1 X210.708 Y197.465 E479.45824
G1 X211.368 Y197.524 E479.48028
G1 X212.051 Y197.536 E479.503
G1 X212.444 Y197.516 E479.51609
G1 X213.049 Y197.45 E479.53633
G1 X213.449 Y197.372 E479.54989
G1 X213.698 Y197.311 E479.55841
G1 X214.008 Y197.215 E479.56921
G1 X214.415 Y197.048 E479.58384
G1 X214.834 Y196.804 E479.59997
G1 X215.165 Y196.565 E479.61355
G1 X215.374 Y196.39 E479.62261
G1 X215.764 Y196.016 E479.64058
G1 X216.025 Y195.728 E479.65351
G1 X216.364 Y195.322 E479.6711
G1 X216.726 Y194.853 E479.69081
G1 X217.014 Y194.443 E479.70747
G1 X217.538 Y193.641 E479.73934
G1 X218.405 Y192.17 E479.79613
G1 X218.87 Y191.294 E479.82911
G1 X219.401 Y190.19 E479.86986
G1 X219.594 Y189.726 E479.88657
G1 X219.795 Y189.205 E479.90515
G1 X219.989 Y188.601 E479.92625
G1 X220.068 Y188.124 E479.94233
G1 X220.079 Y187.679 E479.95713
G1 X219.988 Y187.114 E479.97617
G1 X219.787 Y186.398 E480.0009
G1 X219.345 Y185.148 E480.045
G1 X218.658 Y183.416 E480.10697
G1 X218.224 Y182.419 E480.14314
G1 X217.91 Y181.756 E480.16754
G1 X217.712 Y181.388 E480.18144
G1 X217.482 Y180.998 E480.1965
G1 X217.209 Y180.652 E480.21116
G1 X217.021 Y180.522 E480.21876
G1 X216.908 Y180.495 E480.22262
G1 X216.721 Y180.546 E480.22907
G1 X216.56 Y180.685 E480.23614
G1 X216.404 Y180.895 E480.24484
G1 X216.193 Y181.254 E480.25869
G1 X215.994 Y181.671 E480.27406
G1 X214.824 Y184.424 E480.37355
G1 X214.801 Y184.62 E480.38012
G1 X214.84 Y184.715 E480.38353
G1 X214.95 Y184.794 E480.38804
G1 X215.765 Y185.039 E480.41634
G1 X216.091 Y185.159 E480.4279
G1 X216.51 Y185.361 E480.44337
G1 X216.947 Y185.635 E480.46052
G1 X217.259 Y185.919 E480.47456
G1 X217.528 Y186.209 E480.48771
G1 X217.815 Y186.641 E480.50496
G1 X218.044 Y187.206 E480.52524
G1 X218.125 Y187.748 E480.54347
G1 X218.119 Y188.325 E480.56266
G1 X218.019 Y188.729 E480.5765
G1 X217.909 Y189.043 E480.58757
G1 X217.684 Y189.463 E480.60341
G1 X217.471 Y189.761 E480.6156
G1 X217.032 Y190.177 E480.63571
G1 X216.602 Y190.451 E480.65267
G1 X216.171 Y190.629 E480.66818
G1 X215.828 Y190.719 E480.67998
G1 X215.506 Y190.761 E480.69078
G1 X214.978 Y190.755 E480.70834
G1 X214.449 Y190.63 E480.72642
G1 X214.123 Y190.506 E480.73802
G1 X213.731 Y190.302 E480.75272
G1 X213.363 Y190.058 E480.7674
G1 X213.063 Y189.807 E480.78041
G1 X212.388 Y189.179 E480.81108
G1 X212.136 Y189.062 E480.82032
G1 X211.942 Y189.173 E480.82775
G1 X211.581 Y189.616 E480.84676
G1 X210.288 Y191.336 E480.91833
G1 X209.841 Y191.958 E480.9438
G1 X209.505 Y192.461 E480.96392
G1 X209.201 Y192.954 E480.98319
G1 X209.049 Y193.223 E480.99346
G1 X208.826 Y193.662 E481.00984
G1 X208.623 Y194.13 E481.02681
G1 X208.489 Y194.509 E481.04018
G1 X208.382 Y194.972 E481.05598
G1 X208.344 Y195.266 E481.06584
G1 X208.341 Y195.629 E481.07792
G1 X208.396 Y195.901 E481.08715
G0 F9000 X208.7 Y195.842
G0 X209.325 Y196.496
G0 X209.636 Y196.407
;TYPE:SKIN
G1 F1455.6 X209.276 Y196.128 E481.10229
G1 X209.1 Y195.664 E481.1188
G1 X209.104 Y195.217 E481.13367
G1 X209.221 Y194.721 E481.15062
G1 X209.331 Y194.405 E481.16175
G1 X209.513 Y193.982 E481.17706
G1 X209.717 Y193.587 E481.19185
G1 X210.137 Y192.876 E481.21931
G1 X210.436 Y192.431 E481.23715
G1 X210.89 Y191.8 E481.263
G1 X212.207 Y190.047 E481.33593
G1 X212.579 Y190.395 E481.35287
G1 X212.958 Y190.7 E481.36905
G1 X213.382 Y190.976 E481.38588
G1 X213.767 Y191.178 E481.40034
G1 X214.249 Y191.362 E481.4175
G1 X214.878 Y191.507 E481.43897
G1 X215.548 Y191.52 E481.46126
G1 X216.021 Y191.455 E481.47714
G1 X216.413 Y191.349 E481.49064
G1 X216.964 Y191.121 E481.51047
G1 X217.504 Y190.777 E481.53177
G1 F1441.2 X218.083 Y190.227 E481.5586
G1 F1492.9 X218.346 Y189.804 E481.57475
G1 F1612.9 X218.58 Y189.337 E481.59043
G1 F1654.1 X218.707 Y188.992 E481.60119
G1 F1582.2 X218.875 Y188.373 E481.62082
G1 F1462.9 X218.89 Y188.029 E481.63221
G1 F1413.2 X218.89 Y187.692 E481.64376
G1 F1455.6 X218.775 Y187.011 E481.66673
G1 F1462.9 X218.515 Y186.32 E481.69116
G1 F1437.7 X218.107 Y185.715 E481.71573
G1 F1455.6 X217.806 Y185.395 E481.73034
G1 X217.413 Y185.029 E481.74821
G1 X216.833 Y184.671 E481.77088
G1 X216.422 Y184.475 E481.78602
G1 X216.032 Y184.325 E481.79992
G1 X215.728 Y184.232 E481.81049
G1 X216.685 Y181.984 E481.89175
G1 X216.914 Y181.504 E481.90944
G1 X217.213 Y182.061 E481.93047
G1 X217.529 Y182.725 E481.95493
G1 X217.949 Y183.695 E481.99008
G1 X218.686 Y185.544 E482.05629
G1 X219.067 Y186.646 E482.09507
G1 F1477.8 X219.147 Y186.906 E482.10398
G1 F1462.9 X219.24 Y187.276 E482.11661
G1 F1413.2 X219.308 Y187.73 E482.13233
G1 F1406.4 X219.302 Y188.048 E482.14328
G1 F1462.9 X219.253 Y188.427 E482.15593
G1 F1561 X219.102 Y188.934 E482.17234
G1 F1635.5 X218.916 Y189.437 E482.18821
G1 F1617.4 X218.725 Y189.872 E482.20243
G1 F1500.6 X218.438 Y190.425 E482.22253
G1 F1441.2 X218.192 Y190.947 E482.24192
G1 F1455.6 X217.868 Y191.558 E482.26492
G1 X217.873 Y191.565 E482.26521
G1 X216.955 Y193.139 E482.32581
G1 X216.401 Y193.988 E482.35953
G1 X216.111 Y194.4 E482.37629
G1 X215.772 Y194.838 E482.39471
G1 X215.42 Y195.257 E482.41291
G1 X215.208 Y195.492 E482.42344
G1 X214.791 Y195.893 E482.44268
G1 X214.414 Y196.164 E482.45812
G1 X214.075 Y196.364 E482.47121
G1 X213.748 Y196.495 E482.48293
G1 X213.386 Y196.609 E482.49555
G1 X212.934 Y196.698 E482.51087
G1 X212.387 Y196.756 E482.52917
G1 X212.028 Y196.776 E482.54113
G1 X211.4 Y196.764 E482.56202
G1 X210.812 Y196.709 E482.58166
G1 X210.23 Y196.601 E482.60135
G1 X209.884 Y196.501 E482.61333
G1 X209.636 Y196.407 E482.62215
G0 F9000 X209.358 Y195.782
G1 F1455.6 X209.863 Y196.286 E482.64588
G0 F9000 X210.61 Y196.468
G1 F1455.6 X209.319 Y195.177 E482.7066
G0 F9000 X209.431 Y194.723
G1 F1455.6 X211.257 Y196.55 E482.79252
G0 F9000 X211.846 Y196.572
G1 F1455.6 X209.588 Y194.314 E482.89873
G0 F9000 X209.766 Y193.927
G1 F1455.6 X212.394 Y196.554 E483.02232
G0 F9000 X212.904 Y196.499
G1 F1455.6 X209.965 Y193.56 E483.16056
G0 F9000 X210.175 Y193.204
G1 F1455.6 X213.373 Y196.402 E483.31098
G0 F9000 X213.796 Y196.26
G1 F1455.6 X210.392 Y192.856 E483.4711
G0 F9000 X210.619 Y192.517
G1 F1455.6 X214.174 Y196.072 E483.63831
G0 F9000 X214.514 Y195.846
G1 F1455.6 X210.856 Y192.188 E483.81037
G0 F9000 X211.094 Y191.861
G1 F1455.6 X214.82 Y195.587 E483.98563
G0 F9000 X215.106 Y195.307
G1 F1455.6 X211.337 Y191.538 E484.16291
G0 F9000 X211.579 Y191.214
G1 F1455.6 X215.371 Y195.007 E484.3413
G0 F9000 X215.628 Y194.698
G1 F1455.6 X211.822 Y190.891 E484.52035
G0 F9000 X212.065 Y190.569
G1 F1455.6 X215.875 Y194.379 E484.69956
G0 F9000 X216.114 Y194.052
G1 F1455.6 X213.076 Y191.014 E484.84246
G0 F9000 X213.325 Y190.632
G0 X214.326 Y191.116
G0 X214.175 Y191.547
G1 F1455.6 X216.342 Y193.715 E484.94441
G0 F9000 X216.566 Y193.372
G1 F1455.6 X214.9 Y191.707 E485.02275
G0 F9000 X215.477 Y191.719
G1 F1455.6 X216.788 Y193.029 E485.08439
G0 F9000 X216.996 Y192.671
G1 F1455.6 X215.986 Y191.662 E485.13188
G0 F9000 X216.438 Y191.547
G1 F1455.6 X217.203 Y192.313 E485.16788
G0 F9000 X217.411 Y191.955
G1 F1455.6 X216.843 Y191.387 E485.1946
G0 F9000 X217.218 Y191.197
G1 F1455.6 X217.618 Y191.596 E485.21339
G0 F9000 X217.817 Y191.23
G1 F1455.6 X217.564 Y190.977 E485.22529
G0 F9000 X217.867 Y190.714
G1 F1455.6 X218.012 Y190.859 E485.23211
G1 F2400 E484.73211
G0 F9000 X218.428 Y191.059
G0 X219.268 Y189.009
G0 X219.508 Y188.07
G0 X219.453 Y187.39
G0 X218.966 Y185.575
G0 X218.536 Y185.726
G1 F2400 E485.23211
G1 F1455.6 X216.274 Y183.464 E485.33851
G0 F9000 X216.103 Y183.859
G1 F1455.6 X216.566 Y184.322 E485.36029
G0 F9000 X216.367 Y184.736
G0 X215.477 Y184.352
G0 X216.02 Y182.888
G0 X216.443 Y183.068
G1 F1455.6 X218.174 Y184.798 E485.44168
G0 F9000 X218.601 Y184.63
G0 X218.227 Y183.688
G0 X217.798 Y183.857
G1 F1455.6 X216.612 Y182.671 E485.49747
G0 F9000 X216.783 Y182.276
G1 F1455.6 X217.371 Y182.864 E485.52513
G1 F2400 E485.02513
;MESH:NONMESH
G0 F300 Z7.2
G0 F9000 X217.793 Y182.682
G0 X216.912 Y181.176
G0 X216.509 Y181.89
G0 X215.477 Y184.352
G0 X217.087 Y185.427
G0 X217.729 Y186.061
G0 X218.049 Y186.545
G0 X218.288 Y187.145
G0 X218.446 Y188.238
G0 X218.037 Y189.413
G0 X217.68 Y189.906
G0 X217.202 Y190.367
G0 X216.703 Y190.686
G0 X215.664 Y191.083
G0 X213.474 Y190.8
G0 X212.183 Y189.77
G0 X209.976 Y192.764
G0 X209.333 Y193.9
G0 X209.028 Y194.666
G0 X208.906 Y195.192
G0 X208.954 Y195.833
G0 X209.113 Y196.253
G0 X209.459 Y196.522
G0 X210.364 Y196.891
G0 X210.413 Y196.629
;TIME_ELAPSED:790.784616
;LAYER:35
;note -- min layer time used
;TYPE:WALL-INNER
;MESH:Rock Wall Hold Knob 1.stl
G1 F2400 E485.52513
G1 F1103.6 X210.738 Y196.73 E485.53645
G1 X211.207 Y196.827 E485.55238
G1 X211.456 Y196.858 E485.56072
G1 X211.743 Y196.88 E485.5703
G1 X212.018 Y196.888 E485.57945
G1 X212.471 Y196.872 E485.59452
G1 X212.886 Y196.83 E485.6084
G1 X213.34 Y196.74 E485.62379
G1 X213.624 Y196.66 E485.6336
G1 X213.939 Y196.546 E485.64475
G1 X214.32 Y196.342 E485.65912
G1 X214.672 Y196.087 E485.67358
G1 X214.981 Y195.813 E485.68731
G1 X215.349 Y195.434 E485.70488
G1 X215.639 Y195.099 E485.71962
G1 X215.888 Y194.779 E485.73311
G1 X216.471 Y193.973 E485.76619
G1 X216.859 Y193.401 E485.78918
G1 X217.186 Y192.895 E485.80922
G1 X217.963 Y191.619 E485.85891
G1 X218.269 Y191.063 E485.88002
G1 X218.478 Y190.655 E485.89526
G1 F961.7 X218.566 Y190.353 E485.90727
G1 F805.5 X218.595 Y190.218 E485.91356
G1 F777.2 X218.879 Y189.642 E485.94389
G1 F813 X219.09 Y189.063 E485.97171
G1 F826.7 X219.204 Y188.671 E485.98984
G1 F814.5 X219.271 Y188.279 E486.00776
G1 X219.275 Y187.891 E486.02525
G1 F832.9 X219.25 Y187.634 E486.03663
G1 F852.2 X219.186 Y187.321 E486.05039
G1 F875.9 X219.076 Y186.907 E486.06834
G1 F877.6 X218.786 Y186.132 E486.10295
G1 F831.3 X218.57 Y185.666 E486.12563
G1 F927.4 X218.47 Y185.255 E486.14237
G1 F1103.6 X218.25 Y184.765 E486.16024
G1 X217.883 Y184.033 E486.18747
G1 X217.505 Y183.395 E486.21214
G1 X217.179 Y182.951 E486.23046
G1 X217.027 Y182.862 E486.23632
G1 X216.916 Y182.937 E486.24077
G1 X216.746 Y183.158 E486.25004
G1 X216.572 Y183.426 E486.26067
G1 X216.336 Y183.838 E486.27646
G1 X216.044 Y184.422 E486.29818
G1 X216.71 Y184.801 E486.32367
G1 X217.092 Y185.046 E486.33876
G1 X217.496 Y185.362 E486.35582
G1 X217.785 Y185.666 E486.36977
G1 F927.4 X218.102 Y185.947 E486.38654
G1 F836 X218.359 Y186.41 E486.40979
G1 F886.4 X218.543 Y186.86 E486.42992
G1 F893.6 X218.655 Y187.244 E486.44635
G1 F855.5 X218.742 Y187.751 E486.46842
G1 F817.5 X218.727 Y188.224 E486.48967
G1 F814.5 X218.671 Y188.587 E486.50622
G1 F826.7 X218.582 Y188.918 E486.52144
G1 F814.5 X218.379 Y189.455 E486.54731
G1 F778.5 X218.095 Y189.931 E486.57345
G1 F900.9 X217.768 Y190.179 E486.59017
G1 F1103.6 X217.378 Y190.549 E486.60805
G1 X216.923 Y190.839 E486.62599
G1 X216.491 Y191.04 E486.64184
G1 X216.014 Y191.187 E486.65844
G1 X215.562 Y191.266 E486.6737
G1 X214.978 Y191.244 E486.69314
G1 X214.544 Y191.171 E486.70778
G1 X214.079 Y191.033 E486.72391
G1 X213.717 Y190.884 E486.73693
G1 X213.265 Y190.645 E486.75394
G1 X212.441 Y190.13 E486.78626
G1 X212.181 Y190.444 E486.79982
G1 X211.203 Y191.729 E486.85353
G1 X210.723 Y192.401 E486.88099
G1 X210.407 Y192.877 E486.9
G1 X210.032 Y193.524 E486.92487
G1 X209.809 Y193.992 E486.94211
G1 X209.681 Y194.33 E486.95413
G1 X209.572 Y194.69 E486.96664
G1 X209.504 Y195.175 E486.98293
G1 X209.533 Y195.541 E486.99514
G1 X209.693 Y196.01 E487.01162
G1 X210.012 Y196.401 E487.02841
G1 X210.413 Y196.629 E487.04375
G1 F2400 E486.54375
G0 F9000 X209.838 Y195.934
G0 X209.755 Y195.693
G0 X209.543 Y194.475
G0 X209.246 Y194.384
;TYPE:WALL-OUTER
G1 F2400 E487.04375
G1 F1103.6 X209.18 Y194.604 E487.05139
G1 X209.102 Y195.163 E487.07016
G1 X209.138 Y195.623 E487.08551
G1 X209.288 Y196.062 E487.10094
G1 X209.435 Y196.327 E487.11102
G1 X209.664 Y196.607 E487.12305
G1 X209.868 Y196.779 E487.13192
G1 X210.253 Y196.999 E487.14667
G1 X210.638 Y197.118 E487.16008
G1 X211.141 Y197.222 E487.17716
G1 X211.416 Y197.256 E487.18638
G1 X211.723 Y197.28 E487.19662
G1 X212.019 Y197.288 E487.20647
G1 X212.498 Y197.272 E487.22241
G1 X212.946 Y197.226 E487.23739
G1 X213.433 Y197.129 E487.2539
G1 X213.746 Y197.041 E487.26472
G1 X214.102 Y196.912 E487.27731
G1 X214.533 Y196.682 E487.29356
G1 X214.922 Y196.399 E487.30956
G1 X215.257 Y196.103 E487.32443
G1 X215.644 Y195.704 E487.34291
G1 X215.949 Y195.353 E487.35838
G1 X216.208 Y195.019 E487.37244
G1 X216.784 Y194.225 E487.40506
G1 X217.195 Y193.618 E487.42944
G1 X217.526 Y193.105 E487.44975
G1 X218.313 Y191.813 E487.50007
G1 X218.619 Y191.258 E487.52115
G1 X218.977 Y190.56 E487.54724
G1 X219.334 Y189.753 E487.57659
G1 X219.53 Y189.216 E487.5956
G1 X219.661 Y188.781 E487.61071
G1 X219.744 Y188.322 E487.62622
G1 X219.744 Y187.861 E487.64156
G1 X219.706 Y187.567 E487.65142
G1 X219.63 Y187.217 E487.66333
G1 X219.505 Y186.778 E487.67851
G1 X219.207 Y185.959 E487.7075
G1 X219.005 Y185.471 E487.72506
G1 X218.608 Y184.587 E487.7573
G1 X218.235 Y183.843 E487.78498
G1 X217.837 Y183.172 E487.81093
G1 X217.454 Y182.65 E487.83246
G1 X217.135 Y182.46 E487.84481
G1 X217.018 Y182.442 E487.84875
G1 X216.805 Y182.515 E487.85623
G1 X216.628 Y182.654 E487.86372
G1 X216.42 Y182.928 E487.87516
G1 X216.231 Y183.217 E487.88665
G1 X215.984 Y183.648 E487.90317
G1 X215.678 Y184.246 E487.92551
G1 X215.632 Y184.44 E487.93214
G1 X215.691 Y184.63 E487.93876
G1 X215.868 Y184.783 E487.94654
G1 X216.496 Y185.139 E487.97055
G1 X216.85 Y185.364 E487.9845
G1 X217.208 Y185.64 E487.99954
G1 X217.47 Y185.912 E488.0121
G1 X217.74 Y186.26 E488.02675
G1 X217.985 Y186.669 E488.04261
G1 X218.112 Y186.971 E488.0535
G1 X218.21 Y187.313 E488.06533
G1 X218.27 Y187.701 E488.07839
G1 X218.259 Y188.157 E488.09356
G1 X218.202 Y188.545 E488.10661
G1 X218.127 Y188.817 E488.11599
G1 X217.969 Y189.223 E488.13048
G1 X217.693 Y189.651 E488.14742
G1 X217.449 Y189.935 E488.15987
G1 X217.145 Y190.219 E488.17371
G1 X216.685 Y190.514 E488.19189
G1 X216.369 Y190.659 E488.20345
G1 X215.944 Y190.793 E488.21827
G1 X215.524 Y190.868 E488.23246
G1 X214.972 Y190.841 E488.25084
G1 X214.629 Y190.78 E488.26243
G1 X214.239 Y190.666 E488.27595
G1 X213.903 Y190.53 E488.288
G1 X213.477 Y190.306 E488.30401
G1 X212.732 Y189.84 E488.33324
G1 X212.452 Y189.726 E488.34329
G1 X212.351 Y189.73 E488.34665
G1 X212.139 Y189.868 E488.35507
G1 X211.863 Y190.202 E488.36948
G1 X210.881 Y191.491 E488.42337
G1 X210.393 Y192.174 E488.45129
G1 X210.067 Y192.666 E488.47092
G1 X209.678 Y193.338 E488.49675
G1 X209.441 Y193.835 E488.51506
G1 X209.302 Y194.201 E488.52808
G1 X209.246 Y194.384 E488.53445
G1 F2400 E488.03445
G0 F9000 X209.543 Y194.475
G0 X209.691 Y195.508
G0 X209.838 Y195.934
G0 X210.424 Y196.519
G0 X210.553 Y196.295
;TYPE:SKIN
G1 F2400 E488.53445
G1 F1103.6 X210.248 Y196.12 E488.54614
G1 X210.01 Y195.833 E488.55855
G1 X209.886 Y195.462 E488.57156
G1 X209.862 Y195.187 E488.58074
G1 X209.924 Y194.767 E488.59486
G1 X210.018 Y194.444 E488.60605
G1 X210.132 Y194.144 E488.61672
G1 X210.345 Y193.702 E488.63304
G1 X210.707 Y193.074 E488.65715
G1 X211.021 Y192.598 E488.67612
G1 X211.453 Y191.994 E488.70081
G1 X212.514 Y190.598 E488.75913
G1 X213.118 Y190.974 E488.7828
G1 X213.562 Y191.209 E488.79951
G1 X213.958 Y191.375 E488.81379
G1 X214.443 Y191.517 E488.8306
G1 X214.935 Y191.598 E488.84718
G1 X215.572 Y191.631 E488.86839
G1 X216.095 Y191.536 E488.88607
G1 X216.622 Y191.374 E488.90441
G1 X217.09 Y191.154 E488.92161
G1 X217.579 Y190.846 E488.94083
G1 X218.009 Y190.441 E488.96048
G1 X218.156 Y190.366 E488.96597
G1 X218.141 Y190.514 E488.97092
G1 X217.649 Y191.434 E489.00562
G1 X216.888 Y192.688 E489.0544
G1 X216.185 Y193.747 E489.09668
G1 X215.659 Y194.484 E489.1268
G1 X215.365 Y194.861 E489.1427
G1 X215.076 Y195.197 E489.15744
G1 X214.742 Y195.542 E489.17341
G1 X214.443 Y195.803 E489.18661
G1 X214.121 Y196.038 E489.19987
G1 X213.791 Y196.216 E489.21234
G1 X213.523 Y196.309 E489.22177
G1 X213.248 Y196.389 E489.2313
G1 X212.826 Y196.474 E489.24562
G1 X212.454 Y196.512 E489.25806
G1 X212.015 Y196.527 E489.27266
G1 X211.753 Y196.52 E489.28138
G1 X211.267 Y196.473 E489.29762
G1 X210.831 Y196.382 E489.31244
G1 X210.553 Y196.295 E489.32212
G1 F2400 E488.82212
G0 F9000 X210.424 Y196.519
G0 X211.751 Y196.719
G0 X212.38 Y196.692
G0 X213.552 Y196.576
G0 X213.427 Y196.129
G1 F2400 E489.32212
G1 F1103.6 X216.212 Y193.344 E489.45312
G1 F2400 E488.95312
G0 F9000 X216.598 Y193.607
G0 X218.338 Y190.575
G0 X218.543 Y189.756
G0 X216.026 Y191.287
G0 X216.127 Y191.732
G1 F2400 E489.45312
G1 F1103.6 X211.559 Y196.301 E489.66801
G0 F9000 X211.066 Y196.227
G1 F1103.6 X215.465 Y191.828 E489.87493
G0 F9000 X214.93 Y191.798
G1 F1103.6 X210.623 Y196.105 E490.07751
G0 F9000 X210.298 Y195.864
G1 F1103.6 X214.444 Y191.718 E490.27253
G0 F9000 X214.001 Y191.596
G1 F1103.6 X210.107 Y195.49 E490.45569
G0 F9000 X210.103 Y194.928
G1 F1103.6 X213.594 Y191.437 E490.6199
G0 F9000 X213.215 Y191.25
G1 F1103.6 X210.384 Y194.081 E490.75306
G1 F2400 E490.25306
G0 F9000 X209.972 Y193.884
G0 X210.81 Y192.452
G0 X211.181 Y192.718
G1 F2400 E490.75306
G1 F1103.6 X212.855 Y191.045 E490.83177
G1 F2400 E490.33177
G0 F9000 X213.097 Y190.657
G0 X214.959 Y191.095
G0 X215.285 Y191.108
G0 X216.827 Y190.993
G0 X217.018 Y191.407
G1 F2400 E490.83177
G1 F1103.6 X212.102 Y196.323 E491.06301
G0 F9000 X212.705 Y196.286
G1 F1103.6 X217.198 Y191.793 E491.27435
G1 F2400 E490.77435
G0 F9000 X217.592 Y192.034
G0 X218.338 Y190.575
G0 X218.581 Y188.301
G0 X218.583 Y187.569
G0 X218.17 Y185.802
G0 X218.135 Y185.474
G1 F2400 E491.27435
G1 F1103.6 X218.044 Y185.415 E491.27795
G1 X217.733 Y185.091 E491.29289
G1 X217.299 Y184.746 E491.31133
G1 X216.908 Y184.498 E491.32673
G1 X216.514 Y184.276 E491.34177
G1 X216.642 Y184.028 E491.35105
G1 X216.865 Y183.633 E491.36614
G1 X217.036 Y183.368 E491.37663
G1 X217.201 Y183.591 E491.38586
G1 X217.56 Y184.196 E491.40926
G1 X217.922 Y184.921 E491.43621
G1 X218.128 Y185.375 E491.45279
G1 X218.135 Y185.474 E491.45609
G0 F9000 X218.17 Y185.802
G0 X216.945 Y184.832
G0 X217.194 Y184.443
G1 F1103.6 X217.369 Y184.268 E491.46432
G0 F9000 X217.158 Y183.913
G1 F1103.6 X216.84 Y184.231 E491.47928
G1 F2400 E490.97928
;MESH:NONMESH
G0 F300 Z7.4
G0 F9000 X216.612 Y184.63
G0 X217.943 Y186.112
G0 X218.202 Y186.544
G0 X218.583 Y187.488
G0 X218.581 Y188.301
G0 X218.189 Y189.351
G0 X217.593 Y190.238
G0 X216.47 Y190.892
G0 X215.533 Y191.118
G0 X213.64 Y191.025
G0 X212.469 Y190.348
G0 X210.855 Y192.493
G0 X210.174 Y193.6
G0 X209.729 Y194.725
G0 X209.666 Y195.18
G0 X209.691 Y195.508
G0 X209.838 Y195.934
G0 X210.118 Y196.275
G0 X211.123 Y196.706
G0 X211.243 Y196.133
;TIME_ELAPSED:804.839614
;LAYER:36
;note -- min layer time used
;TYPE:WALL-INNER
;MESH:Rock Wall Hold Knob 1.stl
G1 F2400 E491.47928
G1 F688.1 X211.507 Y196.249 E491.48887
G1 X211.968 Y196.362 E491.50466
G1 X212.344 Y196.379 E491.51718
G1 X212.664 Y196.369 E491.52782
G1 X212.981 Y196.333 E491.53844
G1 X213.35 Y196.225 E491.55122
G1 X213.769 Y196.048 E491.56635
G1 X214.055 Y195.862 E491.5777
G1 X214.398 Y195.595 E491.59216
G1 X214.846 Y195.133 E491.61356
G1 X215.023 Y194.93 E491.62252
G1 X215.408 Y194.449 E491.64301
G1 X215.919 Y193.76 E491.67154
G1 X217.236 Y191.895 E491.74748
G1 X217.582 Y191.381 E491.76809
G1 X217.98 Y190.727 E491.79355
G1 F677.9 X218.197 Y190.303 E491.80963
G1 F590.6 X218.31 Y189.963 E491.82351
G1 F599.6 X217.621 Y190.59 E491.85907
G1 F688.1 X217.187 Y190.898 E491.87677
G1 X216.784 Y191.114 E491.89198
G1 X216.366 Y191.27 E491.90682
G1 X216.067 Y191.355 E491.91715
G1 X215.689 Y191.411 E491.92986
G1 X215.336 Y191.432 E491.94163
G1 X214.972 Y191.416 E491.95374
G1 X214.36 Y191.315 E491.97437
G1 X213.774 Y191.128 E491.99483
G1 X213.028 Y190.839 E492.02144
G1 X212.9 Y190.832 E492.02571
G1 X212.787 Y190.923 E492.03053
G1 X212.502 Y191.277 E492.04565
G1 X212.045 Y191.871 E492.07057
G1 X211.666 Y192.394 E492.09206
G1 X211.333 Y192.9 E492.1122
G1 X211.179 Y193.152 E492.12203
G1 X210.961 Y193.543 E492.13692
G1 X210.802 Y193.893 E492.1497
G1 X210.671 Y194.23 E492.16173
G1 X210.566 Y194.61 E492.17484
G1 X210.551 Y195.091 E492.19085
G1 X210.633 Y195.443 E492.20287
G1 X210.798 Y195.734 E492.21399
G1 X210.987 Y195.955 E492.22366
G1 X211.243 Y196.133 E492.23404
G1 F2400 E491.73404
G0 F9000 X211.724 Y196.198
G0 X212.951 Y196.174
G0 X213.693 Y195.905
G0 X214.291 Y195.473
G0 X215.281 Y194.351
G0 X216.507 Y192.62
G0 X218.31 Y189.963
G1 F2400 E492.23404
G1 F600.9 X218.587 Y189.423 E492.25715
G1 F716.8 X218.749 Y188.931 E492.27369
G1 F2400 E491.77369
G0 F9000 X217.904 Y190.125
G0 X216.285 Y191.48
G0 X212.95 Y190.989
G0 X211.486 Y192.957
G0 X210.95 Y193.956
G0 X210.724 Y194.721
G0 X210.712 Y195.074
G0 X210.784 Y195.383
G0 X211.065 Y195.79
G0 X211.724 Y196.198
G0 X211.047 Y196.484
;TYPE:WALL-OUTER
G1 F2400 E492.27369
G1 F688.1 X211.372 Y196.627 E492.2855
G1 X211.636 Y196.701 E492.29462
G1 X211.918 Y196.76 E492.3042
G1 X212.342 Y196.779 E492.31831
G1 X212.693 Y196.768 E492.32999
G1 X213.058 Y196.726 E492.34221
G1 X213.484 Y196.603 E492.35696
G1 X213.957 Y196.402 E492.37406
G1 X214.287 Y196.188 E492.38714
G1 X214.567 Y195.97 E492.39894
G1 X214.761 Y195.795 E492.40763
G1 X215.14 Y195.404 E492.42574
G1 X215.33 Y195.187 E492.43533
G1 X215.725 Y194.693 E492.45637
G1 X216.246 Y193.991 E492.48545
G1 X217.568 Y192.119 E492.56167
G1 X217.924 Y191.589 E492.58291
G1 X218.326 Y190.929 E492.60861
G1 X218.683 Y190.252 E492.63407
G1 X218.819 Y189.948 E492.64514
G1 X219.005 Y189.46 E492.66251
G1 X219.127 Y189.044 E492.67693
G1 F577 X219.13 Y188.332 E492.70517
G1 F511.6 X219.116 Y187.998 E492.72013
G1 F549.4 X219.053 Y187.613 E492.73638
G1 F598.3 X218.951 Y187.203 E492.75254
G1 F646.1 X218.868 Y186.94 E492.76231
G1 F688.1 X218.622 Y186.361 E492.78323
G1 F709.4 X218.405 Y185.943 E492.79843
G1 F698.6 X218.176 Y185.574 E492.81265
G1 F674.6 X218.029 Y185.362 E492.8214
G1 F660 X217.658 Y184.91 E492.84168
G1 F655.3 X217.429 Y184.767 E492.85111
G1 F653.8 X217.168 Y184.713 E492.86044
G1 X217.009 Y184.769 E492.86634
G1 X216.998 Y184.84 E492.86886
G1 X217.237 Y185.112 E492.88153
G1 F655.3 X217.529 Y185.409 E492.89608
G1 F672.9 X217.865 Y185.826 E492.91429
G1 F702.1 X218.076 Y186.146 E492.92678
G1 F709.4 X218.252 Y186.484 E492.93908
G1 F691.5 X218.466 Y187.011 E492.9579
G1 F637.1 X218.564 Y187.521 E492.97656
G1 F575.8 X218.596 Y187.83 E492.9889
G1 F529.3 X218.59 Y188.195 E493.00469
G1 F496.8 X218.549 Y188.487 E493.01827
G1 F571 X218.38 Y188.814 E493.03302
G1 F688.1 X218.193 Y189.284 E493.04985
G1 X217.927 Y189.705 E493.06641
G1 X217.731 Y189.944 E493.07669
G1 X217.386 Y190.266 E493.09239
G1 X216.999 Y190.545 E493.10825
G1 X216.595 Y190.761 E493.12349
G1 X216.258 Y190.885 E493.13543
G1 X215.959 Y190.969 E493.14576
G1 X215.635 Y191.015 E493.15665
G1 X215.293 Y191.032 E493.16804
G1 X214.971 Y191.014 E493.17876
G1 X214.487 Y190.934 E493.19508
G1 X213.919 Y190.755 E493.21489
G1 X213.329 Y190.525 E493.23595
G1 X213.059 Y190.439 E493.24537
G1 X212.766 Y190.425 E493.25513
G1 X212.503 Y190.639 E493.26641
G1 X212.184 Y191.033 E493.28327
G1 X211.708 Y191.655 E493.30932
G1 X211.337 Y192.166 E493.33032
G1 X211.013 Y192.656 E493.34986
G1 X210.833 Y192.95 E493.36133
G1 X210.603 Y193.363 E493.37705
G1 X210.433 Y193.738 E493.39074
G1 X210.291 Y194.104 E493.4038
G1 X210.212 Y194.388 E493.41361
G1 X210.164 Y194.665 E493.42296
G1 X210.149 Y195.131 E493.43846
G1 X210.257 Y195.59 E493.45415
G1 X210.469 Y195.964 E493.46845
G1 X210.716 Y196.254 E493.48112
G1 X211.047 Y196.484 E493.49452
G0 F9000 X211.625 Y195.905
;TYPE:SKIN
G1 F688.1 X211.231 Y195.682 E493.50958
G1 X210.973 Y195.311 E493.52461
G1 X210.913 Y195.051 E493.53348
G1 X210.92 Y194.745 E493.54366
G1 X211.012 Y194.34 E493.55748
G1 X211.126 Y194.053 E493.56775
G1 X211.279 Y193.706 E493.58036
G1 X211.485 Y193.338 E493.59439
G1 X211.64 Y193.085 E493.60426
G1 X211.965 Y192.59 E493.62395
G1 X212.304 Y192.122 E493.64317
G1 X213.009 Y191.219 E493.68128
G1 X213.644 Y191.463 E493.7039
G1 X214.281 Y191.666 E493.72614
G1 X214.833 Y191.761 E493.74477
G1 X215.342 Y191.788 E493.76172
G1 X215.738 Y191.767 E493.77491
G1 X216.168 Y191.701 E493.78938
G1 X216.46 Y191.617 E493.79949
G1 X216.926 Y191.444 E493.81602
G1 X217.206 Y191.291 E493.82663
G1 X216.963 Y191.65 E493.84105
G1 X215.694 Y193.457 E493.91449
G1 X215.139 Y194.203 E493.94542
G1 X214.687 Y194.773 E493.96961
G1 X214.153 Y195.326 E493.99518
G1 X213.848 Y195.564 E494.00805
G1 X213.598 Y195.726 E494.01796
G1 X213.224 Y195.883 E494.03145
G1 X212.911 Y195.975 E494.0423
G1 X212.637 Y196.008 E494.05148
G1 X212.346 Y196.016 E494.06116
G1 X212.013 Y196 E494.07225
G1 X211.625 Y195.905 E494.08553
G0 F9000 X211.724 Y196.198
G0 X211.096 Y195.835
G0 X210.784 Y195.383
G0 X210.685 Y194.624
G0 X211.13 Y194.725
G1 F688.1 X212.214 Y195.809 E494.13652
G0 F9000 X212.761 Y195.791
G1 F688.1 X211.251 Y194.28 E494.20757
G0 F9000 X211.419 Y193.883
G1 F688.1 X213.208 Y195.672 E494.29172
G0 F9000 X213.592 Y195.49
G1 F688.1 X211.616 Y193.514 E494.38467
G0 F9000 X211.828 Y193.16
G1 F688.1 X213.921 Y195.253 E494.48311
G0 F9000 X214.21 Y194.976
G1 F688.1 X212.053 Y192.82 E494.58455
G0 F9000 X212.286 Y192.487
G1 F688.1 X214.485 Y194.686 E494.68798
G0 F9000 X214.745 Y194.38
G1 F688.1 X212.526 Y192.161 E494.79236
G0 F9000 X212.773 Y191.843
G1 F688.1 X214.994 Y194.064 E494.89683
G0 F9000 X215.236 Y193.739
G1 F688.1 X213.021 Y191.525 E495.00099
G0 F9000 X213.778 Y191.716
G1 F688.1 X215.477 Y193.415 E495.08091
G0 F9000 X215.711 Y193.084
G1 F688.1 X214.538 Y191.91 E495.1361
G0 F9000 X215.173 Y191.979
G1 F688.1 X215.945 Y192.752 E495.17244
G0 F9000 X216.179 Y192.42
G1 F688.1 X215.726 Y191.967 E495.19375
G0 F9000 X216.219 Y191.895
G1 F688.1 X216.413 Y192.088 E495.20285
G1 F2400 E494.70285
;MESH:NONMESH
G0 F300 Z7.6
G0 F9000 X216.788 Y192.353
G0 X215.756 Y193.645
G0 X212.484 Y194.763
;TIME_ELAPSED:817.222164
;LAYER:37
;note -- min layer time used
;TYPE:WALL-INNER
;MESH:Rock Wall Hold Knob 1.stl
G1 F2400 E495.20285
G1 F600 X212.87 Y194.836 E495.21592
G1 X213.26 Y194.73 E495.22936
G1 X213.631 Y194.511 E495.24369
G1 X213.976 Y194.211 E495.25889
G1 X214.162 Y194.027 E495.26759
G1 X214.563 Y193.568 E495.28787
G1 X214.822 Y193.245 E495.30164
G1 X215.375 Y192.509 E495.33226
G1 X215.441 Y192.402 E495.33644
G1 X215.906 Y191.777 E495.36235
G1 X215.655 Y191.799 E495.37073
G1 X215.28 Y191.8 E495.3832
G1 X214.935 Y191.78 E495.39469
G1 X213.915 Y191.656 E495.42887
G1 X213.675 Y191.755 E495.4375
G1 X213.279 Y192.258 E495.4588
G1 X213.046 Y192.581 E495.47204
G1 X212.74 Y193.064 E495.49106
G1 X212.533 Y193.433 E495.50513
G1 X212.42 Y193.669 E495.51384
G1 X212.324 Y193.92 E495.52277
G1 X212.261 Y194.211 E495.53268
G1 X212.264 Y194.512 E495.54269
G1 X212.359 Y194.674 E495.54893
G1 X212.484 Y194.763 E495.55404
G0 F9000 X212.3 Y195.123
;TYPE:WALL-OUTER
G1 F600 X212.547 Y195.207 E495.56272
G1 X212.796 Y195.23 E495.57103
G1 X213.072 Y195.195 E495.58029
G1 X213.417 Y195.102 E495.59217
G1 X213.866 Y194.837 E495.60951
G1 X214.248 Y194.505 E495.62634
G1 X214.454 Y194.302 E495.63596
G1 X214.875 Y193.818 E495.6573
G1 X215.14 Y193.487 E495.6714
G1 X215.709 Y192.732 E495.70285
G1 X215.763 Y192.64 E495.70639
G1 X216.371 Y191.82 E495.74035
G1 X216.634 Y191.438 E495.75577
G1 X216.695 Y191.279 E495.76144
G1 X216.422 Y191.307 E495.77056
G1 X215.953 Y191.372 E495.78631
G1 X215.621 Y191.4 E495.79739
G1 X215.301 Y191.4 E495.80804
G1 X214.983 Y191.383 E495.81863
G1 X213.9 Y191.251 E495.85492
G1 X213.647 Y191.301 E495.86349
G1 X213.457 Y191.42 E495.87095
G1 X213.277 Y191.614 E495.87975
G1 X212.96 Y192.017 E495.89681
G1 X212.714 Y192.357 E495.91076
G1 X212.396 Y192.859 E495.93053
G1 X212.178 Y193.249 E495.94539
G1 X212.052 Y193.511 E495.95506
G1 X211.94 Y193.806 E495.96555
G1 X211.861 Y194.169 E495.97791
G1 X211.865 Y194.621 E495.99294
G1 X212.056 Y194.95 E496.0056
G1 X212.3 Y195.123 E496.01554
G0 F9000 X212.624 Y194.393
;TYPE:SKIN
G1 F600 X212.618 Y194.156 E496.02343
G1 X212.786 Y193.714 E496.03916
G1 X213.044 Y193.256 E496.05664
G1 X213.331 Y192.804 E496.07445
G1 X213.546 Y192.502 E496.08678
G1 X213.923 Y192.018 E496.10718
G1 X214.9 Y192.135 E496.13991
G1 X215.191 Y192.155 E496.14961
G1 X214.542 Y193.015 E496.18545
G1 X214.284 Y193.336 E496.19915
G1 X213.822 Y193.865 E496.22251
G1 X213.422 Y194.213 E496.24014
G1 X213.126 Y194.39 E496.25161
G1 X212.779 Y194.46 E496.26338
G1 X212.624 Y194.393 E496.269
G0 F9000 X213.152 Y194.142
G1 F600 X214.313 Y192.98 E496.32363
G0 F9000 X214.446 Y192.282
G1 F600 X213.019 Y193.708 E496.39073
;TIME_ELAPSED:821.144037
G1 F2400 E495.89073
M140 S0
M107
END_PRINT
M82 ;absolute extrusion mode
M104 S0
;End of Gcode
;SETTING_3 {"global_quality": "[general]\\nversion = 4\\nname = Standard Quality
;SETTING_3  #2\\ndefinition = creality_k1max\\n\\n[metadata]\\ntype = quality_ch
;SETTING_3 anges\\nquality_type = standard\\nsetting_version = 27\\n\\n[values]\
;SETTING_3 \nadhesion_type = skirt\\n\\n", "extruder_quality": ["[general]\\nver
;SETTING_3 sion = 4\\nname = Standard Quality #2\\ndefinition = creality_base\\n
;SETTING_3 \\n[metadata]\\ntype = quality_changes\\nquality_type = standard\\nse
;SETTING_3 tting_version = 27\\nposition = 0\\n\\n[values]\\n\\n"]}
