solid OpenSCAD_Model
  facet normal 0.995188 0.0979877 0
    outer loop
      vertex 29.4 27.9 9
      vertex 29.3904 27.9975 0
      vertex 29.3904 27.9975 9
    endloop
  endfacet
  facet normal 0.995188 0.0979877 0
    outer loop
      vertex 29.3904 27.9975 0
      vertex 29.4 27.9 9
      vertex 29.4 27.9 0
    endloop
  endfacet
  facet normal 0.773418 -0.633897 0
    outer loop
      vertex 29.2536 0.0464458 9
      vertex 29.3157 0.122214 0
      vertex 29.3157 0.122214 9
    endloop
  endfacet
  facet normal 0.773418 -0.633897 0
    outer loop
      vertex 29.3157 0.122214 0
      vertex 29.2536 0.0464458 9
      vertex 29.2536 0.0464458 0
    endloop
  endfacet
  facet normal 0 0 -1
    outer loop
      vertex -0.0999994 27.9 0
      vertex 11.0265 18.4283 0
      vertex 10.9745 18.3431 0
    endloop
  endfacet
  facet normal 0 0 -1
    outer loop
      vertex -0.0999994 27.9 0
      vertex 10.9745 18.3431 0
      vertex 10.9246 18.2566 0
    endloop
  endfacet
  facet normal 0 0 -1
    outer loop
      vertex -0.0999994 27.9 0
      vertex 10.9246 18.2566 0
      vertex 10.8768 18.169 0
    endloop
  endfacet
  facet normal 0 0 -1
    outer loop
      vertex -0.0999994 27.9 0
      vertex 10.8768 18.169 0
      vertex 10.8311 18.0802 0
    endloop
  endfacet
  facet normal 0 0 -1
    outer loop
      vertex -0.0999994 27.9 0
      vertex 10.8311 18.0802 0
      vertex 10.7877 17.9903 0
    endloop
  endfacet
  facet normal 0 0 -1
    outer loop
      vertex -0.0999994 27.9 0
      vertex 10.7877 17.9903 0
      vertex 10.7464 17.8994 0
    endloop
  endfacet
  facet normal 0 0 -1
    outer loop
      vertex -0.0999994 27.9 0
      vertex 10.7464 17.8994 0
      vertex 10.7073 17.8075 0
    endloop
  endfacet
  facet normal 0 0 -1
    outer loop
      vertex -0.0999994 27.9 0
      vertex 10.7073 17.8075 0
      vertex 10.6705 17.7146 0
    endloop
  endfacet
  facet normal 0 0 -1
    outer loop
      vertex -0.0999994 27.9 0
      vertex 10.6705 17.7146 0
      vertex 10.636 17.621 0
    endloop
  endfacet
  facet normal 0 0 -1
    outer loop
      vertex -0.0999994 27.9 0
      vertex 10.636 17.621 0
      vertex 10.6038 17.5265 0
    endloop
  endfacet
  facet normal 0 0 -1
    outer loop
      vertex -0.0999994 27.9 0
      vertex 10.6038 17.5265 0
      vertex 10.5738 17.4312 0
    endloop
  endfacet
  facet normal 0 0 -1
    outer loop
      vertex -0.0999994 27.9 0
      vertex 10.5738 17.4312 0
      vertex 10.5462 17.3353 0
    endloop
  endfacet
  facet normal 0 0 -1
    outer loop
      vertex -0.0999994 27.9 0
      vertex 10.5462 17.3353 0
      vertex 10.521 17.2386 0
    endloop
  endfacet
  facet normal 0 0 -1
    outer loop
      vertex -0.0999994 27.9 0
      vertex 10.521 17.2386 0
      vertex 10.4981 17.1415 0
    endloop
  endfacet
  facet normal 0 0 -1
    outer loop
      vertex -0.0999994 27.9 0
      vertex 10.4981 17.1415 0
      vertex 10.4776 17.0437 0
    endloop
  endfacet
  facet normal 0 0 -1
    outer loop
      vertex -0.0999994 27.9 0
      vertex 10.4776 17.0437 0
      vertex 10.4594 16.9456 0
    endloop
  endfacet
  facet normal 0 0 -1
    outer loop
      vertex -0.0999994 27.9 0
      vertex 10.4594 16.9456 0
      vertex 10.4437 16.847 0
    endloop
  endfacet
  facet normal 0 0 -1
    outer loop
      vertex -0.0999994 27.9 0
      vertex 10.4437 16.847 0
      vertex 10.4304 16.748 0
    endloop
  endfacet
  facet normal 0 0 -1
    outer loop
      vertex -0.0999994 27.9 0
      vertex 10.4304 16.748 0
      vertex 10.4194 16.6488 0
    endloop
  endfacet
  facet normal 0 0 -1
    outer loop
      vertex -0.0999994 27.9 0
      vertex 10.4194 16.6488 0
      vertex 10.4109 16.5493 0
    endloop
  endfacet
  facet normal 0 0 -1
    outer loop
      vertex -0.0999994 27.9 0
      vertex 10.4109 16.5493 0
      vertex 10.4049 16.4496 0
    endloop
  endfacet
  facet normal 0 0 -1
    outer loop
      vertex 10.4049 16.0504 0
      vertex -0.0999994 27.9 0
      vertex 10.4012 16.1502 0
    endloop
  endfacet
  facet normal 0 0 -1
    outer loop
      vertex 10.4012 16.1502 0
      vertex -0.0999994 27.9 0
      vertex 10.4 16.25 0
    endloop
  endfacet
  facet normal 0 0 -1
    outer loop
      vertex 10.4 16.25 0
      vertex -0.0999994 27.9 0
      vertex 10.4012 16.3498 0
    endloop
  endfacet
  facet normal 0 0 -1
    outer loop
      vertex 10.4012 16.3498 0
      vertex -0.0999994 27.9 0
      vertex 10.4049 16.4496 0
    endloop
  endfacet
  facet normal 0 0 -1
    outer loop
      vertex -0.0999994 0.4 0
      vertex 0.4 -0.0999994 0
      vertex 0.302454 -0.0903921 0
    endloop
  endfacet
  facet normal 0 0 -1
    outer loop
      vertex 11.0265 18.4283 0
      vertex -0.0999994 27.9 0
      vertex 0.4 28.4 0
    endloop
  endfacet
  facet normal 0 0 -1
    outer loop
      vertex 0.4 28.4 0
      vertex -0.0999994 27.9 0
      vertex 0.302454 28.3904 0
    endloop
  endfacet
  facet normal 0 0 -1
    outer loop
      vertex 0.302454 28.3904 0
      vertex -0.0999994 27.9 0
      vertex 0.208658 28.3619 0
    endloop
  endfacet
  facet normal 0 0 -1
    outer loop
      vertex 0.208658 28.3619 0
      vertex -0.0999994 27.9 0
      vertex 0.122214 28.3157 0
    endloop
  endfacet
  facet normal 0 0 -1
    outer loop
      vertex -0.0903921 0.302454 0
      vertex 0.302454 -0.0903921 0
      vertex 0 0 0
    endloop
  endfacet
  facet normal 0 0 -1
    outer loop
      vertex 11.0265 18.4283 0
      vertex 0.4 28.4 0
      vertex 11 28.4 0
    endloop
  endfacet
  facet normal 0 0 -1
    outer loop
      vertex 0.122214 28.3157 0
      vertex -0.0999994 27.9 0
      vertex 0.0464458 28.2536 0
    endloop
  endfacet
  facet normal 0 0 -1
    outer loop
      vertex 0.302454 -0.0903921 0
      vertex -0.0903921 0.302454 0
      vertex -0.0999994 0.4 0
    endloop
  endfacet
  facet normal 0 0 -1
    outer loop
      vertex 0.0464458 28.2536 0
      vertex -0.0999994 27.9 0
      vertex -0.0157347 28.1778 0
    endloop
  endfacet
  facet normal 0 0 -1
    outer loop
      vertex -0.0157347 28.1778 0
      vertex -0.0999994 27.9 0
      vertex -0.0619392 28.0913 0
    endloop
  endfacet
  facet normal 0 0 -1
    outer loop
      vertex -0.0619392 28.0913 0
      vertex -0.0999994 27.9 0
      vertex -0.0903921 27.9975 0
    endloop
  endfacet
  facet normal 0 0 -1
    outer loop
      vertex 15.8238 20.1304 0
      vertex 18 28.4 0
      vertex 15.9179 20.097 0
    endloop
  endfacet
  facet normal 0 0 -1
    outer loop
      vertex 15.7289 20.1615 0
      vertex 18 28.4 0
      vertex 15.8238 20.1304 0
    endloop
  endfacet
  facet normal -0 0 -1
    outer loop
      vertex 18 28.4 0
      vertex 15.7289 20.1615 0
      vertex 16 28.4 0
    endloop
  endfacet
  facet normal 0 0 -1
    outer loop
      vertex 15.6333 20.1903 0
      vertex 16 28.4 0
      vertex 15.7289 20.1615 0
    endloop
  endfacet
  facet normal 0 0 -1
    outer loop
      vertex 15.537 20.2167 0
      vertex 16 28.4 0
      vertex 15.6333 20.1903 0
    endloop
  endfacet
  facet normal 0 0 -1
    outer loop
      vertex 15.4401 20.2408 0
      vertex 16 28.4 0
      vertex 15.537 20.2167 0
    endloop
  endfacet
  facet normal 0 0 -1
    outer loop
      vertex 15.3427 20.2625 0
      vertex 16 28.4 0
      vertex 15.4401 20.2408 0
    endloop
  endfacet
  facet normal 0 0 -1
    outer loop
      vertex 15.2447 20.2818 0
      vertex 16 28.4 0
      vertex 15.3427 20.2625 0
    endloop
  endfacet
  facet normal 0 0 -1
    outer loop
      vertex 15.1463 20.2987 0
      vertex 16 28.4 0
      vertex 15.2447 20.2818 0
    endloop
  endfacet
  facet normal 0 0 -1
    outer loop
      vertex 15.0475 20.3133 0
      vertex 16 28.4 0
      vertex 15.1463 20.2987 0
    endloop
  endfacet
  facet normal 0 0 -1
    outer loop
      vertex 14.9484 20.3254 0
      vertex 16 28.4 0
      vertex 15.0475 20.3133 0
    endloop
  endfacet
  facet normal 0 0 -1
    outer loop
      vertex 14.849 20.3351 0
      vertex 16 28.4 0
      vertex 14.9484 20.3254 0
    endloop
  endfacet
  facet normal 0 0 -1
    outer loop
      vertex 14.7495 20.3424 0
      vertex 16 28.4 0
      vertex 14.849 20.3351 0
    endloop
  endfacet
  facet normal 0 0 -1
    outer loop
      vertex 14.6497 20.3473 0
      vertex 16 28.4 0
      vertex 14.7495 20.3424 0
    endloop
  endfacet
  facet normal 0 0 -1
    outer loop
      vertex 14.5499 20.3497 0
      vertex 16 28.4 0
      vertex 14.6497 20.3473 0
    endloop
  endfacet
  facet normal 0 0 -1
    outer loop
      vertex 14.4501 20.3497 0
      vertex 16 28.4 0
      vertex 14.5499 20.3497 0
    endloop
  endfacet
  facet normal 0 0 -1
    outer loop
      vertex 13 28.4 0
      vertex 14.4501 20.3497 0
      vertex 14.3503 20.3473 0
    endloop
  endfacet
  facet normal 0 0 -1
    outer loop
      vertex 13 28.4 0
      vertex 14.3503 20.3473 0
      vertex 14.2505 20.3424 0
    endloop
  endfacet
  facet normal 0 0 -1
    outer loop
      vertex 13 28.4 0
      vertex 14.2505 20.3424 0
      vertex 14.151 20.3351 0
    endloop
  endfacet
  facet normal 0 0 -1
    outer loop
      vertex 13 28.4 0
      vertex 14.151 20.3351 0
      vertex 14.0516 20.3254 0
    endloop
  endfacet
  facet normal 0 0 -1
    outer loop
      vertex 13 28.4 0
      vertex 14.0516 20.3254 0
      vertex 13.9525 20.3133 0
    endloop
  endfacet
  facet normal 0 0 -1
    outer loop
      vertex 13 28.4 0
      vertex 13.9525 20.3133 0
      vertex 13.8537 20.2987 0
    endloop
  endfacet
  facet normal 0 0 -1
    outer loop
      vertex 13 28.4 0
      vertex 13.8537 20.2987 0
      vertex 13.7553 20.2818 0
    endloop
  endfacet
  facet normal 0 0 -1
    outer loop
      vertex 13 28.4 0
      vertex 13.7553 20.2818 0
      vertex 13.6573 20.2625 0
    endloop
  endfacet
  facet normal 0 0 -1
    outer loop
      vertex 13 28.4 0
      vertex 13.6573 20.2625 0
      vertex 13.5599 20.2408 0
    endloop
  endfacet
  facet normal 0 0 -1
    outer loop
      vertex 13 28.4 0
      vertex 13.5599 20.2408 0
      vertex 13.463 20.2167 0
    endloop
  endfacet
  facet normal 0 0 -1
    outer loop
      vertex 13 28.4 0
      vertex 13.463 20.2167 0
      vertex 13.3667 20.1903 0
    endloop
  endfacet
  facet normal 0 0 -1
    outer loop
      vertex 13 28.4 0
      vertex 13.3667 20.1903 0
      vertex 13.2711 20.1615 0
    endloop
  endfacet
  facet normal 0 0 -1
    outer loop
      vertex 11 28.4 0
      vertex 13.2711 20.1615 0
      vertex 13.1762 20.1304 0
    endloop
  endfacet
  facet normal 0 0 -1
    outer loop
      vertex 11 28.4 0
      vertex 13.1762 20.1304 0
      vertex 13.0821 20.097 0
    endloop
  endfacet
  facet normal 0 0 -1
    outer loop
      vertex 14.4501 20.3497 0
      vertex 13 28.4 0
      vertex 16 28.4 0
    endloop
  endfacet
  facet normal 0 0 -1
    outer loop
      vertex 11 28.4 0
      vertex 13.0821 20.097 0
      vertex 12.9888 20.0613 0
    endloop
  endfacet
  facet normal 0 0 -1
    outer loop
      vertex 13.2711 20.1615 0
      vertex 11 28.4 0
      vertex 13 28.4 0
    endloop
  endfacet
  facet normal 0 0 -1
    outer loop
      vertex 11 28.4 0
      vertex 12.9888 20.0613 0
      vertex 12.8965 20.0234 0
    endloop
  endfacet
  facet normal 0 0 -1
    outer loop
      vertex 11 28.4 0
      vertex 12.8965 20.0234 0
      vertex 12.8051 19.9833 0
    endloop
  endfacet
  facet normal 0 0 -1
    outer loop
      vertex 11 28.4 0
      vertex 12.8051 19.9833 0
      vertex 12.7147 19.9409 0
    endloop
  endfacet
  facet normal 0 0 -1
    outer loop
      vertex 11 28.4 0
      vertex 12.7147 19.9409 0
      vertex 12.6253 19.8963 0
    endloop
  endfacet
  facet normal 0 0 -1
    outer loop
      vertex 11 28.4 0
      vertex 12.6253 19.8963 0
      vertex 12.5371 19.8496 0
    endloop
  endfacet
  facet normal 0 0 -1
    outer loop
      vertex 11 28.4 0
      vertex 12.5371 19.8496 0
      vertex 12.45 19.8007 0
    endloop
  endfacet
  facet normal 0 0 -1
    outer loop
      vertex 11 28.4 0
      vertex 12.45 19.8007 0
      vertex 12.3641 19.7497 0
    endloop
  endfacet
  facet normal 0 0 -1
    outer loop
      vertex 11 28.4 0
      vertex 12.3641 19.7497 0
      vertex 12.2796 19.6967 0
    endloop
  endfacet
  facet normal 0 0 -1
    outer loop
      vertex 11 28.4 0
      vertex 12.2796 19.6967 0
      vertex 12.1963 19.6416 0
    endloop
  endfacet
  facet normal 0 0 -1
    outer loop
      vertex 11 28.4 0
      vertex 12.1963 19.6416 0
      vertex 12.1144 19.5845 0
    endloop
  endfacet
  facet normal 0 0 -1
    outer loop
      vertex 11 28.4 0
      vertex 12.1144 19.5845 0
      vertex 12.0339 19.5254 0
    endloop
  endfacet
  facet normal 0 0 -1
    outer loop
      vertex 11 28.4 0
      vertex 12.0339 19.5254 0
      vertex 11.9549 19.4644 0
    endloop
  endfacet
  facet normal 0 0 -1
    outer loop
      vertex 11 28.4 0
      vertex 11.9549 19.4644 0
      vertex 11.8773 19.4015 0
    endloop
  endfacet
  facet normal 0 0 -1
    outer loop
      vertex 11 28.4 0
      vertex 11.8773 19.4015 0
      vertex 11.8014 19.3367 0
    endloop
  endfacet
  facet normal 0 0 -1
    outer loop
      vertex 11 28.4 0
      vertex 11.8014 19.3367 0
      vertex 11.727 19.27 0
    endloop
  endfacet
  facet normal 0 0 -1
    outer loop
      vertex 11 28.4 0
      vertex 11.727 19.27 0
      vertex 11.6543 19.2016 0
    endloop
  endfacet
  facet normal 0 0 -1
    outer loop
      vertex 11 28.4 0
      vertex 11.6543 19.2016 0
      vertex 11.5833 19.1314 0
    endloop
  endfacet
  facet normal 0 0 -1
    outer loop
      vertex 11 28.4 0
      vertex 11.5833 19.1314 0
      vertex 11.514 19.0596 0
    endloop
  endfacet
  facet normal 0 0 -1
    outer loop
      vertex 11 28.4 0
      vertex 11.514 19.0596 0
      vertex 11.4464 18.986 0
    endloop
  endfacet
  facet normal 0 0 -1
    outer loop
      vertex 11 28.4 0
      vertex 11.4464 18.986 0
      vertex 11.3807 18.9108 0
    endloop
  endfacet
  facet normal 0 0 -1
    outer loop
      vertex 11 28.4 0
      vertex 11.3807 18.9108 0
      vertex 11.3168 18.8341 0
    endloop
  endfacet
  facet normal 0 0 -1
    outer loop
      vertex 11 28.4 0
      vertex 11.3168 18.8341 0
      vertex 11.2549 18.7558 0
    endloop
  endfacet
  facet normal 0 0 -1
    outer loop
      vertex 11 28.4 0
      vertex 11.2549 18.7558 0
      vertex 11.1948 18.676 0
    endloop
  endfacet
  facet normal 0 0 -1
    outer loop
      vertex 11 28.4 0
      vertex 11.1948 18.676 0
      vertex 11.1367 18.5948 0
    endloop
  endfacet
  facet normal 0 0 -1
    outer loop
      vertex 11 28.4 0
      vertex 11.1367 18.5948 0
      vertex 11.0806 18.5122 0
    endloop
  endfacet
  facet normal 0 0 -1
    outer loop
      vertex 11 28.4 0
      vertex 11.0806 18.5122 0
      vertex 11.0265 18.4283 0
    endloop
  endfacet
  facet normal 0 0 -1
    outer loop
      vertex 13 28.4 0
      vertex 11 28.4 0
      vertex 13 31.1 0
    endloop
  endfacet
  facet normal -0 0 -1
    outer loop
      vertex 13 31.1 0
      vertex 11 28.4 0
      vertex 11 31.1 0
    endloop
  endfacet
  facet normal 0 0 -1
    outer loop
      vertex 28.9 -0.0999994 0
      vertex 29.4 0.4 0
      vertex 29.3904 0.302454 0
    endloop
  endfacet
  facet normal 0 0 -1
    outer loop
      vertex 29.4 0.4 0
      vertex 18.5696 15.752 0
      vertex 29.4 27.9 0
    endloop
  endfacet
  facet normal 0 0 -1
    outer loop
      vertex 28.9 -0.0999994 0
      vertex 29.3904 0.302454 0
      vertex 29.3619 0.208658 0
    endloop
  endfacet
  facet normal 0 -0 -1
    outer loop
      vertex 18.5891 15.9507 0
      vertex 29.4 27.9 0
      vertex 18.5806 15.8512 0
    endloop
  endfacet
  facet normal 0 0 -1
    outer loop
      vertex 28.9 -0.0999994 0
      vertex 29.3619 0.208658 0
      vertex 29.3157 0.122214 0
    endloop
  endfacet
  facet normal 0 -0 -1
    outer loop
      vertex 18.5951 16.0504 0
      vertex 29.4 27.9 0
      vertex 18.5891 15.9507 0
    endloop
  endfacet
  facet normal 0 0 -1
    outer loop
      vertex 28.9 -0.0999994 0
      vertex 29.3157 0.122214 0
      vertex 29.2536 0.0464458 0
    endloop
  endfacet
  facet normal 0 -0 -1
    outer loop
      vertex 18.5988 16.1502 0
      vertex 29.4 27.9 0
      vertex 18.5951 16.0504 0
    endloop
  endfacet
  facet normal 0 0 -1
    outer loop
      vertex 28.9 -0.0999994 0
      vertex 29.2536 0.0464458 0
      vertex 29.1778 -0.0157347 0
    endloop
  endfacet
  facet normal 0 -0 -1
    outer loop
      vertex 18.6 16.25 0
      vertex 29.4 27.9 0
      vertex 18.5988 16.1502 0
    endloop
  endfacet
  facet normal 0 0 -1
    outer loop
      vertex 28.9 -0.0999994 0
      vertex 29.1778 -0.0157347 0
      vertex 29.0913 -0.0619392 0
    endloop
  endfacet
  facet normal 0 0 -1
    outer loop
      vertex 18.5988 16.3498 0
      vertex 29.4 27.9 0
      vertex 18.6 16.25 0
    endloop
  endfacet
  facet normal 0 0 -1
    outer loop
      vertex 28.9 -0.0999994 0
      vertex 29.0913 -0.0619392 0
      vertex 28.9975 -0.0903921 0
    endloop
  endfacet
  facet normal 0 0 -1
    outer loop
      vertex 18.5951 16.4496 0
      vertex 29.4 27.9 0
      vertex 18.5988 16.3498 0
    endloop
  endfacet
  facet normal 0 0 -1
    outer loop
      vertex 17.1986 13.1633 0
      vertex 29.4 0.4 0
      vertex 28.9 -0.0999994 0
    endloop
  endfacet
  facet normal 0 0 -1
    outer loop
      vertex 18.5891 16.5493 0
      vertex 29.4 27.9 0
      vertex 18.5951 16.4496 0
    endloop
  endfacet
  facet normal 0 0 -1
    outer loop
      vertex 18.5806 16.6488 0
      vertex 29.4 27.9 0
      vertex 18.5891 16.5493 0
    endloop
  endfacet
  facet normal 0 0 -1
    outer loop
      vertex 18.5224 17.0437 0
      vertex 29.4 27.9 0
      vertex 18.5406 16.9456 0
    endloop
  endfacet
  facet normal 0 0 -1
    outer loop
      vertex 18.5406 16.9456 0
      vertex 29.4 27.9 0
      vertex 18.5563 16.847 0
    endloop
  endfacet
  facet normal 0 0 -1
    outer loop
      vertex 18.5563 16.847 0
      vertex 29.4 27.9 0
      vertex 18.5696 16.748 0
    endloop
  endfacet
  facet normal 0 0 -1
    outer loop
      vertex 18.5696 16.748 0
      vertex 29.4 27.9 0
      vertex 18.5806 16.6488 0
    endloop
  endfacet
  facet normal 0 0 -1
    outer loop
      vertex 29.4 27.9 0
      vertex 18.5696 15.752 0
      vertex 18.5806 15.8512 0
    endloop
  endfacet
  facet normal 0 0 -1
    outer loop
      vertex 29.4 0.4 0
      vertex 18.5563 15.653 0
      vertex 18.5696 15.752 0
    endloop
  endfacet
  facet normal 0 0 -1
    outer loop
      vertex 29.4 0.4 0
      vertex 18.5406 15.5544 0
      vertex 18.5563 15.653 0
    endloop
  endfacet
  facet normal 0 0 -1
    outer loop
      vertex 29.4 0.4 0
      vertex 18.5224 15.4563 0
      vertex 18.5406 15.5544 0
    endloop
  endfacet
  facet normal 0 0 -1
    outer loop
      vertex 29.4 0.4 0
      vertex 18.5019 15.3585 0
      vertex 18.5224 15.4563 0
    endloop
  endfacet
  facet normal 0 0 -1
    outer loop
      vertex 29.4 0.4 0
      vertex 18.479 15.2613 0
      vertex 18.5019 15.3585 0
    endloop
  endfacet
  facet normal 0 0 -1
    outer loop
      vertex 29.4 0.4 0
      vertex 18.4538 15.1647 0
      vertex 18.479 15.2613 0
    endloop
  endfacet
  facet normal 0 0 -1
    outer loop
      vertex 29.4 0.4 0
      vertex 18.4262 15.0688 0
      vertex 18.4538 15.1647 0
    endloop
  endfacet
  facet normal 0 0 -1
    outer loop
      vertex 29.4 0.4 0
      vertex 18.3962 14.9735 0
      vertex 18.4262 15.0688 0
    endloop
  endfacet
  facet normal 0 0 -1
    outer loop
      vertex 29.4 0.4 0
      vertex 18.364 14.879 0
      vertex 18.3962 14.9735 0
    endloop
  endfacet
  facet normal 0 0 -1
    outer loop
      vertex 29.4 0.4 0
      vertex 18.3295 14.7854 0
      vertex 18.364 14.879 0
    endloop
  endfacet
  facet normal 0 0 -1
    outer loop
      vertex 29.4 0.4 0
      vertex 18.2927 14.6925 0
      vertex 18.3295 14.7854 0
    endloop
  endfacet
  facet normal 0 0 -1
    outer loop
      vertex 29.4 0.4 0
      vertex 18.2536 14.6006 0
      vertex 18.2927 14.6925 0
    endloop
  endfacet
  facet normal 0 0 -1
    outer loop
      vertex 29.4 0.4 0
      vertex 18.2123 14.5097 0
      vertex 18.2536 14.6006 0
    endloop
  endfacet
  facet normal 0 0 -1
    outer loop
      vertex 29.4 0.4 0
      vertex 18.1689 14.4198 0
      vertex 18.2123 14.5097 0
    endloop
  endfacet
  facet normal 0 0 -1
    outer loop
      vertex 29.4 0.4 0
      vertex 18.1232 14.331 0
      vertex 18.1689 14.4198 0
    endloop
  endfacet
  facet normal 0 0 -1
    outer loop
      vertex 29.4 0.4 0
      vertex 18.0754 14.2434 0
      vertex 18.1232 14.331 0
    endloop
  endfacet
  facet normal 0 0 -1
    outer loop
      vertex 29.4 0.4 0
      vertex 18.0255 14.1569 0
      vertex 18.0754 14.2434 0
    endloop
  endfacet
  facet normal 0 0 -1
    outer loop
      vertex 29.4 0.4 0
      vertex 17.9735 14.0717 0
      vertex 18.0255 14.1569 0
    endloop
  endfacet
  facet normal 0 0 -1
    outer loop
      vertex 29.4 0.4 0
      vertex 17.9194 13.9878 0
      vertex 17.9735 14.0717 0
    endloop
  endfacet
  facet normal 0 0 -1
    outer loop
      vertex 29.4 0.4 0
      vertex 17.8633 13.9052 0
      vertex 17.9194 13.9878 0
    endloop
  endfacet
  facet normal 0 0 -1
    outer loop
      vertex 29.4 0.4 0
      vertex 17.8052 13.824 0
      vertex 17.8633 13.9052 0
    endloop
  endfacet
  facet normal 0 0 -1
    outer loop
      vertex 29.4 0.4 0
      vertex 17.7451 13.7442 0
      vertex 17.8052 13.824 0
    endloop
  endfacet
  facet normal 0 0 -1
    outer loop
      vertex 29.4 0.4 0
      vertex 17.6832 13.6659 0
      vertex 17.7451 13.7442 0
    endloop
  endfacet
  facet normal 0 0 -1
    outer loop
      vertex 29.4 0.4 0
      vertex 17.6193 13.5892 0
      vertex 17.6832 13.6659 0
    endloop
  endfacet
  facet normal 0 0 -1
    outer loop
      vertex 29.4 0.4 0
      vertex 17.5536 13.514 0
      vertex 17.6193 13.5892 0
    endloop
  endfacet
  facet normal 0 0 -1
    outer loop
      vertex 29.4 0.4 0
      vertex 17.486 13.4404 0
      vertex 17.5536 13.514 0
    endloop
  endfacet
  facet normal 0 0 -1
    outer loop
      vertex 29.4 0.4 0
      vertex 17.4167 13.3686 0
      vertex 17.486 13.4404 0
    endloop
  endfacet
  facet normal 0 0 -1
    outer loop
      vertex 29.4 0.4 0
      vertex 17.3457 13.2984 0
      vertex 17.4167 13.3686 0
    endloop
  endfacet
  facet normal 0 0 -1
    outer loop
      vertex 29.4 0.4 0
      vertex 17.273 13.23 0
      vertex 17.3457 13.2984 0
    endloop
  endfacet
  facet normal 0 0 -1
    outer loop
      vertex 29.4 0.4 0
      vertex 17.1986 13.1633 0
      vertex 17.273 13.23 0
    endloop
  endfacet
  facet normal 0 0 -1
    outer loop
      vertex 28.9 -0.0999994 0
      vertex 17.1227 13.0985 0
      vertex 17.1986 13.1633 0
    endloop
  endfacet
  facet normal 0 0 -1
    outer loop
      vertex 28.9 -0.0999994 0
      vertex 17.0451 13.0356 0
      vertex 17.1227 13.0985 0
    endloop
  endfacet
  facet normal 0 0 -1
    outer loop
      vertex 28.9 -0.0999994 0
      vertex 16.9661 12.9746 0
      vertex 17.0451 13.0356 0
    endloop
  endfacet
  facet normal 0 0 -1
    outer loop
      vertex 28.9 -0.0999994 0
      vertex 16.8856 12.9155 0
      vertex 16.9661 12.9746 0
    endloop
  endfacet
  facet normal 0 0 -1
    outer loop
      vertex 28.9 -0.0999994 0
      vertex 16.8037 12.8584 0
      vertex 16.8856 12.9155 0
    endloop
  endfacet
  facet normal 0 0 -1
    outer loop
      vertex 28.9 -0.0999994 0
      vertex 16.7204 12.8033 0
      vertex 16.8037 12.8584 0
    endloop
  endfacet
  facet normal 0 0 -1
    outer loop
      vertex 28.9 -0.0999994 0
      vertex 16.6359 12.7503 0
      vertex 16.7204 12.8033 0
    endloop
  endfacet
  facet normal 0 0 -1
    outer loop
      vertex 28.9 -0.0999994 0
      vertex 16.55 12.6993 0
      vertex 16.6359 12.7503 0
    endloop
  endfacet
  facet normal 0 0 -1
    outer loop
      vertex 28.9 -0.0999994 0
      vertex 16.4629 12.6504 0
      vertex 16.55 12.6993 0
    endloop
  endfacet
  facet normal 0 0 -1
    outer loop
      vertex 28.9 -0.0999994 0
      vertex 16.3747 12.6037 0
      vertex 16.4629 12.6504 0
    endloop
  endfacet
  facet normal 0 0 -1
    outer loop
      vertex 28.9 -0.0999994 0
      vertex 16.2853 12.5591 0
      vertex 16.3747 12.6037 0
    endloop
  endfacet
  facet normal 0 0 -1
    outer loop
      vertex 28.9 -0.0999994 0
      vertex 16.1949 12.5167 0
      vertex 16.2853 12.5591 0
    endloop
  endfacet
  facet normal 0 0 -1
    outer loop
      vertex 28.9 -0.0999994 0
      vertex 16.1035 12.4766 0
      vertex 16.1949 12.5167 0
    endloop
  endfacet
  facet normal 0 0 -1
    outer loop
      vertex 28.9 -0.0999994 0
      vertex 16.0112 12.4387 0
      vertex 16.1035 12.4766 0
    endloop
  endfacet
  facet normal 0 0 -1
    outer loop
      vertex 28.9 -0.0999994 0
      vertex 15.9179 12.403 0
      vertex 16.0112 12.4387 0
    endloop
  endfacet
  facet normal 0 0 -1
    outer loop
      vertex 28.9 -0.0999994 0
      vertex 15.8238 12.3696 0
      vertex 15.9179 12.403 0
    endloop
  endfacet
  facet normal 0 0 -1
    outer loop
      vertex 28.9 -0.0999994 0
      vertex 15.7289 12.3385 0
      vertex 15.8238 12.3696 0
    endloop
  endfacet
  facet normal 0 0 -1
    outer loop
      vertex 28.9 -0.0999994 0
      vertex 15.6333 12.3097 0
      vertex 15.7289 12.3385 0
    endloop
  endfacet
  facet normal 0 0 -1
    outer loop
      vertex 28.9 -0.0999994 0
      vertex 15.537 12.2833 0
      vertex 15.6333 12.3097 0
    endloop
  endfacet
  facet normal 0 0 -1
    outer loop
      vertex 28.9 -0.0999994 0
      vertex 15.4401 12.2592 0
      vertex 15.537 12.2833 0
    endloop
  endfacet
  facet normal 0 0 -1
    outer loop
      vertex 28.9 -0.0999994 0
      vertex 15.3427 12.2375 0
      vertex 15.4401 12.2592 0
    endloop
  endfacet
  facet normal 0 0 -1
    outer loop
      vertex 28.9 -0.0999994 0
      vertex 15.2447 12.2182 0
      vertex 15.3427 12.2375 0
    endloop
  endfacet
  facet normal 0 0 -1
    outer loop
      vertex 28.9 -0.0999994 0
      vertex 15.1463 12.2013 0
      vertex 15.2447 12.2182 0
    endloop
  endfacet
  facet normal 0 0 -1
    outer loop
      vertex 28.9 -0.0999994 0
      vertex 15.0475 12.1867 0
      vertex 15.1463 12.2013 0
    endloop
  endfacet
  facet normal 0 0 -1
    outer loop
      vertex 28.9 -0.0999994 0
      vertex 14.9484 12.1746 0
      vertex 15.0475 12.1867 0
    endloop
  endfacet
  facet normal 0 0 -1
    outer loop
      vertex 28.9 -0.0999994 0
      vertex 14.849 12.1649 0
      vertex 14.9484 12.1746 0
    endloop
  endfacet
  facet normal 0 0 -1
    outer loop
      vertex 28.9 -0.0999994 0
      vertex 14.7495 12.1576 0
      vertex 14.849 12.1649 0
    endloop
  endfacet
  facet normal 0 0 -1
    outer loop
      vertex 28.9 -0.0999994 0
      vertex 14.6497 12.1527 0
      vertex 14.7495 12.1576 0
    endloop
  endfacet
  facet normal 0 0 -1
    outer loop
      vertex 28.9 -0.0999994 0
      vertex 14.5499 12.1503 0
      vertex 14.6497 12.1527 0
    endloop
  endfacet
  facet normal 0 0 -1
    outer loop
      vertex 0.4 -0.0999994 0
      vertex 14.5499 12.1503 0
      vertex 28.9 -0.0999994 0
    endloop
  endfacet
  facet normal -0 0 -1
    outer loop
      vertex 14.5499 12.1503 0
      vertex 0.4 -0.0999994 0
      vertex 14.4501 12.1503 0
    endloop
  endfacet
  facet normal -0 0 -1
    outer loop
      vertex 14.4501 12.1503 0
      vertex 0.4 -0.0999994 0
      vertex 14.3503 12.1527 0
    endloop
  endfacet
  facet normal -0 0 -1
    outer loop
      vertex 14.3503 12.1527 0
      vertex 0.4 -0.0999994 0
      vertex 14.2505 12.1576 0
    endloop
  endfacet
  facet normal -0 0 -1
    outer loop
      vertex 14.2505 12.1576 0
      vertex 0.4 -0.0999994 0
      vertex 14.151 12.1649 0
    endloop
  endfacet
  facet normal -0 0 -1
    outer loop
      vertex 14.151 12.1649 0
      vertex 0.4 -0.0999994 0
      vertex 14.0516 12.1746 0
    endloop
  endfacet
  facet normal -0 0 -1
    outer loop
      vertex 14.0516 12.1746 0
      vertex 0.4 -0.0999994 0
      vertex 13.9525 12.1867 0
    endloop
  endfacet
  facet normal -0 0 -1
    outer loop
      vertex 13.9525 12.1867 0
      vertex 0.4 -0.0999994 0
      vertex 13.8537 12.2013 0
    endloop
  endfacet
  facet normal -0 0 -1
    outer loop
      vertex 13.8537 12.2013 0
      vertex 0.4 -0.0999994 0
      vertex 13.7553 12.2182 0
    endloop
  endfacet
  facet normal -0 0 -1
    outer loop
      vertex 13.7553 12.2182 0
      vertex 0.4 -0.0999994 0
      vertex 13.6573 12.2375 0
    endloop
  endfacet
  facet normal -0 0 -1
    outer loop
      vertex 13.6573 12.2375 0
      vertex 0.4 -0.0999994 0
      vertex 13.5599 12.2592 0
    endloop
  endfacet
  facet normal -0 0 -1
    outer loop
      vertex 13.5599 12.2592 0
      vertex 0.4 -0.0999994 0
      vertex 13.463 12.2833 0
    endloop
  endfacet
  facet normal -0 0 -1
    outer loop
      vertex 13.463 12.2833 0
      vertex 0.4 -0.0999994 0
      vertex 13.3667 12.3097 0
    endloop
  endfacet
  facet normal -0 0 -1
    outer loop
      vertex 13.3667 12.3097 0
      vertex 0.4 -0.0999994 0
      vertex 13.2711 12.3385 0
    endloop
  endfacet
  facet normal -0 0 -1
    outer loop
      vertex 13.2711 12.3385 0
      vertex 0.4 -0.0999994 0
      vertex 13.1762 12.3696 0
    endloop
  endfacet
  facet normal -0 0 -1
    outer loop
      vertex 13.1762 12.3696 0
      vertex 0.4 -0.0999994 0
      vertex 13.0821 12.403 0
    endloop
  endfacet
  facet normal -0 0 -1
    outer loop
      vertex 13.0821 12.403 0
      vertex 0.4 -0.0999994 0
      vertex 12.9888 12.4387 0
    endloop
  endfacet
  facet normal -0 0 -1
    outer loop
      vertex 12.9888 12.4387 0
      vertex 0.4 -0.0999994 0
      vertex 12.8965 12.4766 0
    endloop
  endfacet
  facet normal -0 0 -1
    outer loop
      vertex 12.8965 12.4766 0
      vertex 0.4 -0.0999994 0
      vertex 12.8051 12.5167 0
    endloop
  endfacet
  facet normal -0 0 -1
    outer loop
      vertex 12.8051 12.5167 0
      vertex 0.4 -0.0999994 0
      vertex 12.7147 12.5591 0
    endloop
  endfacet
  facet normal -0 0 -1
    outer loop
      vertex 12.7147 12.5591 0
      vertex 0.4 -0.0999994 0
      vertex 12.6253 12.6037 0
    endloop
  endfacet
  facet normal -0 0 -1
    outer loop
      vertex 12.6253 12.6037 0
      vertex 0.4 -0.0999994 0
      vertex 12.5371 12.6504 0
    endloop
  endfacet
  facet normal -0 0 -1
    outer loop
      vertex 12.5371 12.6504 0
      vertex 0.4 -0.0999994 0
      vertex 12.45 12.6993 0
    endloop
  endfacet
  facet normal -0 0 -1
    outer loop
      vertex 12.45 12.6993 0
      vertex 0.4 -0.0999994 0
      vertex 12.3641 12.7503 0
    endloop
  endfacet
  facet normal -0 0 -1
    outer loop
      vertex 12.3641 12.7503 0
      vertex 0.4 -0.0999994 0
      vertex 12.2796 12.8033 0
    endloop
  endfacet
  facet normal -0 0 -1
    outer loop
      vertex 12.2796 12.8033 0
      vertex 0.4 -0.0999994 0
      vertex 12.1963 12.8584 0
    endloop
  endfacet
  facet normal -0 0 -1
    outer loop
      vertex 12.1963 12.8584 0
      vertex 0.4 -0.0999994 0
      vertex 12.1144 12.9155 0
    endloop
  endfacet
  facet normal -0 0 -1
    outer loop
      vertex 12.1144 12.9155 0
      vertex 0.4 -0.0999994 0
      vertex 12.0339 12.9746 0
    endloop
  endfacet
  facet normal 0 0 -1
    outer loop
      vertex 10.4109 15.9507 0
      vertex -0.0999994 27.9 0
      vertex 10.4049 16.0504 0
    endloop
  endfacet
  facet normal 0 0 -1
    outer loop
      vertex 10.4194 15.8512 0
      vertex -0.0999994 27.9 0
      vertex 10.4109 15.9507 0
    endloop
  endfacet
  facet normal 0 0 -1
    outer loop
      vertex -0.0999994 27.9 0
      vertex 10.4194 15.8512 0
      vertex -0.0999994 0.4 0
    endloop
  endfacet
  facet normal -0 0 -1
    outer loop
      vertex 10.4304 15.752 0
      vertex -0.0999994 0.4 0
      vertex 10.4194 15.8512 0
    endloop
  endfacet
  facet normal -0 0 -1
    outer loop
      vertex 10.4437 15.653 0
      vertex -0.0999994 0.4 0
      vertex 10.4304 15.752 0
    endloop
  endfacet
  facet normal -0 0 -1
    outer loop
      vertex 10.4594 15.5544 0
      vertex -0.0999994 0.4 0
      vertex 10.4437 15.653 0
    endloop
  endfacet
  facet normal -0 0 -1
    outer loop
      vertex 10.4776 15.4563 0
      vertex -0.0999994 0.4 0
      vertex 10.4594 15.5544 0
    endloop
  endfacet
  facet normal -0 0 -1
    outer loop
      vertex 10.4981 15.3585 0
      vertex -0.0999994 0.4 0
      vertex 10.4776 15.4563 0
    endloop
  endfacet
  facet normal -0 0 -1
    outer loop
      vertex 10.521 15.2613 0
      vertex -0.0999994 0.4 0
      vertex 10.4981 15.3585 0
    endloop
  endfacet
  facet normal -0 0 -1
    outer loop
      vertex 10.5462 15.1647 0
      vertex -0.0999994 0.4 0
      vertex 10.521 15.2613 0
    endloop
  endfacet
  facet normal -0 0 -1
    outer loop
      vertex 10.5738 15.0688 0
      vertex -0.0999994 0.4 0
      vertex 10.5462 15.1647 0
    endloop
  endfacet
  facet normal -0 0 -1
    outer loop
      vertex 10.6038 14.9735 0
      vertex -0.0999994 0.4 0
      vertex 10.5738 15.0688 0
    endloop
  endfacet
  facet normal -0 0 -1
    outer loop
      vertex 10.636 14.879 0
      vertex -0.0999994 0.4 0
      vertex 10.6038 14.9735 0
    endloop
  endfacet
  facet normal -0 0 -1
    outer loop
      vertex 10.6705 14.7854 0
      vertex -0.0999994 0.4 0
      vertex 10.636 14.879 0
    endloop
  endfacet
  facet normal -0 0 -1
    outer loop
      vertex 10.7073 14.6925 0
      vertex -0.0999994 0.4 0
      vertex 10.6705 14.7854 0
    endloop
  endfacet
  facet normal -0 0 -1
    outer loop
      vertex 10.7464 14.6006 0
      vertex -0.0999994 0.4 0
      vertex 10.7073 14.6925 0
    endloop
  endfacet
  facet normal -0 0 -1
    outer loop
      vertex 10.7877 14.5097 0
      vertex -0.0999994 0.4 0
      vertex 10.7464 14.6006 0
    endloop
  endfacet
  facet normal -0 0 -1
    outer loop
      vertex 10.8311 14.4198 0
      vertex -0.0999994 0.4 0
      vertex 10.7877 14.5097 0
    endloop
  endfacet
  facet normal -0 0 -1
    outer loop
      vertex 10.8768 14.331 0
      vertex -0.0999994 0.4 0
      vertex 10.8311 14.4198 0
    endloop
  endfacet
  facet normal -0 0 -1
    outer loop
      vertex 10.9246 14.2434 0
      vertex -0.0999994 0.4 0
      vertex 10.8768 14.331 0
    endloop
  endfacet
  facet normal -0 0 -1
    outer loop
      vertex 10.9745 14.1569 0
      vertex -0.0999994 0.4 0
      vertex 10.9246 14.2434 0
    endloop
  endfacet
  facet normal -0 0 -1
    outer loop
      vertex 11.0265 14.0717 0
      vertex -0.0999994 0.4 0
      vertex 10.9745 14.1569 0
    endloop
  endfacet
  facet normal -0 0 -1
    outer loop
      vertex 11.0806 13.9878 0
      vertex -0.0999994 0.4 0
      vertex 11.0265 14.0717 0
    endloop
  endfacet
  facet normal -0 0 -1
    outer loop
      vertex 11.1367 13.9052 0
      vertex -0.0999994 0.4 0
      vertex 11.0806 13.9878 0
    endloop
  endfacet
  facet normal -0 0 -1
    outer loop
      vertex 11.1948 13.824 0
      vertex -0.0999994 0.4 0
      vertex 11.1367 13.9052 0
    endloop
  endfacet
  facet normal -0 0 -1
    outer loop
      vertex 11.2549 13.7442 0
      vertex -0.0999994 0.4 0
      vertex 11.1948 13.824 0
    endloop
  endfacet
  facet normal -0 0 -1
    outer loop
      vertex 11.3168 13.6659 0
      vertex -0.0999994 0.4 0
      vertex 11.2549 13.7442 0
    endloop
  endfacet
  facet normal -0 0 -1
    outer loop
      vertex 11.3807 13.5892 0
      vertex -0.0999994 0.4 0
      vertex 11.3168 13.6659 0
    endloop
  endfacet
  facet normal -0 0 -1
    outer loop
      vertex 11.4464 13.514 0
      vertex -0.0999994 0.4 0
      vertex 11.3807 13.5892 0
    endloop
  endfacet
  facet normal -0 0 -1
    outer loop
      vertex 11.514 13.4404 0
      vertex -0.0999994 0.4 0
      vertex 11.4464 13.514 0
    endloop
  endfacet
  facet normal -0 0 -1
    outer loop
      vertex 11.5833 13.3686 0
      vertex -0.0999994 0.4 0
      vertex 11.514 13.4404 0
    endloop
  endfacet
  facet normal -0 0 -1
    outer loop
      vertex 11.6543 13.2984 0
      vertex -0.0999994 0.4 0
      vertex 11.5833 13.3686 0
    endloop
  endfacet
  facet normal -0 0 -1
    outer loop
      vertex 11.727 13.23 0
      vertex -0.0999994 0.4 0
      vertex 11.6543 13.2984 0
    endloop
  endfacet
  facet normal -0 0 -1
    outer loop
      vertex 11.8014 13.1633 0
      vertex -0.0999994 0.4 0
      vertex 11.727 13.23 0
    endloop
  endfacet
  facet normal -0 0 -1
    outer loop
      vertex 11.8773 13.0985 0
      vertex -0.0999994 0.4 0
      vertex 11.8014 13.1633 0
    endloop
  endfacet
  facet normal 0 0 -1
    outer loop
      vertex -0.0999994 0.4 0
      vertex 11.8773 13.0985 0
      vertex 0.4 -0.0999994 0
    endloop
  endfacet
  facet normal -0 0 -1
    outer loop
      vertex 11.9549 13.0356 0
      vertex 0.4 -0.0999994 0
      vertex 11.8773 13.0985 0
    endloop
  endfacet
  facet normal -0 0 -1
    outer loop
      vertex 12.0339 12.9746 0
      vertex 0.4 -0.0999994 0
      vertex 11.9549 13.0356 0
    endloop
  endfacet
  facet normal 0 0 -1
    outer loop
      vertex 18.5019 17.1415 0
      vertex 29.4 27.9 0
      vertex 18.5224 17.0437 0
    endloop
  endfacet
  facet normal 0 0 -1
    outer loop
      vertex 18.479 17.2386 0
      vertex 29.4 27.9 0
      vertex 18.5019 17.1415 0
    endloop
  endfacet
  facet normal 0 0 -1
    outer loop
      vertex 18.4538 17.3353 0
      vertex 29.4 27.9 0
      vertex 18.479 17.2386 0
    endloop
  endfacet
  facet normal 0 0 -1
    outer loop
      vertex 18.4262 17.4312 0
      vertex 29.4 27.9 0
      vertex 18.4538 17.3353 0
    endloop
  endfacet
  facet normal 0 0 -1
    outer loop
      vertex 18.3962 17.5265 0
      vertex 29.4 27.9 0
      vertex 18.4262 17.4312 0
    endloop
  endfacet
  facet normal 0 0 -1
    outer loop
      vertex 18.364 17.621 0
      vertex 29.4 27.9 0
      vertex 18.3962 17.5265 0
    endloop
  endfacet
  facet normal 0 0 -1
    outer loop
      vertex 29.0913 28.3619 0
      vertex 28.9 28.4 0
      vertex 28.9975 28.3904 0
    endloop
  endfacet
  facet normal 0 0 -1
    outer loop
      vertex 18.3295 17.7146 0
      vertex 29.4 27.9 0
      vertex 18.364 17.621 0
    endloop
  endfacet
  facet normal 0 0 -1
    outer loop
      vertex 18.2927 17.8075 0
      vertex 29.4 27.9 0
      vertex 18.3295 17.7146 0
    endloop
  endfacet
  facet normal 0 0 -1
    outer loop
      vertex 29.1778 28.3157 0
      vertex 28.9 28.4 0
      vertex 29.0913 28.3619 0
    endloop
  endfacet
  facet normal 0 0 -1
    outer loop
      vertex 18.2536 17.8994 0
      vertex 29.4 27.9 0
      vertex 18.2927 17.8075 0
    endloop
  endfacet
  facet normal 0 0 -1
    outer loop
      vertex 18.2123 17.9903 0
      vertex 29.4 27.9 0
      vertex 18.2536 17.8994 0
    endloop
  endfacet
  facet normal 0 0 -1
    outer loop
      vertex 29.2536 28.2536 0
      vertex 28.9 28.4 0
      vertex 29.1778 28.3157 0
    endloop
  endfacet
  facet normal 0 0 -1
    outer loop
      vertex 18.1689 18.0802 0
      vertex 29.4 27.9 0
      vertex 18.2123 17.9903 0
    endloop
  endfacet
  facet normal 0 0 -1
    outer loop
      vertex 29.3157 28.1778 0
      vertex 28.9 28.4 0
      vertex 29.2536 28.2536 0
    endloop
  endfacet
  facet normal 0 0 -1
    outer loop
      vertex 18.1232 18.169 0
      vertex 29.4 27.9 0
      vertex 18.1689 18.0802 0
    endloop
  endfacet
  facet normal 0 0 -1
    outer loop
      vertex 18.0754 18.2566 0
      vertex 29.4 27.9 0
      vertex 18.1232 18.169 0
    endloop
  endfacet
  facet normal 0 0 -1
    outer loop
      vertex 29.3619 28.0913 0
      vertex 28.9 28.4 0
      vertex 29.3157 28.1778 0
    endloop
  endfacet
  facet normal 0 0 -1
    outer loop
      vertex 18.0255 18.3431 0
      vertex 29.4 27.9 0
      vertex 18.0754 18.2566 0
    endloop
  endfacet
  facet normal 0 0 -1
    outer loop
      vertex 29.3904 27.9975 0
      vertex 28.9 28.4 0
      vertex 29.3619 28.0913 0
    endloop
  endfacet
  facet normal 0 0 -1
    outer loop
      vertex 17.9735 18.4283 0
      vertex 29.4 27.9 0
      vertex 18.0255 18.3431 0
    endloop
  endfacet
  facet normal 0 0 -1
    outer loop
      vertex 17.9194 18.5122 0
      vertex 29.4 27.9 0
      vertex 17.9735 18.4283 0
    endloop
  endfacet
  facet normal 0 0 -1
    outer loop
      vertex 29.4 27.9 0
      vertex 28.9 28.4 0
      vertex 29.3904 27.9975 0
    endloop
  endfacet
  facet normal 0 0 -1
    outer loop
      vertex 17.8633 18.5948 0
      vertex 29.4 27.9 0
      vertex 17.9194 18.5122 0
    endloop
  endfacet
  facet normal -0 0 -1
    outer loop
      vertex 29.4 27.9 0
      vertex 17.8633 18.5948 0
      vertex 28.9 28.4 0
    endloop
  endfacet
  facet normal 0 0 -1
    outer loop
      vertex 17.8052 18.676 0
      vertex 28.9 28.4 0
      vertex 17.8633 18.5948 0
    endloop
  endfacet
  facet normal 0 0 -1
    outer loop
      vertex 17.7451 18.7558 0
      vertex 28.9 28.4 0
      vertex 17.8052 18.676 0
    endloop
  endfacet
  facet normal 0 0 -1
    outer loop
      vertex 17.6832 18.8341 0
      vertex 28.9 28.4 0
      vertex 17.7451 18.7558 0
    endloop
  endfacet
  facet normal -0 0 -1
    outer loop
      vertex 28.9 28.4 0
      vertex 17.6832 18.8341 0
      vertex 18 28.4 0
    endloop
  endfacet
  facet normal 0 0 -1
    outer loop
      vertex 17.6193 18.9108 0
      vertex 18 28.4 0
      vertex 17.6832 18.8341 0
    endloop
  endfacet
  facet normal 0 0 -1
    outer loop
      vertex 17.5536 18.986 0
      vertex 18 28.4 0
      vertex 17.6193 18.9108 0
    endloop
  endfacet
  facet normal 0 0 -1
    outer loop
      vertex 17.486 19.0596 0
      vertex 18 28.4 0
      vertex 17.5536 18.986 0
    endloop
  endfacet
  facet normal 0 0 -1
    outer loop
      vertex 17.4167 19.1314 0
      vertex 18 28.4 0
      vertex 17.486 19.0596 0
    endloop
  endfacet
  facet normal 0 0 -1
    outer loop
      vertex 17.3457 19.2016 0
      vertex 18 28.4 0
      vertex 17.4167 19.1314 0
    endloop
  endfacet
  facet normal 0 0 -1
    outer loop
      vertex 17.273 19.27 0
      vertex 18 28.4 0
      vertex 17.3457 19.2016 0
    endloop
  endfacet
  facet normal 0 0 -1
    outer loop
      vertex 17.1986 19.3367 0
      vertex 18 28.4 0
      vertex 17.273 19.27 0
    endloop
  endfacet
  facet normal 0 0 -1
    outer loop
      vertex 17.1227 19.4015 0
      vertex 18 28.4 0
      vertex 17.1986 19.3367 0
    endloop
  endfacet
  facet normal 0 0 -1
    outer loop
      vertex 17.0451 19.4644 0
      vertex 18 28.4 0
      vertex 17.1227 19.4015 0
    endloop
  endfacet
  facet normal 0 0 -1
    outer loop
      vertex 16.9661 19.5254 0
      vertex 18 28.4 0
      vertex 17.0451 19.4644 0
    endloop
  endfacet
  facet normal 0 0 -1
    outer loop
      vertex 16.8856 19.5845 0
      vertex 18 28.4 0
      vertex 16.9661 19.5254 0
    endloop
  endfacet
  facet normal 0 0 -1
    outer loop
      vertex 16.8037 19.6416 0
      vertex 18 28.4 0
      vertex 16.8856 19.5845 0
    endloop
  endfacet
  facet normal 0 0 -1
    outer loop
      vertex 16.7204 19.6967 0
      vertex 18 28.4 0
      vertex 16.8037 19.6416 0
    endloop
  endfacet
  facet normal 0 0 -1
    outer loop
      vertex 16.6359 19.7497 0
      vertex 18 28.4 0
      vertex 16.7204 19.6967 0
    endloop
  endfacet
  facet normal 0 0 -1
    outer loop
      vertex 16.55 19.8007 0
      vertex 18 28.4 0
      vertex 16.6359 19.7497 0
    endloop
  endfacet
  facet normal 0 0 -1
    outer loop
      vertex 16.4629 19.8496 0
      vertex 18 28.4 0
      vertex 16.55 19.8007 0
    endloop
  endfacet
  facet normal 0 0 -1
    outer loop
      vertex 16.3747 19.8963 0
      vertex 18 28.4 0
      vertex 16.4629 19.8496 0
    endloop
  endfacet
  facet normal 0 0 -1
    outer loop
      vertex 16.2853 19.9409 0
      vertex 18 28.4 0
      vertex 16.3747 19.8963 0
    endloop
  endfacet
  facet normal 0 0 -1
    outer loop
      vertex 16.1949 19.9833 0
      vertex 18 28.4 0
      vertex 16.2853 19.9409 0
    endloop
  endfacet
  facet normal 0 0 -1
    outer loop
      vertex 16.1035 20.0234 0
      vertex 18 28.4 0
      vertex 16.1949 19.9833 0
    endloop
  endfacet
  facet normal 0 0 -1
    outer loop
      vertex 16.0112 20.0613 0
      vertex 18 28.4 0
      vertex 16.1035 20.0234 0
    endloop
  endfacet
  facet normal 0 0 -1
    outer loop
      vertex 15.9179 20.097 0
      vertex 18 28.4 0
      vertex 16.0112 20.0613 0
    endloop
  endfacet
  facet normal 0 0 -1
    outer loop
      vertex 18 28.4 0
      vertex 16 28.4 0
      vertex 18 31.1 0
    endloop
  endfacet
  facet normal -0 0 -1
    outer loop
      vertex 18 31.1 0
      vertex 16 28.4 0
      vertex 16 31.1 0
    endloop
  endfacet
  facet normal 1 -0 0
    outer loop
      vertex 29.4 0.4 9
      vertex 29.4 27.9 0
      vertex 29.4 27.9 9
    endloop
  endfacet
  facet normal 1 0 0
    outer loop
      vertex 29.4 27.9 0
      vertex 29.4 0.4 9
      vertex 29.4 0.4 0
    endloop
  endfacet
  facet normal -0.958126 -0.286348 0
    outer loop
      vertex 0 0 0
      vertex -0.0903921 0.302454 9
      vertex -0.0903921 0.302454 0
    endloop
  endfacet
  facet normal -0.958126 -0.286348 0
    outer loop
      vertex -0.0903921 0.302454 9
      vertex 0 0 0
      vertex 0 0 9
    endloop
  endfacet
  facet normal 0.881944 -0.471355 0
    outer loop
      vertex 29.3157 0.122214 9
      vertex 29.3619 0.208658 0
      vertex 29.3619 0.208658 9
    endloop
  endfacet
  facet normal 0.881944 -0.471355 0
    outer loop
      vertex 29.3619 0.208658 0
      vertex 29.3157 0.122214 9
      vertex 29.3157 0.122214 0
    endloop
  endfacet
  facet normal 0 1 0
    outer loop
      vertex 11 28.4 4
      vertex 11 28.4 0
      vertex 5.5 28.4 4
    endloop
  endfacet
  facet normal 0 1 -0
    outer loop
      vertex 5.5 28.4 4
      vertex 0.4 28.4 9
      vertex 5.5 28.4 9
    endloop
  endfacet
  facet normal 0 1 0
    outer loop
      vertex 5.5 28.4 4
      vertex 0.4 28.4 0
      vertex 0.4 28.4 9
    endloop
  endfacet
  facet normal 0 1 0
    outer loop
      vertex 0.4 28.4 0
      vertex 5.5 28.4 4
      vertex 11 28.4 0
    endloop
  endfacet
  facet normal 0 1 0
    outer loop
      vertex 28.9 28.4 9
      vertex 23.5 28.4 4
      vertex 23.5 28.4 9
    endloop
  endfacet
  facet normal 0 1 -0
    outer loop
      vertex 28.9 28.4 0
      vertex 23.5 28.4 4
      vertex 28.9 28.4 9
    endloop
  endfacet
  facet normal 0 1 0
    outer loop
      vertex 18 28.4 0
      vertex 23.5 28.4 4
      vertex 28.9 28.4 0
    endloop
  endfacet
  facet normal 0 1 0
    outer loop
      vertex 23.5 28.4 4
      vertex 18 28.4 0
      vertex 18 28.4 4
    endloop
  endfacet
  facet normal 0 1 -0
    outer loop
      vertex 16 28.4 0
      vertex 13 28.4 4
      vertex 16 28.4 4
    endloop
  endfacet
  facet normal 0 1 0
    outer loop
      vertex 13 28.4 4
      vertex 16 28.4 0
      vertex 13 28.4 0
    endloop
  endfacet
  facet normal -1 0 0
    outer loop
      vertex -0.0999994 0.4 0
      vertex -0.0999994 27.9 9
      vertex -0.0999994 27.9 0
    endloop
  endfacet
  facet normal -1 -0 0
    outer loop
      vertex -0.0999994 27.9 9
      vertex -0.0999994 0.4 0
      vertex -0.0999994 0.4 9
    endloop
  endfacet
  facet normal 0.0980615 -0.99518 0
    outer loop
      vertex 28.9 -0.0999994 0
      vertex 28.9975 -0.0903921 9
      vertex 28.9 -0.0999994 9
    endloop
  endfacet
  facet normal 0.0980615 -0.99518 0
    outer loop
      vertex 28.9975 -0.0903921 9
      vertex 28.9 -0.0999994 0
      vertex 28.9975 -0.0903921 0
    endloop
  endfacet
  facet normal 0.471117 0.882071 -0
    outer loop
      vertex 29.1778 28.3157 0
      vertex 29.0913 28.3619 9
      vertex 29.1778 28.3157 9
    endloop
  endfacet
  facet normal 0.471117 0.882071 0
    outer loop
      vertex 29.0913 28.3619 9
      vertex 29.1778 28.3157 0
      vertex 29.0913 28.3619 0
    endloop
  endfacet
  facet normal 0 -1 0
    outer loop
      vertex 0.4 -0.0999994 0
      vertex 28.9 -0.0999994 9
      vertex 0.4 -0.0999994 9
    endloop
  endfacet
  facet normal 0 -1 -0
    outer loop
      vertex 28.9 -0.0999994 9
      vertex 0.4 -0.0999994 0
      vertex 28.9 -0.0999994 0
    endloop
  endfacet
  facet normal 0.634229 -0.773145 0
    outer loop
      vertex 29.1778 -0.0157347 0
      vertex 29.2536 0.0464458 9
      vertex 29.1778 -0.0157347 9
    endloop
  endfacet
  facet normal 0.634229 -0.773145 0
    outer loop
      vertex 29.2536 0.0464458 9
      vertex 29.1778 -0.0157347 0
      vertex 29.2536 0.0464458 0
    endloop
  endfacet
  facet normal -0.99518 0.0980615 0
    outer loop
      vertex -0.0999994 27.9 0
      vertex -0.0903921 27.9975 9
      vertex -0.0903921 27.9975 0
    endloop
  endfacet
  facet normal -0.99518 0.0980615 0
    outer loop
      vertex -0.0903921 27.9975 9
      vertex -0.0999994 27.9 0
      vertex -0.0999994 27.9 9
    endloop
  endfacet
  facet normal -0.633897 0.773418 0
    outer loop
      vertex 0.122214 28.3157 0
      vertex 0.0464458 28.2536 9
      vertex 0.122214 28.3157 9
    endloop
  endfacet
  facet normal -0.633897 0.773418 0
    outer loop
      vertex 0.0464458 28.2536 9
      vertex 0.122214 28.3157 0
      vertex 0.0464458 28.2536 0
    endloop
  endfacet
  facet normal 0.95681 0.290715 0
    outer loop
      vertex 29.3904 27.9975 9
      vertex 29.3619 28.0913 0
      vertex 29.3619 28.0913 9
    endloop
  endfacet
  facet normal 0.95681 0.290715 0
    outer loop
      vertex 29.3619 28.0913 0
      vertex 29.3904 27.9975 9
      vertex 29.3904 27.9975 0
    endloop
  endfacet
  facet normal 0.995192 -0.0979419 0
    outer loop
      vertex 29.3904 0.302454 9
      vertex 29.4 0.4 0
      vertex 29.4 0.4 9
    endloop
  endfacet
  facet normal 0.995192 -0.0979419 0
    outer loop
      vertex 29.4 0.4 0
      vertex 29.3904 0.302454 9
      vertex 29.3904 0.302454 0
    endloop
  endfacet
  facet normal 0.882071 0.471117 0
    outer loop
      vertex 29.3619 28.0913 9
      vertex 29.3157 28.1778 0
      vertex 29.3157 28.1778 9
    endloop
  endfacet
  facet normal 0.882071 0.471117 0
    outer loop
      vertex 29.3157 28.1778 0
      vertex 29.3619 28.0913 9
      vertex 29.3619 28.0913 0
    endloop
  endfacet
  facet normal -0.773145 0.634229 0
    outer loop
      vertex -0.0157347 28.1778 0
      vertex 0.0464458 28.2536 9
      vertex 0.0464458 28.2536 0
    endloop
  endfacet
  facet normal -0.773145 0.634229 0
    outer loop
      vertex 0.0464458 28.2536 9
      vertex -0.0157347 28.1778 0
      vertex -0.0157347 28.1778 9
    endloop
  endfacet
  facet normal 0.956806 -0.290726 0
    outer loop
      vertex 29.3619 0.208658 9
      vertex 29.3904 0.302454 0
      vertex 29.3904 0.302454 9
    endloop
  endfacet
  facet normal 0.956806 -0.290726 0
    outer loop
      vertex 29.3904 0.302454 0
      vertex 29.3619 0.208658 9
      vertex 29.3619 0.208658 0
    endloop
  endfacet
  facet normal -0.956943 0.290275 0
    outer loop
      vertex -0.0903921 27.9975 0
      vertex -0.0619392 28.0913 9
      vertex -0.0619392 28.0913 0
    endloop
  endfacet
  facet normal -0.956943 0.290275 0
    outer loop
      vertex -0.0619392 28.0913 9
      vertex -0.0903921 27.9975 0
      vertex -0.0903921 27.9975 9
    endloop
  endfacet
  facet normal 0.471153 -0.882051 0
    outer loop
      vertex 29.0913 -0.0619392 0
      vertex 29.1778 -0.0157347 9
      vertex 29.0913 -0.0619392 9
    endloop
  endfacet
  facet normal 0.471153 -0.882051 0
    outer loop
      vertex 29.1778 -0.0157347 9
      vertex 29.0913 -0.0619392 0
      vertex 29.1778 -0.0157347 0
    endloop
  endfacet
  facet normal -0.0979419 0.995192 0
    outer loop
      vertex 0.4 28.4 0
      vertex 0.302454 28.3904 9
      vertex 0.4 28.4 9
    endloop
  endfacet
  facet normal -0.0979419 0.995192 0
    outer loop
      vertex 0.302454 28.3904 9
      vertex 0.4 28.4 0
      vertex 0.302454 28.3904 0
    endloop
  endfacet
  facet normal -0.290726 0.956806 0
    outer loop
      vertex 0.302454 28.3904 0
      vertex 0.208658 28.3619 9
      vertex 0.302454 28.3904 9
    endloop
  endfacet
  facet normal -0.290726 0.956806 0
    outer loop
      vertex 0.208658 28.3619 9
      vertex 0.302454 28.3904 0
      vertex 0.208658 28.3619 0
    endloop
  endfacet
  facet normal -0.471355 0.881944 0
    outer loop
      vertex 0.208658 28.3619 0
      vertex 0.122214 28.3157 9
      vertex 0.208658 28.3619 9
    endloop
  endfacet
  facet normal -0.471355 0.881944 0
    outer loop
      vertex 0.122214 28.3157 9
      vertex 0.208658 28.3619 0
      vertex 0.122214 28.3157 0
    endloop
  endfacet
  facet normal -0.882051 0.471153 0
    outer loop
      vertex -0.0619392 28.0913 0
      vertex -0.0157347 28.1778 9
      vertex -0.0157347 28.1778 0
    endloop
  endfacet
  facet normal -0.882051 0.471153 0
    outer loop
      vertex -0.0157347 28.1778 9
      vertex -0.0619392 28.0913 0
      vertex -0.0619392 28.0913 9
    endloop
  endfacet
  facet normal 0.290715 0.95681 -0
    outer loop
      vertex 29.0913 28.3619 0
      vertex 28.9975 28.3904 9
      vertex 29.0913 28.3619 9
    endloop
  endfacet
  facet normal 0.290715 0.95681 0
    outer loop
      vertex 28.9975 28.3904 9
      vertex 29.0913 28.3619 0
      vertex 28.9975 28.3904 0
    endloop
  endfacet
  facet normal 0.633738 0.773548 -0
    outer loop
      vertex 29.2536 28.2536 0
      vertex 29.1778 28.3157 9
      vertex 29.2536 28.2536 9
    endloop
  endfacet
  facet normal 0.633738 0.773548 0
    outer loop
      vertex 29.1778 28.3157 9
      vertex 29.2536 28.2536 0
      vertex 29.1778 28.3157 0
    endloop
  endfacet
  facet normal -0.995185 -0.0980157 0
    outer loop
      vertex -0.0903921 0.302454 0
      vertex -0.0999994 0.4 9
      vertex -0.0999994 0.4 0
    endloop
  endfacet
  facet normal -0.995185 -0.0980157 0
    outer loop
      vertex -0.0999994 0.4 9
      vertex -0.0903921 0.302454 0
      vertex -0.0903921 0.302454 9
    endloop
  endfacet
  facet normal 0.773548 0.633738 0
    outer loop
      vertex 29.3157 28.1778 9
      vertex 29.2536 28.2536 0
      vertex 29.2536 28.2536 9
    endloop
  endfacet
  facet normal 0.773548 0.633738 0
    outer loop
      vertex 29.2536 28.2536 0
      vertex 29.3157 28.1778 9
      vertex 29.3157 28.1778 0
    endloop
  endfacet
  facet normal 0.0979877 0.995188 -0
    outer loop
      vertex 28.9975 28.3904 0
      vertex 28.9 28.4 9
      vertex 28.9975 28.3904 9
    endloop
  endfacet
  facet normal 0.0979877 0.995188 0
    outer loop
      vertex 28.9 28.4 9
      vertex 28.9975 28.3904 0
      vertex 28.9 28.4 0
    endloop
  endfacet
  facet normal 0.290275 -0.956943 0
    outer loop
      vertex 28.9975 -0.0903921 0
      vertex 29.0913 -0.0619392 9
      vertex 28.9975 -0.0903921 9
    endloop
  endfacet
  facet normal 0.290275 -0.956943 0
    outer loop
      vertex 29.0913 -0.0619392 9
      vertex 28.9975 -0.0903921 0
      vertex 29.0913 -0.0619392 0
    endloop
  endfacet
  facet normal -0.286348 -0.958126 0
    outer loop
      vertex 0 0 0
      vertex 0.302454 -0.0903921 9
      vertex 0 0 9
    endloop
  endfacet
  facet normal -0.286348 -0.958126 -0
    outer loop
      vertex 0.302454 -0.0903921 9
      vertex 0 0 0
      vertex 0.302454 -0.0903921 0
    endloop
  endfacet
  facet normal -0.0980157 -0.995185 0
    outer loop
      vertex 0.302454 -0.0903921 0
      vertex 0.4 -0.0999994 9
      vertex 0.302454 -0.0903921 9
    endloop
  endfacet
  facet normal -0.0980157 -0.995185 -0
    outer loop
      vertex 0.4 -0.0999994 9
      vertex 0.302454 -0.0903921 0
      vertex 0.4 -0.0999994 0
    endloop
  endfacet
  facet normal 0 0 1
    outer loop
      vertex 5.5 28.4 9
      vertex 1.5 26.5 9
      vertex 5.5 26.5 9
    endloop
  endfacet
  facet normal -0 0 1
    outer loop
      vertex -0.0999994 27.9 9
      vertex 1.5 26.5 9
      vertex 0.4 28.4 9
    endloop
  endfacet
  facet normal -0 0 1
    outer loop
      vertex 0.4 28.4 9
      vertex 1.5 26.5 9
      vertex 5.5 28.4 9
    endloop
  endfacet
  facet normal 0 0 1
    outer loop
      vertex 28.9 28.4 9
      vertex 29.4 27.9 9
      vertex 29.3904 27.9975 9
    endloop
  endfacet
  facet normal 0 0 1
    outer loop
      vertex 29.4 27.9 9
      vertex 27.5 26.5 9
      vertex 29.4 0.4 9
    endloop
  endfacet
  facet normal 0 0 1
    outer loop
      vertex 28.9 28.4 9
      vertex 29.3904 27.9975 9
      vertex 29.3619 28.0913 9
    endloop
  endfacet
  facet normal -0 0 1
    outer loop
      vertex 27.5 1.5 9
      vertex 29.4 0.4 9
      vertex 27.5 26.5 9
    endloop
  endfacet
  facet normal 0 0 1
    outer loop
      vertex 28.9 28.4 9
      vertex 29.3619 28.0913 9
      vertex 29.3157 28.1778 9
    endloop
  endfacet
  facet normal 0 -0 1
    outer loop
      vertex 28.9 -0.0999994 9
      vertex 29.4 0.4 9
      vertex 27.5 1.5 9
    endloop
  endfacet
  facet normal 0 0 1
    outer loop
      vertex 28.9 28.4 9
      vertex 29.3157 28.1778 9
      vertex 29.2536 28.2536 9
    endloop
  endfacet
  facet normal 0 0 1
    outer loop
      vertex 29.4 0.4 9
      vertex 28.9 -0.0999994 9
      vertex 29.3904 0.302454 9
    endloop
  endfacet
  facet normal 0 0 1
    outer loop
      vertex 28.9 28.4 9
      vertex 29.2536 28.2536 9
      vertex 29.1778 28.3157 9
    endloop
  endfacet
  facet normal 0 0 1
    outer loop
      vertex 29.3904 0.302454 9
      vertex 28.9 -0.0999994 9
      vertex 29.3619 0.208658 9
    endloop
  endfacet
  facet normal 0 0 1
    outer loop
      vertex 28.9 28.4 9
      vertex 29.1778 28.3157 9
      vertex 29.0913 28.3619 9
    endloop
  endfacet
  facet normal 0 0 1
    outer loop
      vertex 29.3619 0.208658 9
      vertex 28.9 -0.0999994 9
      vertex 29.3157 0.122214 9
    endloop
  endfacet
  facet normal 0 0 1
    outer loop
      vertex 28.9 28.4 9
      vertex 29.0913 28.3619 9
      vertex 28.9975 28.3904 9
    endloop
  endfacet
  facet normal 0 0 1
    outer loop
      vertex 29.3157 0.122214 9
      vertex 28.9 -0.0999994 9
      vertex 29.2536 0.0464458 9
    endloop
  endfacet
  facet normal 0 0 1
    outer loop
      vertex 29.4 27.9 9
      vertex 28.9 28.4 9
      vertex 27.5 26.5 9
    endloop
  endfacet
  facet normal 0 0 1
    outer loop
      vertex 29.2536 0.0464458 9
      vertex 28.9 -0.0999994 9
      vertex 29.1778 -0.0157347 9
    endloop
  endfacet
  facet normal 0 0 1
    outer loop
      vertex 29.1778 -0.0157347 9
      vertex 28.9 -0.0999994 9
      vertex 29.0913 -0.0619392 9
    endloop
  endfacet
  facet normal -0 0 1
    outer loop
      vertex 23.5 28.4 9
      vertex 27.5 26.5 9
      vertex 28.9 28.4 9
    endloop
  endfacet
  facet normal 0 0 1
    outer loop
      vertex 27.5 26.5 9
      vertex 23.5 28.4 9
      vertex 23.5 26.5 9
    endloop
  endfacet
  facet normal 0 0 1
    outer loop
      vertex 29.0913 -0.0619392 9
      vertex 28.9 -0.0999994 9
      vertex 28.9975 -0.0903921 9
    endloop
  endfacet
  facet normal 0 0 1
    outer loop
      vertex 0.4 -0.0999994 9
      vertex 27.5 1.5 9
      vertex 1.5 1.5 9
    endloop
  endfacet
  facet normal 0 0 1
    outer loop
      vertex 27.5 1.5 9
      vertex 0.4 -0.0999994 9
      vertex 28.9 -0.0999994 9
    endloop
  endfacet
  facet normal 0 0 1
    outer loop
      vertex -0.0999994 0.4 9
      vertex 1.5 26.5 9
      vertex -0.0999994 27.9 9
    endloop
  endfacet
  facet normal 0 0 1
    outer loop
      vertex -0.0999994 27.9 9
      vertex 0.4 28.4 9
      vertex 0.302454 28.3904 9
    endloop
  endfacet
  facet normal 0 0 1
    outer loop
      vertex 1.5 26.5 9
      vertex -0.0999994 0.4 9
      vertex 1.5 1.5 9
    endloop
  endfacet
  facet normal 0 0 1
    outer loop
      vertex -0.0999994 27.9 9
      vertex 0.302454 28.3904 9
      vertex 0.208658 28.3619 9
    endloop
  endfacet
  facet normal 0 0 1
    outer loop
      vertex -0.0999994 27.9 9
      vertex 0.208658 28.3619 9
      vertex 0.122214 28.3157 9
    endloop
  endfacet
  facet normal 0 0 1
    outer loop
      vertex -0.0999994 27.9 9
      vertex 0.122214 28.3157 9
      vertex 0.0464458 28.2536 9
    endloop
  endfacet
  facet normal 0 0 1
    outer loop
      vertex 1.5 1.5 9
      vertex -0.0999994 0.4 9
      vertex 0.4 -0.0999994 9
    endloop
  endfacet
  facet normal 0 0 1
    outer loop
      vertex -0.0999994 27.9 9
      vertex 0.0464458 28.2536 9
      vertex -0.0157347 28.1778 9
    endloop
  endfacet
  facet normal 0 0 1
    outer loop
      vertex -0.0999994 27.9 9
      vertex -0.0157347 28.1778 9
      vertex -0.0619392 28.0913 9
    endloop
  endfacet
  facet normal 0 0 1
    outer loop
      vertex -0.0999994 27.9 9
      vertex -0.0619392 28.0913 9
      vertex -0.0903921 27.9975 9
    endloop
  endfacet
  facet normal 0 0 1
    outer loop
      vertex 0.4 -0.0999994 9
      vertex -0.0999994 0.4 9
      vertex 0.302454 -0.0903921 9
    endloop
  endfacet
  facet normal -0 -0 1
    outer loop
      vertex -0.0903921 0.302454 9
      vertex 0.302454 -0.0903921 9
      vertex -0.0999994 0.4 9
    endloop
  endfacet
  facet normal 0 0 1
    outer loop
      vertex 0.302454 -0.0903921 9
      vertex -0.0903921 0.302454 9
      vertex 0 0 9
    endloop
  endfacet
  facet normal -1 0 0
    outer loop
      vertex 27.5 22.5 1.5
      vertex 27.5 16.5 7
      vertex 27.5 22.5 4.2
    endloop
  endfacet
  facet normal -1 0 0
    outer loop
      vertex 27.5 22.5 1.5
      vertex 27.5 11.5 7
      vertex 27.5 16.5 7
    endloop
  endfacet
  facet normal -1 0 0
    outer loop
      vertex 27.5 1.5 9
      vertex 27.5 11.5 7
      vertex 27.5 1.5 1.5
    endloop
  endfacet
  facet normal -1 0 0
    outer loop
      vertex 27.5 1.5 1.5
      vertex 27.5 11.5 7
      vertex 27.5 22.5 1.5
    endloop
  endfacet
  facet normal -1 0 0
    outer loop
      vertex 27.5 22.5 4.2
      vertex 27.5 26.5 9
      vertex 27.5 26.5 4.2
    endloop
  endfacet
  facet normal -1 0 0
    outer loop
      vertex 27.5 16.5 8
      vertex 27.5 22.5 4.2
      vertex 27.5 16.5 7
    endloop
  endfacet
  facet normal -1 0 0
    outer loop
      vertex 27.5 22.5 4.2
      vertex 27.5 16.5 8
      vertex 27.5 26.5 9
    endloop
  endfacet
  facet normal -1 0 0
    outer loop
      vertex 27.5 11.5 8
      vertex 27.5 26.5 9
      vertex 27.5 16.5 8
    endloop
  endfacet
  facet normal -1 0 0
    outer loop
      vertex 27.5 11.5 8
      vertex 27.5 1.5 9
      vertex 27.5 26.5 9
    endloop
  endfacet
  facet normal -1 0 0
    outer loop
      vertex 27.5 11.5 7
      vertex 27.5 1.5 9
      vertex 27.5 11.5 8
    endloop
  endfacet
  facet normal -0 0 1
    outer loop
      vertex 4.44189 15.7331 1.5
      vertex 10.8768 14.331 1.5
      vertex 4.52049 15.7925 1.5
    endloop
  endfacet
  facet normal 0 0 1
    outer loop
      vertex 11.1948 13.824 1.5
      vertex 4.79394 3.79831 1.5
      vertex 4.8 3.7 1.5
    endloop
  endfacet
  facet normal 0 0 1
    outer loop
      vertex 10.8768 14.331 1.5
      vertex 4.44189 15.7331 1.5
      vertex 10.9246 14.2434 1.5
    endloop
  endfacet
  facet normal 0 0 1
    outer loop
      vertex 11.1948 13.824 1.5
      vertex 4.77584 3.89513 1.5
      vertex 4.79394 3.79831 1.5
    endloop
  endfacet
  facet normal 0 0 1
    outer loop
      vertex 10.9246 14.2434 1.5
      vertex 4.44189 15.7331 1.5
      vertex 10.9745 14.1569 1.5
    endloop
  endfacet
  facet normal 0 0 1
    outer loop
      vertex 11.1948 13.824 1.5
      vertex 4.74598 3.98899 1.5
      vertex 4.77584 3.89513 1.5
    endloop
  endfacet
  facet normal 0 0 1
    outer loop
      vertex 10.9745 14.1569 1.5
      vertex 4.44189 15.7331 1.5
      vertex 11.0265 14.0717 1.5
    endloop
  endfacet
  facet normal 0 0 1
    outer loop
      vertex 11.1948 13.824 1.5
      vertex 4.70481 4.07847 1.5
      vertex 4.74598 3.98899 1.5
    endloop
  endfacet
  facet normal -0 0 1
    outer loop
      vertex 4.35659 15.6839 1.5
      vertex 11.0265 14.0717 1.5
      vertex 4.44189 15.7331 1.5
    endloop
  endfacet
  facet normal 0 0 1
    outer loop
      vertex 11.1948 13.824 1.5
      vertex 4.65296 4.16222 1.5
      vertex 4.70481 4.07847 1.5
    endloop
  endfacet
  facet normal 0 0 1
    outer loop
      vertex 11.0265 14.0717 1.5
      vertex 4.35659 15.6839 1.5
      vertex 11.0806 13.9878 1.5
    endloop
  endfacet
  facet normal 0 0 1
    outer loop
      vertex 11.1948 13.824 1.5
      vertex 4.59121 4.23896 1.5
      vertex 4.65296 4.16222 1.5
    endloop
  endfacet
  facet normal 0 0 1
    outer loop
      vertex 11.0806 13.9878 1.5
      vertex 4.35659 15.6839 1.5
      vertex 11.1367 13.9052 1.5
    endloop
  endfacet
  facet normal 0 0 1
    outer loop
      vertex 11.1948 13.824 1.5
      vertex 4.52049 4.30752 1.5
      vertex 4.59121 4.23896 1.5
    endloop
  endfacet
  facet normal 0 0 1
    outer loop
      vertex 11.1367 13.9052 1.5
      vertex 4.35659 15.6839 1.5
      vertex 11.1948 13.824 1.5
    endloop
  endfacet
  facet normal 0 0 1
    outer loop
      vertex 11.1948 13.824 1.5
      vertex 4.44189 4.36688 1.5
      vertex 4.52049 4.30752 1.5
    endloop
  endfacet
  facet normal -0 0 1
    outer loop
      vertex 4.26588 15.6455 1.5
      vertex 11.1948 13.824 1.5
      vertex 4.35659 15.6839 1.5
    endloop
  endfacet
  facet normal 0 0 1
    outer loop
      vertex 11.1948 13.824 1.5
      vertex 4.35659 4.41613 1.5
      vertex 4.44189 4.36688 1.5
    endloop
  endfacet
  facet normal 0 0 1
    outer loop
      vertex 4.26588 4.45452 1.5
      vertex 11.1948 13.824 1.5
      vertex 4.26588 15.6455 1.5
    endloop
  endfacet
  facet normal 0 0 1
    outer loop
      vertex 11.1948 13.824 1.5
      vertex 4.26588 4.45452 1.5
      vertex 4.35659 4.41613 1.5
    endloop
  endfacet
  facet normal -0 0 1
    outer loop
      vertex 4.17115 15.6185 1.5
      vertex 4.26588 4.45452 1.5
      vertex 4.26588 15.6455 1.5
    endloop
  endfacet
  facet normal 0 0 1
    outer loop
      vertex 4.17115 15.6185 1.5
      vertex 4.17115 4.48148 1.5
      vertex 4.26588 4.45452 1.5
    endloop
  endfacet
  facet normal -0 0 1
    outer loop
      vertex 4.07381 15.6034 1.5
      vertex 4.17115 4.48148 1.5
      vertex 4.17115 15.6185 1.5
    endloop
  endfacet
  facet normal 0 0 1
    outer loop
      vertex 4.07381 15.6034 1.5
      vertex 4.07381 4.49659 1.5
      vertex 4.17115 4.48148 1.5
    endloop
  endfacet
  facet normal -0 0 1
    outer loop
      vertex 3.97536 15.6004 1.5
      vertex 4.07381 4.49659 1.5
      vertex 4.07381 15.6034 1.5
    endloop
  endfacet
  facet normal 0 0 1
    outer loop
      vertex 3.97536 15.6004 1.5
      vertex 3.97536 4.49962 1.5
      vertex 4.07381 4.49659 1.5
    endloop
  endfacet
  facet normal 0 0 1
    outer loop
      vertex 3.87729 15.6095 1.5
      vertex 3.97536 4.49962 1.5
      vertex 3.97536 15.6004 1.5
    endloop
  endfacet
  facet normal 0 0 1
    outer loop
      vertex 3.87729 15.6095 1.5
      vertex 3.87729 4.49053 1.5
      vertex 3.97536 4.49962 1.5
    endloop
  endfacet
  facet normal 0 0 1
    outer loop
      vertex 3.78107 15.6305 1.5
      vertex 3.87729 4.49053 1.5
      vertex 3.87729 15.6095 1.5
    endloop
  endfacet
  facet normal 0 0 1
    outer loop
      vertex 3.78107 15.6305 1.5
      vertex 3.78107 4.46946 1.5
      vertex 3.87729 4.49053 1.5
    endloop
  endfacet
  facet normal 0 0 1
    outer loop
      vertex 3.68817 15.6633 1.5
      vertex 3.78107 4.46946 1.5
      vertex 3.78107 15.6305 1.5
    endloop
  endfacet
  facet normal 0 0 1
    outer loop
      vertex 3.68817 15.6633 1.5
      vertex 3.68817 4.43672 1.5
      vertex 3.78107 4.46946 1.5
    endloop
  endfacet
  facet normal 0 0 1
    outer loop
      vertex 3.6 15.7072 1.5
      vertex 3.68817 4.43672 1.5
      vertex 3.68817 15.6633 1.5
    endloop
  endfacet
  facet normal 0 0 1
    outer loop
      vertex 3.6 15.7072 1.5
      vertex 3.6 4.39282 1.5
      vertex 3.68817 4.43672 1.5
    endloop
  endfacet
  facet normal 0 0 1
    outer loop
      vertex 3.51789 15.7616 1.5
      vertex 3.6 4.39282 1.5
      vertex 3.6 15.7072 1.5
    endloop
  endfacet
  facet normal 0 0 1
    outer loop
      vertex 3.51789 15.7616 1.5
      vertex 3.51789 4.33841 1.5
      vertex 3.6 4.39282 1.5
    endloop
  endfacet
  facet normal 0 0 1
    outer loop
      vertex 3.44309 15.8257 1.5
      vertex 3.51789 4.33841 1.5
      vertex 3.51789 15.7616 1.5
    endloop
  endfacet
  facet normal 0 0 1
    outer loop
      vertex 3.44309 15.8257 1.5
      vertex 3.44309 4.27433 1.5
      vertex 3.51789 4.33841 1.5
    endloop
  endfacet
  facet normal 0 0 1
    outer loop
      vertex 3.37673 15.8985 1.5
      vertex 3.44309 4.27433 1.5
      vertex 3.44309 15.8257 1.5
    endloop
  endfacet
  facet normal 0 0 1
    outer loop
      vertex 3.37673 15.8985 1.5
      vertex 3.37673 4.20154 1.5
      vertex 3.44309 4.27433 1.5
    endloop
  endfacet
  facet normal 0 0 1
    outer loop
      vertex 3.31983 15.9789 1.5
      vertex 3.37673 4.20154 1.5
      vertex 3.37673 15.8985 1.5
    endloop
  endfacet
  facet normal 0 0 1
    outer loop
      vertex 3.31983 15.9789 1.5
      vertex 3.31983 4.12115 1.5
      vertex 3.37673 4.20154 1.5
    endloop
  endfacet
  facet normal 0 0 1
    outer loop
      vertex 3.27323 16.0656 1.5
      vertex 3.31983 4.12115 1.5
      vertex 3.31983 15.9789 1.5
    endloop
  endfacet
  facet normal 0 0 1
    outer loop
      vertex 3.27323 16.0656 1.5
      vertex 3.27323 4.03437 1.5
      vertex 3.31983 4.12115 1.5
    endloop
  endfacet
  facet normal 0 0 1
    outer loop
      vertex 1.5 1.5 1.5
      vertex 3.27323 16.0656 1.5
      vertex 3.23765 16.1575 1.5
    endloop
  endfacet
  facet normal 0 0 1
    outer loop
      vertex 3.27323 16.0656 1.5
      vertex 1.5 1.5 1.5
      vertex 3.27323 4.03437 1.5
    endloop
  endfacet
  facet normal 0 0 1
    outer loop
      vertex 1.5 1.5 1.5
      vertex 3.23765 16.1575 1.5
      vertex 3.21362 16.253 1.5
    endloop
  endfacet
  facet normal 0 0 1
    outer loop
      vertex 3.27323 4.03437 1.5
      vertex 1.5 1.5 1.5
      vertex 3.23765 3.94252 1.5
    endloop
  endfacet
  facet normal 0 0 1
    outer loop
      vertex 1.5 22.5 1.5
      vertex 3.21362 16.253 1.5
      vertex 3.20152 16.3507 1.5
    endloop
  endfacet
  facet normal 0 0 1
    outer loop
      vertex 3.23765 3.94252 1.5
      vertex 1.5 1.5 1.5
      vertex 3.21362 3.847 1.5
    endloop
  endfacet
  facet normal 0 0 1
    outer loop
      vertex 10.4049 16.4496 1.5
      vertex 4.79394 16.4983 1.5
      vertex 4.8 16.4 1.5
    endloop
  endfacet
  facet normal 0 0 1
    outer loop
      vertex 10.7073 17.8075 1.5
      vertex 4.77584 16.5951 1.5
      vertex 4.79394 16.4983 1.5
    endloop
  endfacet
  facet normal 0 0 1
    outer loop
      vertex 10.7073 17.8075 1.5
      vertex 4.74598 16.689 1.5
      vertex 4.77584 16.5951 1.5
    endloop
  endfacet
  facet normal 0 0 1
    outer loop
      vertex 10.7073 17.8075 1.5
      vertex 4.70481 16.7785 1.5
      vertex 4.74598 16.689 1.5
    endloop
  endfacet
  facet normal 0 0 1
    outer loop
      vertex 10.7073 17.8075 1.5
      vertex 4.65296 16.8622 1.5
      vertex 4.70481 16.7785 1.5
    endloop
  endfacet
  facet normal 0 0 1
    outer loop
      vertex 10.7073 17.8075 1.5
      vertex 4.59121 16.939 1.5
      vertex 4.65296 16.8622 1.5
    endloop
  endfacet
  facet normal 0 0 1
    outer loop
      vertex 5.5 22.5 1.5
      vertex 4.52049 17.0075 1.5
      vertex 4.59121 16.939 1.5
    endloop
  endfacet
  facet normal 0 0 1
    outer loop
      vertex 5.5 22.5 1.5
      vertex 4.44189 17.0669 1.5
      vertex 4.52049 17.0075 1.5
    endloop
  endfacet
  facet normal 0 0 1
    outer loop
      vertex 5.5 22.5 1.5
      vertex 4.35659 17.1161 1.5
      vertex 4.44189 17.0669 1.5
    endloop
  endfacet
  facet normal 0 0 1
    outer loop
      vertex 5.5 22.5 1.5
      vertex 4.26588 17.1545 1.5
      vertex 4.35659 17.1161 1.5
    endloop
  endfacet
  facet normal 0 0 1
    outer loop
      vertex 5.5 22.5 1.5
      vertex 4.17115 17.1815 1.5
      vertex 4.26588 17.1545 1.5
    endloop
  endfacet
  facet normal 0 0 1
    outer loop
      vertex 5.5 22.5 1.5
      vertex 4.07381 17.1966 1.5
      vertex 4.17115 17.1815 1.5
    endloop
  endfacet
  facet normal 0 0 1
    outer loop
      vertex 5.5 22.5 1.5
      vertex 3.97536 17.1996 1.5
      vertex 4.07381 17.1966 1.5
    endloop
  endfacet
  facet normal 0 0 1
    outer loop
      vertex 5.5 22.5 1.5
      vertex 3.87729 17.1905 1.5
      vertex 3.97536 17.1996 1.5
    endloop
  endfacet
  facet normal -0 0 1
    outer loop
      vertex 1.5 22.5 1.5
      vertex 3.87729 17.1905 1.5
      vertex 5.5 22.5 1.5
    endloop
  endfacet
  facet normal 0 0 1
    outer loop
      vertex 3.87729 17.1905 1.5
      vertex 1.5 22.5 1.5
      vertex 3.78107 17.1695 1.5
    endloop
  endfacet
  facet normal 0 0 1
    outer loop
      vertex 3.78107 17.1695 1.5
      vertex 1.5 22.5 1.5
      vertex 3.68817 17.1367 1.5
    endloop
  endfacet
  facet normal 0 0 1
    outer loop
      vertex 3.68817 17.1367 1.5
      vertex 1.5 22.5 1.5
      vertex 3.6 17.0928 1.5
    endloop
  endfacet
  facet normal 0 0 1
    outer loop
      vertex 3.6 17.0928 1.5
      vertex 1.5 22.5 1.5
      vertex 3.51789 17.0384 1.5
    endloop
  endfacet
  facet normal 0 0 1
    outer loop
      vertex 3.51789 17.0384 1.5
      vertex 1.5 22.5 1.5
      vertex 3.44309 16.9743 1.5
    endloop
  endfacet
  facet normal 0 0 1
    outer loop
      vertex 3.44309 16.9743 1.5
      vertex 1.5 22.5 1.5
      vertex 3.37673 16.9015 1.5
    endloop
  endfacet
  facet normal 0 0 1
    outer loop
      vertex 3.37673 16.9015 1.5
      vertex 1.5 22.5 1.5
      vertex 3.31983 16.8211 1.5
    endloop
  endfacet
  facet normal 0 0 1
    outer loop
      vertex 3.31983 16.8211 1.5
      vertex 1.5 22.5 1.5
      vertex 3.27323 16.7344 1.5
    endloop
  endfacet
  facet normal 0 0 1
    outer loop
      vertex 1.5 22.5 1.5
      vertex 3.20152 16.3507 1.5
      vertex 3.20152 16.4492 1.5
    endloop
  endfacet
  facet normal 0 0 1
    outer loop
      vertex 3.21362 3.847 1.5
      vertex 1.5 1.5 1.5
      vertex 3.20152 3.74925 1.5
    endloop
  endfacet
  facet normal 0 0 1
    outer loop
      vertex 3.21362 16.253 1.5
      vertex 1.5 22.5 1.5
      vertex 1.5 1.5 1.5
    endloop
  endfacet
  facet normal 0 0 1
    outer loop
      vertex 3.21362 16.547 1.5
      vertex 1.5 22.5 1.5
      vertex 3.20152 16.4492 1.5
    endloop
  endfacet
  facet normal 0 0 1
    outer loop
      vertex 3.23765 16.6425 1.5
      vertex 1.5 22.5 1.5
      vertex 3.21362 16.547 1.5
    endloop
  endfacet
  facet normal 0 0 1
    outer loop
      vertex 3.27323 16.7344 1.5
      vertex 1.5 22.5 1.5
      vertex 3.23765 16.6425 1.5
    endloop
  endfacet
  facet normal -0 0 1
    outer loop
      vertex 16.4629 12.6504 1.5
      vertex 16.5 5.5 1.5
      vertex 16.55 12.6993 1.5
    endloop
  endfacet
  facet normal -0 0 1
    outer loop
      vertex 16.3747 12.6037 1.5
      vertex 16.5 5.5 1.5
      vertex 16.4629 12.6504 1.5
    endloop
  endfacet
  facet normal -0 0 1
    outer loop
      vertex 16.2853 12.5591 1.5
      vertex 16.5 5.5 1.5
      vertex 16.3747 12.6037 1.5
    endloop
  endfacet
  facet normal -0 0 1
    outer loop
      vertex 16.1949 12.5167 1.5
      vertex 16.5 5.5 1.5
      vertex 16.2853 12.5591 1.5
    endloop
  endfacet
  facet normal -0 0 1
    outer loop
      vertex 16.1035 12.4766 1.5
      vertex 16.5 5.5 1.5
      vertex 16.1949 12.5167 1.5
    endloop
  endfacet
  facet normal -0 0 1
    outer loop
      vertex 16.0112 12.4387 1.5
      vertex 16.5 5.5 1.5
      vertex 16.1035 12.4766 1.5
    endloop
  endfacet
  facet normal -0 0 1
    outer loop
      vertex 15.9179 12.403 1.5
      vertex 16.5 5.5 1.5
      vertex 16.0112 12.4387 1.5
    endloop
  endfacet
  facet normal -0 0 1
    outer loop
      vertex 15.8238 12.3696 1.5
      vertex 16.5 5.5 1.5
      vertex 15.9179 12.403 1.5
    endloop
  endfacet
  facet normal -0 0 1
    outer loop
      vertex 15.7289 12.3385 1.5
      vertex 16.5 5.5 1.5
      vertex 15.8238 12.3696 1.5
    endloop
  endfacet
  facet normal -0 0 1
    outer loop
      vertex 15.6333 12.3097 1.5
      vertex 16.5 5.5 1.5
      vertex 15.7289 12.3385 1.5
    endloop
  endfacet
  facet normal -0 0 1
    outer loop
      vertex 15.537 12.2833 1.5
      vertex 16.5 5.5 1.5
      vertex 15.6333 12.3097 1.5
    endloop
  endfacet
  facet normal -0 0 1
    outer loop
      vertex 15.4401 12.2592 1.5
      vertex 16.5 5.5 1.5
      vertex 15.537 12.2833 1.5
    endloop
  endfacet
  facet normal -0 0 1
    outer loop
      vertex 15.3427 12.2375 1.5
      vertex 16.5 5.5 1.5
      vertex 15.4401 12.2592 1.5
    endloop
  endfacet
  facet normal -0 0 1
    outer loop
      vertex 15.2447 12.2182 1.5
      vertex 16.5 5.5 1.5
      vertex 15.3427 12.2375 1.5
    endloop
  endfacet
  facet normal -0 0 1
    outer loop
      vertex 15.1463 12.2013 1.5
      vertex 16.5 5.5 1.5
      vertex 15.2447 12.2182 1.5
    endloop
  endfacet
  facet normal -0 0 1
    outer loop
      vertex 15.0475 12.1867 1.5
      vertex 16.5 5.5 1.5
      vertex 15.1463 12.2013 1.5
    endloop
  endfacet
  facet normal -0 0 1
    outer loop
      vertex 14.9484 12.1746 1.5
      vertex 16.5 5.5 1.5
      vertex 15.0475 12.1867 1.5
    endloop
  endfacet
  facet normal -0 0 1
    outer loop
      vertex 14.849 12.1649 1.5
      vertex 16.5 5.5 1.5
      vertex 14.9484 12.1746 1.5
    endloop
  endfacet
  facet normal -0 0 1
    outer loop
      vertex 14.7495 12.1576 1.5
      vertex 16.5 5.5 1.5
      vertex 14.849 12.1649 1.5
    endloop
  endfacet
  facet normal -0 0 1
    outer loop
      vertex 14.6497 12.1527 1.5
      vertex 16.5 5.5 1.5
      vertex 14.7495 12.1576 1.5
    endloop
  endfacet
  facet normal -0 0 1
    outer loop
      vertex 14.5499 12.1503 1.5
      vertex 16.5 5.5 1.5
      vertex 14.6497 12.1527 1.5
    endloop
  endfacet
  facet normal -0 0 1
    outer loop
      vertex 14.4501 12.1503 1.5
      vertex 16.5 5.5 1.5
      vertex 14.5499 12.1503 1.5
    endloop
  endfacet
  facet normal 0 0 1
    outer loop
      vertex 12.5 5.5 1.5
      vertex 14.4501 12.1503 1.5
      vertex 14.3503 12.1527 1.5
    endloop
  endfacet
  facet normal 0 0 1
    outer loop
      vertex 12.5 5.5 1.5
      vertex 14.3503 12.1527 1.5
      vertex 14.2505 12.1576 1.5
    endloop
  endfacet
  facet normal 0 0 1
    outer loop
      vertex 12.5 5.5 1.5
      vertex 14.2505 12.1576 1.5
      vertex 14.151 12.1649 1.5
    endloop
  endfacet
  facet normal 0 0 1
    outer loop
      vertex 12.5 5.5 1.5
      vertex 14.151 12.1649 1.5
      vertex 14.0516 12.1746 1.5
    endloop
  endfacet
  facet normal 0 0 1
    outer loop
      vertex 12.5 5.5 1.5
      vertex 14.0516 12.1746 1.5
      vertex 13.9525 12.1867 1.5
    endloop
  endfacet
  facet normal 0 0 1
    outer loop
      vertex 12.5 5.5 1.5
      vertex 13.9525 12.1867 1.5
      vertex 13.8537 12.2013 1.5
    endloop
  endfacet
  facet normal 0 0 1
    outer loop
      vertex 12.5 5.5 1.5
      vertex 13.8537 12.2013 1.5
      vertex 13.7553 12.2182 1.5
    endloop
  endfacet
  facet normal 0 0 1
    outer loop
      vertex 12.5 5.5 1.5
      vertex 13.7553 12.2182 1.5
      vertex 13.6573 12.2375 1.5
    endloop
  endfacet
  facet normal 0 0 1
    outer loop
      vertex 12.5 5.5 1.5
      vertex 13.6573 12.2375 1.5
      vertex 13.5599 12.2592 1.5
    endloop
  endfacet
  facet normal 0 0 1
    outer loop
      vertex 12.5 5.5 1.5
      vertex 13.5599 12.2592 1.5
      vertex 13.463 12.2833 1.5
    endloop
  endfacet
  facet normal 0 0 1
    outer loop
      vertex 12.5 5.5 1.5
      vertex 13.463 12.2833 1.5
      vertex 13.3667 12.3097 1.5
    endloop
  endfacet
  facet normal 0 0 1
    outer loop
      vertex 12.5 5.5 1.5
      vertex 13.3667 12.3097 1.5
      vertex 13.2711 12.3385 1.5
    endloop
  endfacet
  facet normal 0 0 1
    outer loop
      vertex 12.5 5.5 1.5
      vertex 13.2711 12.3385 1.5
      vertex 13.1762 12.3696 1.5
    endloop
  endfacet
  facet normal 0 0 1
    outer loop
      vertex 12.5 5.5 1.5
      vertex 13.1762 12.3696 1.5
      vertex 13.0821 12.403 1.5
    endloop
  endfacet
  facet normal 0 0 1
    outer loop
      vertex 12.5 5.5 1.5
      vertex 13.0821 12.403 1.5
      vertex 12.9888 12.4387 1.5
    endloop
  endfacet
  facet normal 0 0 1
    outer loop
      vertex 12.5 5.5 1.5
      vertex 12.9888 12.4387 1.5
      vertex 12.8965 12.4766 1.5
    endloop
  endfacet
  facet normal 0 0 1
    outer loop
      vertex 12.5 5.5 1.5
      vertex 12.8965 12.4766 1.5
      vertex 12.8051 12.5167 1.5
    endloop
  endfacet
  facet normal 0 0 1
    outer loop
      vertex 12.5 5.5 1.5
      vertex 12.8051 12.5167 1.5
      vertex 12.7147 12.5591 1.5
    endloop
  endfacet
  facet normal 0 0 1
    outer loop
      vertex 12.5 5.5 1.5
      vertex 12.7147 12.5591 1.5
      vertex 12.6253 12.6037 1.5
    endloop
  endfacet
  facet normal 0 0 1
    outer loop
      vertex 12.5 5.5 1.5
      vertex 12.6253 12.6037 1.5
      vertex 12.5371 12.6504 1.5
    endloop
  endfacet
  facet normal 0 0 1
    outer loop
      vertex 14.4501 12.1503 1.5
      vertex 12.5 5.5 1.5
      vertex 16.5 5.5 1.5
    endloop
  endfacet
  facet normal 0 0 1
    outer loop
      vertex 12.45 12.6993 1.5
      vertex 12.5 5.5 1.5
      vertex 12.5371 12.6504 1.5
    endloop
  endfacet
  facet normal 0 0 1
    outer loop
      vertex 12.3641 12.7503 1.5
      vertex 12.5 5.5 1.5
      vertex 12.45 12.6993 1.5
    endloop
  endfacet
  facet normal 0 0 1
    outer loop
      vertex 12.2796 12.8033 1.5
      vertex 12.5 5.5 1.5
      vertex 12.3641 12.7503 1.5
    endloop
  endfacet
  facet normal 0 0 1
    outer loop
      vertex 12.1963 12.8584 1.5
      vertex 12.5 5.5 1.5
      vertex 12.2796 12.8033 1.5
    endloop
  endfacet
  facet normal 0 0 1
    outer loop
      vertex 12.1144 12.9155 1.5
      vertex 12.5 5.5 1.5
      vertex 12.1963 12.8584 1.5
    endloop
  endfacet
  facet normal 0 0 1
    outer loop
      vertex 12.0339 12.9746 1.5
      vertex 12.5 5.5 1.5
      vertex 12.1144 12.9155 1.5
    endloop
  endfacet
  facet normal 0 0 1
    outer loop
      vertex 11.9549 13.0356 1.5
      vertex 12.5 5.5 1.5
      vertex 12.0339 12.9746 1.5
    endloop
  endfacet
  facet normal 0 0 1
    outer loop
      vertex 11.8773 13.0985 1.5
      vertex 12.5 5.5 1.5
      vertex 11.9549 13.0356 1.5
    endloop
  endfacet
  facet normal 0 0 1
    outer loop
      vertex 11.8014 13.1633 1.5
      vertex 12.5 5.5 1.5
      vertex 11.8773 13.0985 1.5
    endloop
  endfacet
  facet normal 0 0 1
    outer loop
      vertex 11.727 13.23 1.5
      vertex 12.5 5.5 1.5
      vertex 11.8014 13.1633 1.5
    endloop
  endfacet
  facet normal 0 0 1
    outer loop
      vertex 12.5 5.5 1.5
      vertex 11.727 13.23 1.5
      vertex 4.8 3.7 1.5
    endloop
  endfacet
  facet normal 0 0 1
    outer loop
      vertex 4.8 3.7 1.5
      vertex 11.727 13.23 1.5
      vertex 11.6543 13.2984 1.5
    endloop
  endfacet
  facet normal 0 0 1
    outer loop
      vertex 4.8 3.7 1.5
      vertex 11.6543 13.2984 1.5
      vertex 11.5833 13.3686 1.5
    endloop
  endfacet
  facet normal 0 0 1
    outer loop
      vertex 4.8 3.7 1.5
      vertex 11.5833 13.3686 1.5
      vertex 11.514 13.4404 1.5
    endloop
  endfacet
  facet normal 0 0 1
    outer loop
      vertex 4.8 3.7 1.5
      vertex 11.514 13.4404 1.5
      vertex 11.4464 13.514 1.5
    endloop
  endfacet
  facet normal 0 0 1
    outer loop
      vertex 4.8 3.7 1.5
      vertex 11.4464 13.514 1.5
      vertex 11.3807 13.5892 1.5
    endloop
  endfacet
  facet normal 0 0 1
    outer loop
      vertex 4.8 3.7 1.5
      vertex 11.3807 13.5892 1.5
      vertex 11.3168 13.6659 1.5
    endloop
  endfacet
  facet normal 0 0 1
    outer loop
      vertex 4.8 3.7 1.5
      vertex 11.3168 13.6659 1.5
      vertex 11.2549 13.7442 1.5
    endloop
  endfacet
  facet normal 0 0 1
    outer loop
      vertex 4.8 3.7 1.5
      vertex 11.2549 13.7442 1.5
      vertex 11.1948 13.824 1.5
    endloop
  endfacet
  facet normal 0 0 1
    outer loop
      vertex 10.7877 14.5097 1.5
      vertex 4.52049 15.7925 1.5
      vertex 10.8311 14.4198 1.5
    endloop
  endfacet
  facet normal 0 0 1
    outer loop
      vertex 10.7464 14.6006 1.5
      vertex 4.52049 15.7925 1.5
      vertex 10.7877 14.5097 1.5
    endloop
  endfacet
  facet normal -0 0 1
    outer loop
      vertex 4.52049 15.7925 1.5
      vertex 10.7464 14.6006 1.5
      vertex 4.59121 15.861 1.5
    endloop
  endfacet
  facet normal 0 0 1
    outer loop
      vertex 10.7073 14.6925 1.5
      vertex 4.59121 15.861 1.5
      vertex 10.7464 14.6006 1.5
    endloop
  endfacet
  facet normal 0 0 1
    outer loop
      vertex 10.6705 14.7854 1.5
      vertex 4.59121 15.861 1.5
      vertex 10.7073 14.6925 1.5
    endloop
  endfacet
  facet normal 0 0 1
    outer loop
      vertex 10.636 14.879 1.5
      vertex 4.59121 15.861 1.5
      vertex 10.6705 14.7854 1.5
    endloop
  endfacet
  facet normal -0 0 1
    outer loop
      vertex 4.59121 15.861 1.5
      vertex 10.636 14.879 1.5
      vertex 4.65296 15.9378 1.5
    endloop
  endfacet
  facet normal 0 0 1
    outer loop
      vertex 10.6038 14.9735 1.5
      vertex 4.65296 15.9378 1.5
      vertex 10.636 14.879 1.5
    endloop
  endfacet
  facet normal 0 0 1
    outer loop
      vertex 10.5738 15.0688 1.5
      vertex 4.65296 15.9378 1.5
      vertex 10.6038 14.9735 1.5
    endloop
  endfacet
  facet normal 0 0 1
    outer loop
      vertex 10.5462 15.1647 1.5
      vertex 4.65296 15.9378 1.5
      vertex 10.5738 15.0688 1.5
    endloop
  endfacet
  facet normal -0 0 1
    outer loop
      vertex 4.65296 15.9378 1.5
      vertex 10.5462 15.1647 1.5
      vertex 4.70481 16.0215 1.5
    endloop
  endfacet
  facet normal 0 0 1
    outer loop
      vertex 10.521 15.2613 1.5
      vertex 4.70481 16.0215 1.5
      vertex 10.5462 15.1647 1.5
    endloop
  endfacet
  facet normal 0 0 1
    outer loop
      vertex 10.4981 15.3585 1.5
      vertex 4.70481 16.0215 1.5
      vertex 10.521 15.2613 1.5
    endloop
  endfacet
  facet normal -0 0 1
    outer loop
      vertex 4.70481 16.0215 1.5
      vertex 10.4981 15.3585 1.5
      vertex 4.74598 16.111 1.5
    endloop
  endfacet
  facet normal 0 0 1
    outer loop
      vertex 10.4776 15.4563 1.5
      vertex 4.74598 16.111 1.5
      vertex 10.4981 15.3585 1.5
    endloop
  endfacet
  facet normal 0 0 1
    outer loop
      vertex 10.4594 15.5544 1.5
      vertex 4.74598 16.111 1.5
      vertex 10.4776 15.4563 1.5
    endloop
  endfacet
  facet normal 0 0 1
    outer loop
      vertex 10.4437 15.653 1.5
      vertex 4.74598 16.111 1.5
      vertex 10.4594 15.5544 1.5
    endloop
  endfacet
  facet normal -0 0 1
    outer loop
      vertex 4.74598 16.111 1.5
      vertex 10.4437 15.653 1.5
      vertex 4.77584 16.2049 1.5
    endloop
  endfacet
  facet normal 0 0 1
    outer loop
      vertex 10.4304 15.752 1.5
      vertex 4.77584 16.2049 1.5
      vertex 10.4437 15.653 1.5
    endloop
  endfacet
  facet normal 0 0 1
    outer loop
      vertex 10.4194 15.8512 1.5
      vertex 4.77584 16.2049 1.5
      vertex 10.4304 15.752 1.5
    endloop
  endfacet
  facet normal 0 0 1
    outer loop
      vertex 10.4049 16.4496 1.5
      vertex 4.8 16.4 1.5
      vertex 10.4012 16.3498 1.5
    endloop
  endfacet
  facet normal 0 0 1
    outer loop
      vertex 10.4012 16.3498 1.5
      vertex 4.8 16.4 1.5
      vertex 10.4 16.25 1.5
    endloop
  endfacet
  facet normal 0 0 1
    outer loop
      vertex 10.4 16.25 1.5
      vertex 4.8 16.4 1.5
      vertex 10.4012 16.1502 1.5
    endloop
  endfacet
  facet normal -0 0 1
    outer loop
      vertex 4.79394 16.3017 1.5
      vertex 10.4012 16.1502 1.5
      vertex 4.8 16.4 1.5
    endloop
  endfacet
  facet normal 0 0 1
    outer loop
      vertex 10.4012 16.1502 1.5
      vertex 4.79394 16.3017 1.5
      vertex 10.4049 16.0504 1.5
    endloop
  endfacet
  facet normal 0 0 1
    outer loop
      vertex 10.4049 16.0504 1.5
      vertex 4.79394 16.3017 1.5
      vertex 10.4109 15.9507 1.5
    endloop
  endfacet
  facet normal -0 0 1
    outer loop
      vertex 4.77584 16.2049 1.5
      vertex 10.4109 15.9507 1.5
      vertex 4.79394 16.3017 1.5
    endloop
  endfacet
  facet normal 0 0 1
    outer loop
      vertex 10.4109 15.9507 1.5
      vertex 4.77584 16.2049 1.5
      vertex 10.4194 15.8512 1.5
    endloop
  endfacet
  facet normal 0 0 1
    outer loop
      vertex 10.8311 14.4198 1.5
      vertex 4.52049 15.7925 1.5
      vertex 10.8768 14.331 1.5
    endloop
  endfacet
  facet normal 0 0 1
    outer loop
      vertex 12.5 5.5 1.5
      vertex 4.8 3.7 1.5
      vertex 12.5 1.5 1.5
    endloop
  endfacet
  facet normal -0 0 1
    outer loop
      vertex 4.79394 3.60169 1.5
      vertex 12.5 1.5 1.5
      vertex 4.8 3.7 1.5
    endloop
  endfacet
  facet normal -0 0 1
    outer loop
      vertex 4.77584 3.50487 1.5
      vertex 12.5 1.5 1.5
      vertex 4.79394 3.60169 1.5
    endloop
  endfacet
  facet normal -0 0 1
    outer loop
      vertex 4.74598 3.41101 1.5
      vertex 12.5 1.5 1.5
      vertex 4.77584 3.50487 1.5
    endloop
  endfacet
  facet normal -0 0 1
    outer loop
      vertex 4.70481 3.32152 1.5
      vertex 12.5 1.5 1.5
      vertex 4.74598 3.41101 1.5
    endloop
  endfacet
  facet normal -0 0 1
    outer loop
      vertex 4.65296 3.23778 1.5
      vertex 12.5 1.5 1.5
      vertex 4.70481 3.32152 1.5
    endloop
  endfacet
  facet normal -0 0 1
    outer loop
      vertex 4.59121 3.16104 1.5
      vertex 12.5 1.5 1.5
      vertex 4.65296 3.23778 1.5
    endloop
  endfacet
  facet normal -0 0 1
    outer loop
      vertex 4.52049 3.09248 1.5
      vertex 12.5 1.5 1.5
      vertex 4.59121 3.16104 1.5
    endloop
  endfacet
  facet normal -0 0 1
    outer loop
      vertex 4.44189 3.03312 1.5
      vertex 12.5 1.5 1.5
      vertex 4.52049 3.09248 1.5
    endloop
  endfacet
  facet normal -0 0 1
    outer loop
      vertex 4.35659 2.98387 1.5
      vertex 12.5 1.5 1.5
      vertex 4.44189 3.03312 1.5
    endloop
  endfacet
  facet normal -0 0 1
    outer loop
      vertex 4.26588 2.94548 1.5
      vertex 12.5 1.5 1.5
      vertex 4.35659 2.98387 1.5
    endloop
  endfacet
  facet normal 0 0 1
    outer loop
      vertex 1.5 1.5 1.5
      vertex 4.26588 2.94548 1.5
      vertex 4.17115 2.91852 1.5
    endloop
  endfacet
  facet normal 0 0 1
    outer loop
      vertex 1.5 1.5 1.5
      vertex 4.17115 2.91852 1.5
      vertex 4.07381 2.90341 1.5
    endloop
  endfacet
  facet normal 0 0 1
    outer loop
      vertex 1.5 1.5 1.5
      vertex 4.07381 2.90341 1.5
      vertex 3.97536 2.90038 1.5
    endloop
  endfacet
  facet normal 0 0 1
    outer loop
      vertex 1.5 1.5 1.5
      vertex 3.97536 2.90038 1.5
      vertex 3.87729 2.90947 1.5
    endloop
  endfacet
  facet normal 0 0 1
    outer loop
      vertex 4.26588 2.94548 1.5
      vertex 1.5 1.5 1.5
      vertex 12.5 1.5 1.5
    endloop
  endfacet
  facet normal 0 0 1
    outer loop
      vertex 3.78107 2.93054 1.5
      vertex 1.5 1.5 1.5
      vertex 3.87729 2.90947 1.5
    endloop
  endfacet
  facet normal 0 0 1
    outer loop
      vertex 3.68817 2.96327 1.5
      vertex 1.5 1.5 1.5
      vertex 3.78107 2.93054 1.5
    endloop
  endfacet
  facet normal 0 0 1
    outer loop
      vertex 3.6 3.00718 1.5
      vertex 1.5 1.5 1.5
      vertex 3.68817 2.96327 1.5
    endloop
  endfacet
  facet normal 0 0 1
    outer loop
      vertex 3.51789 3.06159 1.5
      vertex 1.5 1.5 1.5
      vertex 3.6 3.00718 1.5
    endloop
  endfacet
  facet normal 0 0 1
    outer loop
      vertex 3.44309 3.12567 1.5
      vertex 1.5 1.5 1.5
      vertex 3.51789 3.06159 1.5
    endloop
  endfacet
  facet normal 0 0 1
    outer loop
      vertex 3.37673 3.19846 1.5
      vertex 1.5 1.5 1.5
      vertex 3.44309 3.12567 1.5
    endloop
  endfacet
  facet normal 0 0 1
    outer loop
      vertex 3.31983 3.27885 1.5
      vertex 1.5 1.5 1.5
      vertex 3.37673 3.19846 1.5
    endloop
  endfacet
  facet normal 0 0 1
    outer loop
      vertex 3.27323 3.36563 1.5
      vertex 1.5 1.5 1.5
      vertex 3.31983 3.27885 1.5
    endloop
  endfacet
  facet normal 0 0 1
    outer loop
      vertex 3.23765 3.45748 1.5
      vertex 1.5 1.5 1.5
      vertex 3.27323 3.36563 1.5
    endloop
  endfacet
  facet normal 0 0 1
    outer loop
      vertex 3.21362 3.553 1.5
      vertex 1.5 1.5 1.5
      vertex 3.23765 3.45748 1.5
    endloop
  endfacet
  facet normal 0 0 1
    outer loop
      vertex 3.20152 3.65075 1.5
      vertex 1.5 1.5 1.5
      vertex 3.21362 3.553 1.5
    endloop
  endfacet
  facet normal 0 0 1
    outer loop
      vertex 3.20152 3.74925 1.5
      vertex 1.5 1.5 1.5
      vertex 3.20152 3.65075 1.5
    endloop
  endfacet
  facet normal 0 0 1
    outer loop
      vertex 16.3747 19.8963 1.5
      vertex 23.5 22.5 1.5
      vertex 23.5 26.5 1.5
    endloop
  endfacet
  facet normal 0 0 1
    outer loop
      vertex 23.5 22.5 1.5
      vertex 18.5988 16.3498 1.5
      vertex 18.6 16.25 1.5
    endloop
  endfacet
  facet normal 0 0 1
    outer loop
      vertex 23.5 22.5 1.5
      vertex 18.5951 16.4496 1.5
      vertex 18.5988 16.3498 1.5
    endloop
  endfacet
  facet normal 0 0 1
    outer loop
      vertex 23.5 22.5 1.5
      vertex 18.5891 16.5493 1.5
      vertex 18.5951 16.4496 1.5
    endloop
  endfacet
  facet normal 0 0 1
    outer loop
      vertex 23.5 22.5 1.5
      vertex 18.5806 16.6488 1.5
      vertex 18.5891 16.5493 1.5
    endloop
  endfacet
  facet normal 0 0 1
    outer loop
      vertex 23.5 22.5 1.5
      vertex 18.5696 16.748 1.5
      vertex 18.5806 16.6488 1.5
    endloop
  endfacet
  facet normal 0 0 1
    outer loop
      vertex 23.5 22.5 1.5
      vertex 18.5563 16.847 1.5
      vertex 18.5696 16.748 1.5
    endloop
  endfacet
  facet normal 0 0 1
    outer loop
      vertex 23.5 22.5 1.5
      vertex 18.5406 16.9456 1.5
      vertex 18.5563 16.847 1.5
    endloop
  endfacet
  facet normal 0 0 1
    outer loop
      vertex 23.5 22.5 1.5
      vertex 18.5224 17.0437 1.5
      vertex 18.5406 16.9456 1.5
    endloop
  endfacet
  facet normal 0 0 1
    outer loop
      vertex 23.5 22.5 1.5
      vertex 18.5019 17.1415 1.5
      vertex 18.5224 17.0437 1.5
    endloop
  endfacet
  facet normal 0 0 1
    outer loop
      vertex 23.5 22.5 1.5
      vertex 18.479 17.2386 1.5
      vertex 18.5019 17.1415 1.5
    endloop
  endfacet
  facet normal 0 0 1
    outer loop
      vertex 23.5 22.5 1.5
      vertex 18.4538 17.3353 1.5
      vertex 18.479 17.2386 1.5
    endloop
  endfacet
  facet normal 0 0 1
    outer loop
      vertex 23.5 22.5 1.5
      vertex 18.4262 17.4312 1.5
      vertex 18.4538 17.3353 1.5
    endloop
  endfacet
  facet normal 0 0 1
    outer loop
      vertex 23.5 22.5 1.5
      vertex 18.3962 17.5265 1.5
      vertex 18.4262 17.4312 1.5
    endloop
  endfacet
  facet normal 0 0 1
    outer loop
      vertex 23.5 22.5 1.5
      vertex 18.364 17.621 1.5
      vertex 18.3962 17.5265 1.5
    endloop
  endfacet
  facet normal 0 0 1
    outer loop
      vertex 23.5 22.5 1.5
      vertex 18.3295 17.7146 1.5
      vertex 18.364 17.621 1.5
    endloop
  endfacet
  facet normal 0 0 1
    outer loop
      vertex 23.5 22.5 1.5
      vertex 18.2927 17.8075 1.5
      vertex 18.3295 17.7146 1.5
    endloop
  endfacet
  facet normal 0 0 1
    outer loop
      vertex 23.5 22.5 1.5
      vertex 18.2536 17.8994 1.5
      vertex 18.2927 17.8075 1.5
    endloop
  endfacet
  facet normal 0 0 1
    outer loop
      vertex 23.5 22.5 1.5
      vertex 18.2123 17.9903 1.5
      vertex 18.2536 17.8994 1.5
    endloop
  endfacet
  facet normal 0 0 1
    outer loop
      vertex 23.5 22.5 1.5
      vertex 18.1689 18.0802 1.5
      vertex 18.2123 17.9903 1.5
    endloop
  endfacet
  facet normal 0 0 1
    outer loop
      vertex 23.5 22.5 1.5
      vertex 18.1232 18.169 1.5
      vertex 18.1689 18.0802 1.5
    endloop
  endfacet
  facet normal 0 0 1
    outer loop
      vertex 23.5 22.5 1.5
      vertex 18.0754 18.2566 1.5
      vertex 18.1232 18.169 1.5
    endloop
  endfacet
  facet normal 0 0 1
    outer loop
      vertex 23.5 22.5 1.5
      vertex 18.0255 18.3431 1.5
      vertex 18.0754 18.2566 1.5
    endloop
  endfacet
  facet normal 0 0 1
    outer loop
      vertex 23.5 22.5 1.5
      vertex 17.9735 18.4283 1.5
      vertex 18.0255 18.3431 1.5
    endloop
  endfacet
  facet normal 0 0 1
    outer loop
      vertex 23.5 22.5 1.5
      vertex 17.9194 18.5122 1.5
      vertex 17.9735 18.4283 1.5
    endloop
  endfacet
  facet normal 0 0 1
    outer loop
      vertex 23.5 22.5 1.5
      vertex 17.8633 18.5948 1.5
      vertex 17.9194 18.5122 1.5
    endloop
  endfacet
  facet normal 0 0 1
    outer loop
      vertex 23.5 22.5 1.5
      vertex 17.8052 18.676 1.5
      vertex 17.8633 18.5948 1.5
    endloop
  endfacet
  facet normal 0 0 1
    outer loop
      vertex 23.5 22.5 1.5
      vertex 17.7451 18.7558 1.5
      vertex 17.8052 18.676 1.5
    endloop
  endfacet
  facet normal 0 0 1
    outer loop
      vertex 23.5 22.5 1.5
      vertex 17.6832 18.8341 1.5
      vertex 17.7451 18.7558 1.5
    endloop
  endfacet
  facet normal 0 0 1
    outer loop
      vertex 23.5 22.5 1.5
      vertex 17.6193 18.9108 1.5
      vertex 17.6832 18.8341 1.5
    endloop
  endfacet
  facet normal 0 0 1
    outer loop
      vertex 23.5 22.5 1.5
      vertex 17.5536 18.986 1.5
      vertex 17.6193 18.9108 1.5
    endloop
  endfacet
  facet normal 0 0 1
    outer loop
      vertex 23.5 22.5 1.5
      vertex 17.486 19.0596 1.5
      vertex 17.5536 18.986 1.5
    endloop
  endfacet
  facet normal 0 0 1
    outer loop
      vertex 23.5 22.5 1.5
      vertex 17.4167 19.1314 1.5
      vertex 17.486 19.0596 1.5
    endloop
  endfacet
  facet normal 0 0 1
    outer loop
      vertex 23.5 22.5 1.5
      vertex 17.3457 19.2016 1.5
      vertex 17.4167 19.1314 1.5
    endloop
  endfacet
  facet normal 0 0 1
    outer loop
      vertex 23.5 22.5 1.5
      vertex 17.273 19.27 1.5
      vertex 17.3457 19.2016 1.5
    endloop
  endfacet
  facet normal 0 0 1
    outer loop
      vertex 23.5 22.5 1.5
      vertex 17.1986 19.3367 1.5
      vertex 17.273 19.27 1.5
    endloop
  endfacet
  facet normal 0 0 1
    outer loop
      vertex 23.5 22.5 1.5
      vertex 17.1227 19.4015 1.5
      vertex 17.1986 19.3367 1.5
    endloop
  endfacet
  facet normal 0 0 1
    outer loop
      vertex 23.5 22.5 1.5
      vertex 17.0451 19.4644 1.5
      vertex 17.1227 19.4015 1.5
    endloop
  endfacet
  facet normal 0 0 1
    outer loop
      vertex 23.5 22.5 1.5
      vertex 16.9661 19.5254 1.5
      vertex 17.0451 19.4644 1.5
    endloop
  endfacet
  facet normal 0 0 1
    outer loop
      vertex 23.5 22.5 1.5
      vertex 16.8856 19.5845 1.5
      vertex 16.9661 19.5254 1.5
    endloop
  endfacet
  facet normal 0 0 1
    outer loop
      vertex 23.5 22.5 1.5
      vertex 16.8037 19.6416 1.5
      vertex 16.8856 19.5845 1.5
    endloop
  endfacet
  facet normal 0 0 1
    outer loop
      vertex 23.5 22.5 1.5
      vertex 16.7204 19.6967 1.5
      vertex 16.8037 19.6416 1.5
    endloop
  endfacet
  facet normal 0 0 1
    outer loop
      vertex 23.5 22.5 1.5
      vertex 16.6359 19.7497 1.5
      vertex 16.7204 19.6967 1.5
    endloop
  endfacet
  facet normal 0 0 1
    outer loop
      vertex 23.5 22.5 1.5
      vertex 16.55 19.8007 1.5
      vertex 16.6359 19.7497 1.5
    endloop
  endfacet
  facet normal 0 0 1
    outer loop
      vertex 23.5 22.5 1.5
      vertex 16.4629 19.8496 1.5
      vertex 16.55 19.8007 1.5
    endloop
  endfacet
  facet normal 0 0 1
    outer loop
      vertex 23.5 22.5 1.5
      vertex 16.3747 19.8963 1.5
      vertex 16.4629 19.8496 1.5
    endloop
  endfacet
  facet normal 0 0 1
    outer loop
      vertex 23.5 26.5 1.5
      vertex 16.2853 19.9409 1.5
      vertex 16.3747 19.8963 1.5
    endloop
  endfacet
  facet normal 0 0 1
    outer loop
      vertex 23.5 26.5 1.5
      vertex 16.1949 19.9833 1.5
      vertex 16.2853 19.9409 1.5
    endloop
  endfacet
  facet normal 0 0 1
    outer loop
      vertex 23.5 26.5 1.5
      vertex 16.1035 20.0234 1.5
      vertex 16.1949 19.9833 1.5
    endloop
  endfacet
  facet normal 0 0 1
    outer loop
      vertex 23.5 26.5 1.5
      vertex 16.0112 20.0613 1.5
      vertex 16.1035 20.0234 1.5
    endloop
  endfacet
  facet normal 0 0 1
    outer loop
      vertex 23.5 26.5 1.5
      vertex 15.9179 20.097 1.5
      vertex 16.0112 20.0613 1.5
    endloop
  endfacet
  facet normal 0 0 1
    outer loop
      vertex 23.5 26.5 1.5
      vertex 15.8238 20.1304 1.5
      vertex 15.9179 20.097 1.5
    endloop
  endfacet
  facet normal 0 0 1
    outer loop
      vertex 23.5 26.5 1.5
      vertex 15.7289 20.1615 1.5
      vertex 15.8238 20.1304 1.5
    endloop
  endfacet
  facet normal 0 0 1
    outer loop
      vertex 23.5 26.5 1.5
      vertex 15.6333 20.1903 1.5
      vertex 15.7289 20.1615 1.5
    endloop
  endfacet
  facet normal 0 0 1
    outer loop
      vertex 23.5 26.5 1.5
      vertex 15.537 20.2167 1.5
      vertex 15.6333 20.1903 1.5
    endloop
  endfacet
  facet normal 0 0 1
    outer loop
      vertex 23.5 26.5 1.5
      vertex 15.4401 20.2408 1.5
      vertex 15.537 20.2167 1.5
    endloop
  endfacet
  facet normal 0 0 1
    outer loop
      vertex 23.5 26.5 1.5
      vertex 15.3427 20.2625 1.5
      vertex 15.4401 20.2408 1.5
    endloop
  endfacet
  facet normal 0 0 1
    outer loop
      vertex 23.5 26.5 1.5
      vertex 15.2447 20.2818 1.5
      vertex 15.3427 20.2625 1.5
    endloop
  endfacet
  facet normal 0 0 1
    outer loop
      vertex 23.5 26.5 1.5
      vertex 15.1463 20.2987 1.5
      vertex 15.2447 20.2818 1.5
    endloop
  endfacet
  facet normal 0 0 1
    outer loop
      vertex 23.5 26.5 1.5
      vertex 15.0475 20.3133 1.5
      vertex 15.1463 20.2987 1.5
    endloop
  endfacet
  facet normal 0 0 1
    outer loop
      vertex 23.5 26.5 1.5
      vertex 14.9484 20.3254 1.5
      vertex 15.0475 20.3133 1.5
    endloop
  endfacet
  facet normal 0 0 1
    outer loop
      vertex 23.5 26.5 1.5
      vertex 14.849 20.3351 1.5
      vertex 14.9484 20.3254 1.5
    endloop
  endfacet
  facet normal 0 0 1
    outer loop
      vertex 23.5 26.5 1.5
      vertex 14.7495 20.3424 1.5
      vertex 14.849 20.3351 1.5
    endloop
  endfacet
  facet normal 0 0 1
    outer loop
      vertex 23.5 26.5 1.5
      vertex 14.6497 20.3473 1.5
      vertex 14.7495 20.3424 1.5
    endloop
  endfacet
  facet normal 0 0 1
    outer loop
      vertex 23.5 26.5 1.5
      vertex 14.5499 20.3497 1.5
      vertex 14.6497 20.3473 1.5
    endloop
  endfacet
  facet normal 0 0 1
    outer loop
      vertex 23.5 26.5 1.5
      vertex 14.4501 20.3497 1.5
      vertex 14.5499 20.3497 1.5
    endloop
  endfacet
  facet normal -0 0 1
    outer loop
      vertex 5.5 26.5 1.5
      vertex 14.4501 20.3497 1.5
      vertex 23.5 26.5 1.5
    endloop
  endfacet
  facet normal 0 0 1
    outer loop
      vertex 14.4501 20.3497 1.5
      vertex 5.5 26.5 1.5
      vertex 14.3503 20.3473 1.5
    endloop
  endfacet
  facet normal 0 0 1
    outer loop
      vertex 14.3503 20.3473 1.5
      vertex 5.5 26.5 1.5
      vertex 14.2505 20.3424 1.5
    endloop
  endfacet
  facet normal 0 0 1
    outer loop
      vertex 14.2505 20.3424 1.5
      vertex 5.5 26.5 1.5
      vertex 14.151 20.3351 1.5
    endloop
  endfacet
  facet normal 0 0 1
    outer loop
      vertex 14.151 20.3351 1.5
      vertex 5.5 26.5 1.5
      vertex 14.0516 20.3254 1.5
    endloop
  endfacet
  facet normal 0 0 1
    outer loop
      vertex 14.0516 20.3254 1.5
      vertex 5.5 26.5 1.5
      vertex 13.9525 20.3133 1.5
    endloop
  endfacet
  facet normal 0 0 1
    outer loop
      vertex 13.9525 20.3133 1.5
      vertex 5.5 26.5 1.5
      vertex 13.8537 20.2987 1.5
    endloop
  endfacet
  facet normal 0 0 1
    outer loop
      vertex 13.8537 20.2987 1.5
      vertex 5.5 26.5 1.5
      vertex 13.7553 20.2818 1.5
    endloop
  endfacet
  facet normal 0 0 1
    outer loop
      vertex 13.7553 20.2818 1.5
      vertex 5.5 26.5 1.5
      vertex 13.6573 20.2625 1.5
    endloop
  endfacet
  facet normal 0 0 1
    outer loop
      vertex 13.6573 20.2625 1.5
      vertex 5.5 26.5 1.5
      vertex 13.5599 20.2408 1.5
    endloop
  endfacet
  facet normal 0 0 1
    outer loop
      vertex 13.5599 20.2408 1.5
      vertex 5.5 26.5 1.5
      vertex 13.463 20.2167 1.5
    endloop
  endfacet
  facet normal 0 0 1
    outer loop
      vertex 13.463 20.2167 1.5
      vertex 5.5 26.5 1.5
      vertex 13.3667 20.1903 1.5
    endloop
  endfacet
  facet normal 0 0 1
    outer loop
      vertex 13.3667 20.1903 1.5
      vertex 5.5 26.5 1.5
      vertex 13.2711 20.1615 1.5
    endloop
  endfacet
  facet normal 0 0 1
    outer loop
      vertex 13.2711 20.1615 1.5
      vertex 5.5 26.5 1.5
      vertex 13.1762 20.1304 1.5
    endloop
  endfacet
  facet normal 0 0 1
    outer loop
      vertex 13.1762 20.1304 1.5
      vertex 5.5 26.5 1.5
      vertex 13.0821 20.097 1.5
    endloop
  endfacet
  facet normal 0 0 1
    outer loop
      vertex 13.0821 20.097 1.5
      vertex 5.5 26.5 1.5
      vertex 12.9888 20.0613 1.5
    endloop
  endfacet
  facet normal 0 0 1
    outer loop
      vertex 12.9888 20.0613 1.5
      vertex 5.5 26.5 1.5
      vertex 12.8965 20.0234 1.5
    endloop
  endfacet
  facet normal 0 0 1
    outer loop
      vertex 12.8965 20.0234 1.5
      vertex 5.5 26.5 1.5
      vertex 12.8051 19.9833 1.5
    endloop
  endfacet
  facet normal 0 0 1
    outer loop
      vertex 12.8051 19.9833 1.5
      vertex 5.5 26.5 1.5
      vertex 12.7147 19.9409 1.5
    endloop
  endfacet
  facet normal 0 0 1
    outer loop
      vertex 12.7147 19.9409 1.5
      vertex 5.5 26.5 1.5
      vertex 12.6253 19.8963 1.5
    endloop
  endfacet
  facet normal -0 0 1
    outer loop
      vertex 5.5 22.5 1.5
      vertex 12.6253 19.8963 1.5
      vertex 5.5 26.5 1.5
    endloop
  endfacet
  facet normal 0 0 1
    outer loop
      vertex 12.6253 19.8963 1.5
      vertex 5.5 22.5 1.5
      vertex 12.5371 19.8496 1.5
    endloop
  endfacet
  facet normal -0 0 1
    outer loop
      vertex 4.79394 16.4983 1.5
      vertex 10.4049 16.4496 1.5
      vertex 10.4109 16.5493 1.5
    endloop
  endfacet
  facet normal 0 0 1
    outer loop
      vertex 4.79394 16.4983 1.5
      vertex 10.4109 16.5493 1.5
      vertex 10.4194 16.6488 1.5
    endloop
  endfacet
  facet normal 0 0 1
    outer loop
      vertex 4.79394 16.4983 1.5
      vertex 10.4194 16.6488 1.5
      vertex 10.4304 16.748 1.5
    endloop
  endfacet
  facet normal 0 0 1
    outer loop
      vertex 4.79394 16.4983 1.5
      vertex 10.4304 16.748 1.5
      vertex 10.4437 16.847 1.5
    endloop
  endfacet
  facet normal 0 0 1
    outer loop
      vertex 4.79394 16.4983 1.5
      vertex 10.4437 16.847 1.5
      vertex 10.4594 16.9456 1.5
    endloop
  endfacet
  facet normal 0 0 1
    outer loop
      vertex 4.79394 16.4983 1.5
      vertex 10.4594 16.9456 1.5
      vertex 10.4776 17.0437 1.5
    endloop
  endfacet
  facet normal 0 0 1
    outer loop
      vertex 4.79394 16.4983 1.5
      vertex 10.4776 17.0437 1.5
      vertex 10.4981 17.1415 1.5
    endloop
  endfacet
  facet normal 0 0 1
    outer loop
      vertex 4.79394 16.4983 1.5
      vertex 10.4981 17.1415 1.5
      vertex 10.521 17.2386 1.5
    endloop
  endfacet
  facet normal 0 0 1
    outer loop
      vertex 4.79394 16.4983 1.5
      vertex 10.521 17.2386 1.5
      vertex 10.5462 17.3353 1.5
    endloop
  endfacet
  facet normal 0 0 1
    outer loop
      vertex 4.79394 16.4983 1.5
      vertex 10.5462 17.3353 1.5
      vertex 10.5738 17.4312 1.5
    endloop
  endfacet
  facet normal 0 0 1
    outer loop
      vertex 4.79394 16.4983 1.5
      vertex 10.5738 17.4312 1.5
      vertex 10.6038 17.5265 1.5
    endloop
  endfacet
  facet normal 0 0 1
    outer loop
      vertex 4.79394 16.4983 1.5
      vertex 10.6038 17.5265 1.5
      vertex 10.636 17.621 1.5
    endloop
  endfacet
  facet normal 0 0 1
    outer loop
      vertex 4.79394 16.4983 1.5
      vertex 10.636 17.621 1.5
      vertex 10.6705 17.7146 1.5
    endloop
  endfacet
  facet normal 0 0 1
    outer loop
      vertex 4.79394 16.4983 1.5
      vertex 10.6705 17.7146 1.5
      vertex 10.7073 17.8075 1.5
    endloop
  endfacet
  facet normal 0 0 1
    outer loop
      vertex 10.7464 17.8994 1.5
      vertex 4.59121 16.939 1.5
      vertex 10.7073 17.8075 1.5
    endloop
  endfacet
  facet normal 0 0 1
    outer loop
      vertex 4.59121 16.939 1.5
      vertex 10.7464 17.8994 1.5
      vertex 5.5 22.5 1.5
    endloop
  endfacet
  facet normal 0 0 1
    outer loop
      vertex 10.7877 17.9903 1.5
      vertex 5.5 22.5 1.5
      vertex 10.7464 17.8994 1.5
    endloop
  endfacet
  facet normal 0 0 1
    outer loop
      vertex 10.8311 18.0802 1.5
      vertex 5.5 22.5 1.5
      vertex 10.7877 17.9903 1.5
    endloop
  endfacet
  facet normal 0 0 1
    outer loop
      vertex 10.8768 18.169 1.5
      vertex 5.5 22.5 1.5
      vertex 10.8311 18.0802 1.5
    endloop
  endfacet
  facet normal 0 0 1
    outer loop
      vertex 10.9246 18.2566 1.5
      vertex 5.5 22.5 1.5
      vertex 10.8768 18.169 1.5
    endloop
  endfacet
  facet normal 0 0 1
    outer loop
      vertex 10.9745 18.3431 1.5
      vertex 5.5 22.5 1.5
      vertex 10.9246 18.2566 1.5
    endloop
  endfacet
  facet normal 0 0 1
    outer loop
      vertex 11.0265 18.4283 1.5
      vertex 5.5 22.5 1.5
      vertex 10.9745 18.3431 1.5
    endloop
  endfacet
  facet normal 0 0 1
    outer loop
      vertex 11.0806 18.5122 1.5
      vertex 5.5 22.5 1.5
      vertex 11.0265 18.4283 1.5
    endloop
  endfacet
  facet normal 0 0 1
    outer loop
      vertex 11.1367 18.5948 1.5
      vertex 5.5 22.5 1.5
      vertex 11.0806 18.5122 1.5
    endloop
  endfacet
  facet normal 0 0 1
    outer loop
      vertex 11.1948 18.676 1.5
      vertex 5.5 22.5 1.5
      vertex 11.1367 18.5948 1.5
    endloop
  endfacet
  facet normal 0 0 1
    outer loop
      vertex 11.2549 18.7558 1.5
      vertex 5.5 22.5 1.5
      vertex 11.1948 18.676 1.5
    endloop
  endfacet
  facet normal 0 0 1
    outer loop
      vertex 11.3168 18.8341 1.5
      vertex 5.5 22.5 1.5
      vertex 11.2549 18.7558 1.5
    endloop
  endfacet
  facet normal 0 0 1
    outer loop
      vertex 11.3807 18.9108 1.5
      vertex 5.5 22.5 1.5
      vertex 11.3168 18.8341 1.5
    endloop
  endfacet
  facet normal 0 0 1
    outer loop
      vertex 11.4464 18.986 1.5
      vertex 5.5 22.5 1.5
      vertex 11.3807 18.9108 1.5
    endloop
  endfacet
  facet normal 0 0 1
    outer loop
      vertex 11.514 19.0596 1.5
      vertex 5.5 22.5 1.5
      vertex 11.4464 18.986 1.5
    endloop
  endfacet
  facet normal 0 0 1
    outer loop
      vertex 11.5833 19.1314 1.5
      vertex 5.5 22.5 1.5
      vertex 11.514 19.0596 1.5
    endloop
  endfacet
  facet normal 0 0 1
    outer loop
      vertex 11.6543 19.2016 1.5
      vertex 5.5 22.5 1.5
      vertex 11.5833 19.1314 1.5
    endloop
  endfacet
  facet normal 0 0 1
    outer loop
      vertex 11.727 19.27 1.5
      vertex 5.5 22.5 1.5
      vertex 11.6543 19.2016 1.5
    endloop
  endfacet
  facet normal 0 0 1
    outer loop
      vertex 11.8014 19.3367 1.5
      vertex 5.5 22.5 1.5
      vertex 11.727 19.27 1.5
    endloop
  endfacet
  facet normal 0 0 1
    outer loop
      vertex 11.8773 19.4015 1.5
      vertex 5.5 22.5 1.5
      vertex 11.8014 19.3367 1.5
    endloop
  endfacet
  facet normal 0 0 1
    outer loop
      vertex 11.9549 19.4644 1.5
      vertex 5.5 22.5 1.5
      vertex 11.8773 19.4015 1.5
    endloop
  endfacet
  facet normal 0 0 1
    outer loop
      vertex 12.0339 19.5254 1.5
      vertex 5.5 22.5 1.5
      vertex 11.9549 19.4644 1.5
    endloop
  endfacet
  facet normal 0 0 1
    outer loop
      vertex 12.1144 19.5845 1.5
      vertex 5.5 22.5 1.5
      vertex 12.0339 19.5254 1.5
    endloop
  endfacet
  facet normal 0 0 1
    outer loop
      vertex 12.1963 19.6416 1.5
      vertex 5.5 22.5 1.5
      vertex 12.1144 19.5845 1.5
    endloop
  endfacet
  facet normal 0 0 1
    outer loop
      vertex 12.2796 19.6967 1.5
      vertex 5.5 22.5 1.5
      vertex 12.1963 19.6416 1.5
    endloop
  endfacet
  facet normal 0 0 1
    outer loop
      vertex 12.3641 19.7497 1.5
      vertex 5.5 22.5 1.5
      vertex 12.2796 19.6967 1.5
    endloop
  endfacet
  facet normal 0 0 1
    outer loop
      vertex 12.45 19.8007 1.5
      vertex 5.5 22.5 1.5
      vertex 12.3641 19.7497 1.5
    endloop
  endfacet
  facet normal 0 0 1
    outer loop
      vertex 12.5371 19.8496 1.5
      vertex 5.5 22.5 1.5
      vertex 12.45 19.8007 1.5
    endloop
  endfacet
  facet normal -0 0 1
    outer loop
      vertex 25.7758 16.2049 1.5
      vertex 27.5 1.5 1.5
      vertex 25.7939 16.3017 1.5
    endloop
  endfacet
  facet normal 0 0 1
    outer loop
      vertex 27.5 1.5 1.5
      vertex 25.7939 3.79831 1.5
      vertex 25.8 3.7 1.5
    endloop
  endfacet
  facet normal -0 0 1
    outer loop
      vertex 25.746 16.111 1.5
      vertex 27.5 1.5 1.5
      vertex 25.7758 16.2049 1.5
    endloop
  endfacet
  facet normal 0 0 1
    outer loop
      vertex 27.5 1.5 1.5
      vertex 25.7758 3.89513 1.5
      vertex 25.7939 3.79831 1.5
    endloop
  endfacet
  facet normal -0 0 1
    outer loop
      vertex 25.7048 16.0215 1.5
      vertex 27.5 1.5 1.5
      vertex 25.746 16.111 1.5
    endloop
  endfacet
  facet normal 0 0 1
    outer loop
      vertex 27.5 1.5 1.5
      vertex 25.746 3.98899 1.5
      vertex 25.7758 3.89513 1.5
    endloop
  endfacet
  facet normal -0 0 1
    outer loop
      vertex 25.7048 4.07847 1.5
      vertex 27.5 1.5 1.5
      vertex 25.7048 16.0215 1.5
    endloop
  endfacet
  facet normal 0 0 1
    outer loop
      vertex 27.5 1.5 1.5
      vertex 25.7048 4.07847 1.5
      vertex 25.746 3.98899 1.5
    endloop
  endfacet
  facet normal -0 0 1
    outer loop
      vertex 25.653 15.9378 1.5
      vertex 25.7048 4.07847 1.5
      vertex 25.7048 16.0215 1.5
    endloop
  endfacet
  facet normal 0 0 1
    outer loop
      vertex 25.653 15.9378 1.5
      vertex 25.653 4.16222 1.5
      vertex 25.7048 4.07847 1.5
    endloop
  endfacet
  facet normal -0 0 1
    outer loop
      vertex 25.5912 15.861 1.5
      vertex 25.653 4.16222 1.5
      vertex 25.653 15.9378 1.5
    endloop
  endfacet
  facet normal 0 0 1
    outer loop
      vertex 25.5912 15.861 1.5
      vertex 25.5912 4.23896 1.5
      vertex 25.653 4.16222 1.5
    endloop
  endfacet
  facet normal -0 0 1
    outer loop
      vertex 25.5205 15.7925 1.5
      vertex 25.5912 4.23896 1.5
      vertex 25.5912 15.861 1.5
    endloop
  endfacet
  facet normal 0 0 1
    outer loop
      vertex 25.5205 15.7925 1.5
      vertex 25.5205 4.30752 1.5
      vertex 25.5912 4.23896 1.5
    endloop
  endfacet
  facet normal -0 0 1
    outer loop
      vertex 25.4419 15.7331 1.5
      vertex 25.5205 4.30752 1.5
      vertex 25.5205 15.7925 1.5
    endloop
  endfacet
  facet normal 0 0 1
    outer loop
      vertex 25.4419 15.7331 1.5
      vertex 25.4419 4.36688 1.5
      vertex 25.5205 4.30752 1.5
    endloop
  endfacet
  facet normal -0 0 1
    outer loop
      vertex 25.3566 15.6839 1.5
      vertex 25.4419 4.36688 1.5
      vertex 25.4419 15.7331 1.5
    endloop
  endfacet
  facet normal 0 0 1
    outer loop
      vertex 25.3566 15.6839 1.5
      vertex 25.3566 4.41613 1.5
      vertex 25.4419 4.36688 1.5
    endloop
  endfacet
  facet normal -0 0 1
    outer loop
      vertex 25.2659 15.6455 1.5
      vertex 25.3566 4.41613 1.5
      vertex 25.3566 15.6839 1.5
    endloop
  endfacet
  facet normal 0 0 1
    outer loop
      vertex 25.2659 15.6455 1.5
      vertex 25.2659 4.45452 1.5
      vertex 25.3566 4.41613 1.5
    endloop
  endfacet
  facet normal -0 0 1
    outer loop
      vertex 25.1711 15.6185 1.5
      vertex 25.2659 4.45452 1.5
      vertex 25.2659 15.6455 1.5
    endloop
  endfacet
  facet normal 0 0 1
    outer loop
      vertex 25.1711 15.6185 1.5
      vertex 25.1711 4.48148 1.5
      vertex 25.2659 4.45452 1.5
    endloop
  endfacet
  facet normal -0 0 1
    outer loop
      vertex 25.0738 15.6034 1.5
      vertex 25.1711 4.48148 1.5
      vertex 25.1711 15.6185 1.5
    endloop
  endfacet
  facet normal 0 0 1
    outer loop
      vertex 25.0738 15.6034 1.5
      vertex 25.0738 4.49659 1.5
      vertex 25.1711 4.48148 1.5
    endloop
  endfacet
  facet normal -0 0 1
    outer loop
      vertex 24.9754 15.6004 1.5
      vertex 25.0738 4.49659 1.5
      vertex 25.0738 15.6034 1.5
    endloop
  endfacet
  facet normal 0 0 1
    outer loop
      vertex 24.9754 15.6004 1.5
      vertex 24.9754 4.49962 1.5
      vertex 25.0738 4.49659 1.5
    endloop
  endfacet
  facet normal 0 0 1
    outer loop
      vertex 24.8773 15.6095 1.5
      vertex 24.9754 4.49962 1.5
      vertex 24.9754 15.6004 1.5
    endloop
  endfacet
  facet normal 0 0 1
    outer loop
      vertex 24.8773 15.6095 1.5
      vertex 24.8773 4.49053 1.5
      vertex 24.9754 4.49962 1.5
    endloop
  endfacet
  facet normal 0 0 1
    outer loop
      vertex 24.7811 15.6305 1.5
      vertex 24.8773 4.49053 1.5
      vertex 24.8773 15.6095 1.5
    endloop
  endfacet
  facet normal 0 0 1
    outer loop
      vertex 24.7811 15.6305 1.5
      vertex 24.7811 4.46946 1.5
      vertex 24.8773 4.49053 1.5
    endloop
  endfacet
  facet normal 0 0 1
    outer loop
      vertex 24.6882 15.6633 1.5
      vertex 24.7811 4.46946 1.5
      vertex 24.7811 15.6305 1.5
    endloop
  endfacet
  facet normal 0 0 1
    outer loop
      vertex 24.6882 15.6633 1.5
      vertex 24.6882 4.43672 1.5
      vertex 24.7811 4.46946 1.5
    endloop
  endfacet
  facet normal 0 0 1
    outer loop
      vertex 17.8633 13.9052 1.5
      vertex 24.6882 15.6633 1.5
      vertex 24.6 15.7072 1.5
    endloop
  endfacet
  facet normal 0 0 1
    outer loop
      vertex 24.6882 15.6633 1.5
      vertex 17.7451 13.7442 1.5
      vertex 24.6882 4.43672 1.5
    endloop
  endfacet
  facet normal 0 0 1
    outer loop
      vertex 18.0255 14.1569 1.5
      vertex 24.6 15.7072 1.5
      vertex 24.5179 15.7616 1.5
    endloop
  endfacet
  facet normal -0 0 1
    outer loop
      vertex 17.6832 13.6659 1.5
      vertex 24.6882 4.43672 1.5
      vertex 17.7451 13.7442 1.5
    endloop
  endfacet
  facet normal 0 0 1
    outer loop
      vertex 18.1689 14.4198 1.5
      vertex 24.5179 15.7616 1.5
      vertex 24.4431 15.8257 1.5
    endloop
  endfacet
  facet normal -0 0 1
    outer loop
      vertex 17.6193 13.5892 1.5
      vertex 24.6882 4.43672 1.5
      vertex 17.6832 13.6659 1.5
    endloop
  endfacet
  facet normal 0 0 1
    outer loop
      vertex 18.2927 14.6925 1.5
      vertex 24.4431 15.8257 1.5
      vertex 24.3767 15.8985 1.5
    endloop
  endfacet
  facet normal 0 0 1
    outer loop
      vertex 24.6882 4.43672 1.5
      vertex 17.6193 13.5892 1.5
      vertex 24.6 4.39282 1.5
    endloop
  endfacet
  facet normal 0 0 1
    outer loop
      vertex 18.3962 14.9735 1.5
      vertex 24.3767 15.8985 1.5
      vertex 24.3198 15.9789 1.5
    endloop
  endfacet
  facet normal 0 0 1
    outer loop
      vertex 24.6882 15.6633 1.5
      vertex 17.8052 13.824 1.5
      vertex 17.7451 13.7442 1.5
    endloop
  endfacet
  facet normal 0 0 1
    outer loop
      vertex 18.479 15.2613 1.5
      vertex 24.3198 15.9789 1.5
      vertex 24.2732 16.0656 1.5
    endloop
  endfacet
  facet normal -0 0 1
    outer loop
      vertex 17.5536 13.514 1.5
      vertex 24.6 4.39282 1.5
      vertex 17.6193 13.5892 1.5
    endloop
  endfacet
  facet normal 0 0 1
    outer loop
      vertex 18.5406 15.5544 1.5
      vertex 24.2732 16.0656 1.5
      vertex 24.2376 16.1575 1.5
    endloop
  endfacet
  facet normal -0 0 1
    outer loop
      vertex 17.486 13.4404 1.5
      vertex 24.6 4.39282 1.5
      vertex 17.5536 13.514 1.5
    endloop
  endfacet
  facet normal 0 0 1
    outer loop
      vertex 18.5696 15.752 1.5
      vertex 24.2376 16.1575 1.5
      vertex 24.2136 16.253 1.5
    endloop
  endfacet
  facet normal -0 0 1
    outer loop
      vertex 17.4167 13.3686 1.5
      vertex 24.6 4.39282 1.5
      vertex 17.486 13.4404 1.5
    endloop
  endfacet
  facet normal 0 0 1
    outer loop
      vertex 18.5951 16.0504 1.5
      vertex 24.2136 16.253 1.5
      vertex 24.2015 16.3507 1.5
    endloop
  endfacet
  facet normal -0 0 1
    outer loop
      vertex 17.3457 13.2984 1.5
      vertex 24.6 4.39282 1.5
      vertex 17.4167 13.3686 1.5
    endloop
  endfacet
  facet normal 0 0 1
    outer loop
      vertex 25.7939 16.3017 1.5
      vertex 27.5 22.5 1.5
      vertex 25.8 16.4 1.5
    endloop
  endfacet
  facet normal 0 0 1
    outer loop
      vertex 27.5 22.5 1.5
      vertex 25.7939 16.4983 1.5
      vertex 25.8 16.4 1.5
    endloop
  endfacet
  facet normal 0 0 1
    outer loop
      vertex 27.5 22.5 1.5
      vertex 25.7758 16.5951 1.5
      vertex 25.7939 16.4983 1.5
    endloop
  endfacet
  facet normal 0 0 1
    outer loop
      vertex 27.5 22.5 1.5
      vertex 25.746 16.689 1.5
      vertex 25.7758 16.5951 1.5
    endloop
  endfacet
  facet normal 0 0 1
    outer loop
      vertex 27.5 22.5 1.5
      vertex 25.7048 16.7785 1.5
      vertex 25.746 16.689 1.5
    endloop
  endfacet
  facet normal 0 0 1
    outer loop
      vertex 27.5 22.5 1.5
      vertex 25.653 16.8622 1.5
      vertex 25.7048 16.7785 1.5
    endloop
  endfacet
  facet normal 0 0 1
    outer loop
      vertex 27.5 22.5 1.5
      vertex 25.5912 16.939 1.5
      vertex 25.653 16.8622 1.5
    endloop
  endfacet
  facet normal 0 0 1
    outer loop
      vertex 27.5 22.5 1.5
      vertex 25.5205 17.0075 1.5
      vertex 25.5912 16.939 1.5
    endloop
  endfacet
  facet normal 0 0 1
    outer loop
      vertex 27.5 22.5 1.5
      vertex 25.4419 17.0669 1.5
      vertex 25.5205 17.0075 1.5
    endloop
  endfacet
  facet normal 0 0 1
    outer loop
      vertex 27.5 22.5 1.5
      vertex 25.3566 17.1161 1.5
      vertex 25.4419 17.0669 1.5
    endloop
  endfacet
  facet normal 0 0 1
    outer loop
      vertex 27.5 22.5 1.5
      vertex 25.2659 17.1545 1.5
      vertex 25.3566 17.1161 1.5
    endloop
  endfacet
  facet normal 0 0 1
    outer loop
      vertex 27.5 22.5 1.5
      vertex 25.1711 17.1815 1.5
      vertex 25.2659 17.1545 1.5
    endloop
  endfacet
  facet normal 0 0 1
    outer loop
      vertex 27.5 22.5 1.5
      vertex 25.0738 17.1966 1.5
      vertex 25.1711 17.1815 1.5
    endloop
  endfacet
  facet normal -0 0 1
    outer loop
      vertex 23.5 22.5 1.5
      vertex 25.0738 17.1966 1.5
      vertex 27.5 22.5 1.5
    endloop
  endfacet
  facet normal 0 0 1
    outer loop
      vertex 25.0738 17.1966 1.5
      vertex 23.5 22.5 1.5
      vertex 24.9754 17.1996 1.5
    endloop
  endfacet
  facet normal 0 0 1
    outer loop
      vertex 24.9754 17.1996 1.5
      vertex 23.5 22.5 1.5
      vertex 24.8773 17.1905 1.5
    endloop
  endfacet
  facet normal 0 0 1
    outer loop
      vertex 24.8773 17.1905 1.5
      vertex 23.5 22.5 1.5
      vertex 24.7811 17.1695 1.5
    endloop
  endfacet
  facet normal 0 0 1
    outer loop
      vertex 24.7811 17.1695 1.5
      vertex 23.5 22.5 1.5
      vertex 24.6882 17.1367 1.5
    endloop
  endfacet
  facet normal 0 0 1
    outer loop
      vertex 24.6882 17.1367 1.5
      vertex 23.5 22.5 1.5
      vertex 24.6 17.0928 1.5
    endloop
  endfacet
  facet normal 0 0 1
    outer loop
      vertex 24.6 17.0928 1.5
      vertex 23.5 22.5 1.5
      vertex 24.5179 17.0384 1.5
    endloop
  endfacet
  facet normal 0 0 1
    outer loop
      vertex 24.5179 17.0384 1.5
      vertex 23.5 22.5 1.5
      vertex 24.4431 16.9743 1.5
    endloop
  endfacet
  facet normal 0 0 1
    outer loop
      vertex 24.4431 16.9743 1.5
      vertex 23.5 22.5 1.5
      vertex 24.3767 16.9015 1.5
    endloop
  endfacet
  facet normal 0 0 1
    outer loop
      vertex 18.6 16.25 1.5
      vertex 24.2015 16.3507 1.5
      vertex 24.2015 16.4492 1.5
    endloop
  endfacet
  facet normal 0 0 1
    outer loop
      vertex 24.6882 15.6633 1.5
      vertex 17.8633 13.9052 1.5
      vertex 17.8052 13.824 1.5
    endloop
  endfacet
  facet normal 0 0 1
    outer loop
      vertex 24.2136 16.547 1.5
      vertex 18.6 16.25 1.5
      vertex 24.2015 16.4492 1.5
    endloop
  endfacet
  facet normal 0 0 1
    outer loop
      vertex 24.2376 16.6425 1.5
      vertex 18.6 16.25 1.5
      vertex 24.2136 16.547 1.5
    endloop
  endfacet
  facet normal 0 0 1
    outer loop
      vertex 24.2732 16.7344 1.5
      vertex 18.6 16.25 1.5
      vertex 24.2376 16.6425 1.5
    endloop
  endfacet
  facet normal 0 0 1
    outer loop
      vertex 24.3198 16.8211 1.5
      vertex 18.6 16.25 1.5
      vertex 24.2732 16.7344 1.5
    endloop
  endfacet
  facet normal 0 0 1
    outer loop
      vertex 24.3767 16.9015 1.5
      vertex 18.6 16.25 1.5
      vertex 24.3198 16.8211 1.5
    endloop
  endfacet
  facet normal 0 0 1
    outer loop
      vertex 18.6 16.25 1.5
      vertex 24.3767 16.9015 1.5
      vertex 23.5 22.5 1.5
    endloop
  endfacet
  facet normal 0 0 1
    outer loop
      vertex 27.5 22.5 1.5
      vertex 25.7939 16.3017 1.5
      vertex 27.5 1.5 1.5
    endloop
  endfacet
  facet normal -0 0 1
    outer loop
      vertex 25.7939 3.60169 1.5
      vertex 27.5 1.5 1.5
      vertex 25.8 3.7 1.5
    endloop
  endfacet
  facet normal -0 0 1
    outer loop
      vertex 25.7758 3.50487 1.5
      vertex 27.5 1.5 1.5
      vertex 25.7939 3.60169 1.5
    endloop
  endfacet
  facet normal -0 0 1
    outer loop
      vertex 25.746 3.41101 1.5
      vertex 27.5 1.5 1.5
      vertex 25.7758 3.50487 1.5
    endloop
  endfacet
  facet normal -0 0 1
    outer loop
      vertex 25.7048 3.32152 1.5
      vertex 27.5 1.5 1.5
      vertex 25.746 3.41101 1.5
    endloop
  endfacet
  facet normal -0 0 1
    outer loop
      vertex 25.653 3.23778 1.5
      vertex 27.5 1.5 1.5
      vertex 25.7048 3.32152 1.5
    endloop
  endfacet
  facet normal -0 0 1
    outer loop
      vertex 25.5912 3.16104 1.5
      vertex 27.5 1.5 1.5
      vertex 25.653 3.23778 1.5
    endloop
  endfacet
  facet normal -0 0 1
    outer loop
      vertex 25.5205 3.09248 1.5
      vertex 27.5 1.5 1.5
      vertex 25.5912 3.16104 1.5
    endloop
  endfacet
  facet normal -0 0 1
    outer loop
      vertex 25.4419 3.03312 1.5
      vertex 27.5 1.5 1.5
      vertex 25.5205 3.09248 1.5
    endloop
  endfacet
  facet normal -0 0 1
    outer loop
      vertex 25.3566 2.98387 1.5
      vertex 27.5 1.5 1.5
      vertex 25.4419 3.03312 1.5
    endloop
  endfacet
  facet normal -0 0 1
    outer loop
      vertex 25.2659 2.94548 1.5
      vertex 27.5 1.5 1.5
      vertex 25.3566 2.98387 1.5
    endloop
  endfacet
  facet normal -0 0 1
    outer loop
      vertex 25.1711 2.91852 1.5
      vertex 27.5 1.5 1.5
      vertex 25.2659 2.94548 1.5
    endloop
  endfacet
  facet normal -0 0 1
    outer loop
      vertex 25.0738 2.90341 1.5
      vertex 27.5 1.5 1.5
      vertex 25.1711 2.91852 1.5
    endloop
  endfacet
  facet normal -0 0 1
    outer loop
      vertex 24.9754 2.90038 1.5
      vertex 27.5 1.5 1.5
      vertex 25.0738 2.90341 1.5
    endloop
  endfacet
  facet normal 0 0 1
    outer loop
      vertex 24.8773 2.90947 1.5
      vertex 27.5 1.5 1.5
      vertex 24.9754 2.90038 1.5
    endloop
  endfacet
  facet normal 0 0 1
    outer loop
      vertex 24.7811 2.93054 1.5
      vertex 27.5 1.5 1.5
      vertex 24.8773 2.90947 1.5
    endloop
  endfacet
  facet normal 0 0 1
    outer loop
      vertex 16.5 1.5 1.5
      vertex 24.7811 2.93054 1.5
      vertex 24.6882 2.96327 1.5
    endloop
  endfacet
  facet normal 0 0 1
    outer loop
      vertex 16.5 1.5 1.5
      vertex 24.6882 2.96327 1.5
      vertex 24.6 3.00718 1.5
    endloop
  endfacet
  facet normal 0 0 1
    outer loop
      vertex 24.2015 16.3507 1.5
      vertex 18.6 16.25 1.5
      vertex 18.5988 16.1502 1.5
    endloop
  endfacet
  facet normal 0 0 1
    outer loop
      vertex 24.2015 16.3507 1.5
      vertex 18.5988 16.1502 1.5
      vertex 18.5951 16.0504 1.5
    endloop
  endfacet
  facet normal 0 0 1
    outer loop
      vertex 24.2136 16.253 1.5
      vertex 18.5951 16.0504 1.5
      vertex 18.5891 15.9507 1.5
    endloop
  endfacet
  facet normal 0 0 1
    outer loop
      vertex 24.2136 16.253 1.5
      vertex 18.5891 15.9507 1.5
      vertex 18.5806 15.8512 1.5
    endloop
  endfacet
  facet normal 0 0 1
    outer loop
      vertex 24.2136 16.253 1.5
      vertex 18.5806 15.8512 1.5
      vertex 18.5696 15.752 1.5
    endloop
  endfacet
  facet normal 0 0 1
    outer loop
      vertex 24.2376 16.1575 1.5
      vertex 18.5696 15.752 1.5
      vertex 18.5563 15.653 1.5
    endloop
  endfacet
  facet normal 0 0 1
    outer loop
      vertex 24.2376 16.1575 1.5
      vertex 18.5563 15.653 1.5
      vertex 18.5406 15.5544 1.5
    endloop
  endfacet
  facet normal 0 0 1
    outer loop
      vertex 24.2732 16.0656 1.5
      vertex 18.5406 15.5544 1.5
      vertex 18.5224 15.4563 1.5
    endloop
  endfacet
  facet normal 0 0 1
    outer loop
      vertex 24.2732 16.0656 1.5
      vertex 18.5224 15.4563 1.5
      vertex 18.5019 15.3585 1.5
    endloop
  endfacet
  facet normal 0 0 1
    outer loop
      vertex 24.2732 16.0656 1.5
      vertex 18.5019 15.3585 1.5
      vertex 18.479 15.2613 1.5
    endloop
  endfacet
  facet normal 0 0 1
    outer loop
      vertex 24.3198 15.9789 1.5
      vertex 18.479 15.2613 1.5
      vertex 18.4538 15.1647 1.5
    endloop
  endfacet
  facet normal 0 0 1
    outer loop
      vertex 24.3198 15.9789 1.5
      vertex 18.4538 15.1647 1.5
      vertex 18.4262 15.0688 1.5
    endloop
  endfacet
  facet normal 0 0 1
    outer loop
      vertex 24.3198 15.9789 1.5
      vertex 18.4262 15.0688 1.5
      vertex 18.3962 14.9735 1.5
    endloop
  endfacet
  facet normal 0 0 1
    outer loop
      vertex 24.3767 15.8985 1.5
      vertex 18.3962 14.9735 1.5
      vertex 18.364 14.879 1.5
    endloop
  endfacet
  facet normal 0 0 1
    outer loop
      vertex 24.3767 15.8985 1.5
      vertex 18.364 14.879 1.5
      vertex 18.3295 14.7854 1.5
    endloop
  endfacet
  facet normal 0 0 1
    outer loop
      vertex 24.3767 15.8985 1.5
      vertex 18.3295 14.7854 1.5
      vertex 18.2927 14.6925 1.5
    endloop
  endfacet
  facet normal 0 0 1
    outer loop
      vertex 24.4431 15.8257 1.5
      vertex 18.2927 14.6925 1.5
      vertex 18.2536 14.6006 1.5
    endloop
  endfacet
  facet normal 0 0 1
    outer loop
      vertex 24.4431 15.8257 1.5
      vertex 18.2536 14.6006 1.5
      vertex 18.2123 14.5097 1.5
    endloop
  endfacet
  facet normal 0 0 1
    outer loop
      vertex 24.4431 15.8257 1.5
      vertex 18.2123 14.5097 1.5
      vertex 18.1689 14.4198 1.5
    endloop
  endfacet
  facet normal 0 0 1
    outer loop
      vertex 24.5179 15.7616 1.5
      vertex 18.1689 14.4198 1.5
      vertex 18.1232 14.331 1.5
    endloop
  endfacet
  facet normal 0 0 1
    outer loop
      vertex 24.5179 15.7616 1.5
      vertex 18.1232 14.331 1.5
      vertex 18.0754 14.2434 1.5
    endloop
  endfacet
  facet normal 0 0 1
    outer loop
      vertex 24.5179 15.7616 1.5
      vertex 18.0754 14.2434 1.5
      vertex 18.0255 14.1569 1.5
    endloop
  endfacet
  facet normal 0 0 1
    outer loop
      vertex 24.6 15.7072 1.5
      vertex 18.0255 14.1569 1.5
      vertex 17.9735 14.0717 1.5
    endloop
  endfacet
  facet normal 0 0 1
    outer loop
      vertex 24.6 15.7072 1.5
      vertex 17.9735 14.0717 1.5
      vertex 17.9194 13.9878 1.5
    endloop
  endfacet
  facet normal 0 0 1
    outer loop
      vertex 24.6 15.7072 1.5
      vertex 17.9194 13.9878 1.5
      vertex 17.8633 13.9052 1.5
    endloop
  endfacet
  facet normal 0 0 1
    outer loop
      vertex 24.6 4.39282 1.5
      vertex 17.3457 13.2984 1.5
      vertex 24.5179 4.33841 1.5
    endloop
  endfacet
  facet normal -0 0 1
    outer loop
      vertex 17.273 13.23 1.5
      vertex 24.5179 4.33841 1.5
      vertex 17.3457 13.2984 1.5
    endloop
  endfacet
  facet normal -0 0 1
    outer loop
      vertex 16.5 5.5 1.5
      vertex 24.5179 4.33841 1.5
      vertex 17.273 13.23 1.5
    endloop
  endfacet
  facet normal 0 0 1
    outer loop
      vertex 24.5179 4.33841 1.5
      vertex 16.5 5.5 1.5
      vertex 24.4431 4.27433 1.5
    endloop
  endfacet
  facet normal 0 0 1
    outer loop
      vertex 24.4431 4.27433 1.5
      vertex 16.5 5.5 1.5
      vertex 24.3767 4.20154 1.5
    endloop
  endfacet
  facet normal 0 0 1
    outer loop
      vertex 24.3767 4.20154 1.5
      vertex 16.5 5.5 1.5
      vertex 24.3198 4.12115 1.5
    endloop
  endfacet
  facet normal 0 0 1
    outer loop
      vertex 24.3198 4.12115 1.5
      vertex 16.5 5.5 1.5
      vertex 24.2732 4.03437 1.5
    endloop
  endfacet
  facet normal 0 0 1
    outer loop
      vertex 24.2732 4.03437 1.5
      vertex 16.5 5.5 1.5
      vertex 24.2376 3.94252 1.5
    endloop
  endfacet
  facet normal 0 0 1
    outer loop
      vertex 24.2136 3.847 1.5
      vertex 16.5 5.5 1.5
      vertex 24.2015 3.74925 1.5
    endloop
  endfacet
  facet normal 0 0 1
    outer loop
      vertex 24.2015 3.74925 1.5
      vertex 16.5 5.5 1.5
      vertex 24.2015 3.65075 1.5
    endloop
  endfacet
  facet normal 0 0 1
    outer loop
      vertex 16.5 1.5 1.5
      vertex 24.2015 3.65075 1.5
      vertex 16.5 5.5 1.5
    endloop
  endfacet
  facet normal 0 0 1
    outer loop
      vertex 24.2015 3.65075 1.5
      vertex 16.5 1.5 1.5
      vertex 24.2136 3.553 1.5
    endloop
  endfacet
  facet normal 0 0 1
    outer loop
      vertex 24.2136 3.553 1.5
      vertex 16.5 1.5 1.5
      vertex 24.2376 3.45748 1.5
    endloop
  endfacet
  facet normal 0 0 1
    outer loop
      vertex 24.2376 3.94252 1.5
      vertex 16.5 5.5 1.5
      vertex 24.2136 3.847 1.5
    endloop
  endfacet
  facet normal 0 0 1
    outer loop
      vertex 24.2376 3.45748 1.5
      vertex 16.5 1.5 1.5
      vertex 24.2732 3.36563 1.5
    endloop
  endfacet
  facet normal 0 0 1
    outer loop
      vertex 16.5 5.5 1.5
      vertex 17.273 13.23 1.5
      vertex 17.1986 13.1633 1.5
    endloop
  endfacet
  facet normal 0 0 1
    outer loop
      vertex 16.5 5.5 1.5
      vertex 17.1986 13.1633 1.5
      vertex 17.1227 13.0985 1.5
    endloop
  endfacet
  facet normal 0 0 1
    outer loop
      vertex 16.5 5.5 1.5
      vertex 17.1227 13.0985 1.5
      vertex 17.0451 13.0356 1.5
    endloop
  endfacet
  facet normal 0 0 1
    outer loop
      vertex 16.5 5.5 1.5
      vertex 17.0451 13.0356 1.5
      vertex 16.9661 12.9746 1.5
    endloop
  endfacet
  facet normal 0 0 1
    outer loop
      vertex 16.5 5.5 1.5
      vertex 16.9661 12.9746 1.5
      vertex 16.8856 12.9155 1.5
    endloop
  endfacet
  facet normal 0 0 1
    outer loop
      vertex 16.5 5.5 1.5
      vertex 16.8856 12.9155 1.5
      vertex 16.8037 12.8584 1.5
    endloop
  endfacet
  facet normal 0 0 1
    outer loop
      vertex 16.5 5.5 1.5
      vertex 16.8037 12.8584 1.5
      vertex 16.7204 12.8033 1.5
    endloop
  endfacet
  facet normal 0 0 1
    outer loop
      vertex 16.5 5.5 1.5
      vertex 16.7204 12.8033 1.5
      vertex 16.6359 12.7503 1.5
    endloop
  endfacet
  facet normal 0 0 1
    outer loop
      vertex 16.5 5.5 1.5
      vertex 16.6359 12.7503 1.5
      vertex 16.55 12.6993 1.5
    endloop
  endfacet
  facet normal 0 0 1
    outer loop
      vertex 24.2732 3.36563 1.5
      vertex 16.5 1.5 1.5
      vertex 24.3198 3.27885 1.5
    endloop
  endfacet
  facet normal 0 0 1
    outer loop
      vertex 24.3198 3.27885 1.5
      vertex 16.5 1.5 1.5
      vertex 24.3767 3.19846 1.5
    endloop
  endfacet
  facet normal 0 0 1
    outer loop
      vertex 24.3767 3.19846 1.5
      vertex 16.5 1.5 1.5
      vertex 24.4431 3.12567 1.5
    endloop
  endfacet
  facet normal 0 0 1
    outer loop
      vertex 24.4431 3.12567 1.5
      vertex 16.5 1.5 1.5
      vertex 24.5179 3.06159 1.5
    endloop
  endfacet
  facet normal 0 0 1
    outer loop
      vertex 24.5179 3.06159 1.5
      vertex 16.5 1.5 1.5
      vertex 24.6 3.00718 1.5
    endloop
  endfacet
  facet normal 0 0 1
    outer loop
      vertex 24.7811 2.93054 1.5
      vertex 16.5 1.5 1.5
      vertex 27.5 1.5 1.5
    endloop
  endfacet
  facet normal 1 0 0
    outer loop
      vertex 1.5 26.5 9
      vertex 1.5 22.5 4.2
      vertex 1.5 26.5 4.2
    endloop
  endfacet
  facet normal 1 -0 0
    outer loop
      vertex 1.5 16.5 7
      vertex 1.5 22.5 4.2
      vertex 1.5 16.5 8
    endloop
  endfacet
  facet normal 1 0 0
    outer loop
      vertex 1.5 26.5 9
      vertex 1.5 16.5 8
      vertex 1.5 22.5 4.2
    endloop
  endfacet
  facet normal 1 0 0
    outer loop
      vertex 1.5 26.5 9
      vertex 1.5 11.5 8
      vertex 1.5 16.5 8
    endloop
  endfacet
  facet normal 1 0 0
    outer loop
      vertex 1.5 11.5 8
      vertex 1.5 1.5 9
      vertex 1.5 11.5 7
    endloop
  endfacet
  facet normal 1 -0 0
    outer loop
      vertex 1.5 1.5 9
      vertex 1.5 11.5 8
      vertex 1.5 26.5 9
    endloop
  endfacet
  facet normal 1 0 0
    outer loop
      vertex 1.5 22.5 4.2
      vertex 1.5 16.5 7
      vertex 1.5 22.5 1.5
    endloop
  endfacet
  facet normal 1 -0 0
    outer loop
      vertex 1.5 11.5 7
      vertex 1.5 22.5 1.5
      vertex 1.5 16.5 7
    endloop
  endfacet
  facet normal 1 0 0
    outer loop
      vertex 1.5 1.5 1.5
      vertex 1.5 11.5 7
      vertex 1.5 1.5 9
    endloop
  endfacet
  facet normal 1 0 0
    outer loop
      vertex 1.5 11.5 7
      vertex 1.5 1.5 1.5
      vertex 1.5 22.5 1.5
    endloop
  endfacet
  facet normal 0 -1 0
    outer loop
      vertex 23.5 26.5 4.2
      vertex 27.5 26.5 9
      vertex 23.5 26.5 9
    endloop
  endfacet
  facet normal 0 -1 -0
    outer loop
      vertex 27.5 26.5 9
      vertex 23.5 26.5 4.2
      vertex 27.5 26.5 4.2
    endloop
  endfacet
  facet normal 0 -1 0
    outer loop
      vertex 1.5 26.5 4.2
      vertex 5.5 26.5 9
      vertex 1.5 26.5 9
    endloop
  endfacet
  facet normal 0 -1 -0
    outer loop
      vertex 5.5 26.5 9
      vertex 1.5 26.5 4.2
      vertex 5.5 26.5 4.2
    endloop
  endfacet
  facet normal 0 -1 0
    outer loop
      vertex 5.5 26.5 1.5
      vertex 23.5 26.5 4
      vertex 5.5 26.5 4
    endloop
  endfacet
  facet normal 0 -1 -0
    outer loop
      vertex 23.5 26.5 4
      vertex 5.5 26.5 1.5
      vertex 23.5 26.5 1.5
    endloop
  endfacet
  facet normal 0 1 0
    outer loop
      vertex 27.5 1.5 9
      vertex 16.5 1.5 3.7
      vertex 1.5 1.5 9
    endloop
  endfacet
  facet normal 0 1 -0
    outer loop
      vertex 27.5 1.5 1.5
      vertex 16.5 1.5 3.7
      vertex 27.5 1.5 9
    endloop
  endfacet
  facet normal 0 1 0
    outer loop
      vertex 16.5 1.5 3.7
      vertex 27.5 1.5 1.5
      vertex 16.5 1.5 1.5
    endloop
  endfacet
  facet normal 0 1 -0
    outer loop
      vertex 12.5 1.5 3.7
      vertex 1.5 1.5 9
      vertex 16.5 1.5 3.7
    endloop
  endfacet
  facet normal 0 1 0
    outer loop
      vertex 1.5 1.5 1.5
      vertex 12.5 1.5 3.7
      vertex 12.5 1.5 1.5
    endloop
  endfacet
  facet normal 0 1 0
    outer loop
      vertex 12.5 1.5 3.7
      vertex 1.5 1.5 1.5
      vertex 1.5 1.5 9
    endloop
  endfacet
  facet normal -0.987559 -0.157248 0
    outer loop
      vertex 18.5563 16.847 0
      vertex 18.5406 16.9456 1.5
      vertex 18.5406 16.9456 0
    endloop
  endfacet
  facet normal -0.987559 -0.157248 0
    outer loop
      vertex 18.5406 16.9456 1.5
      vertex 18.5563 16.847 0
      vertex 18.5563 16.847 1.5
    endloop
  endfacet
  facet normal -0.999313 -0.0370487 0
    outer loop
      vertex 18.5988 16.3498 0
      vertex 18.5951 16.4496 1.5
      vertex 18.5951 16.4496 0
    endloop
  endfacet
  facet normal -0.999313 -0.0370487 0
    outer loop
      vertex 18.5951 16.4496 1.5
      vertex 18.5988 16.3498 0
      vertex 18.5988 16.3498 1.5
    endloop
  endfacet
  facet normal -0.999928 -0.0120232 0
    outer loop
      vertex 18.6 16.25 0
      vertex 18.5988 16.3498 1.5
      vertex 18.5988 16.3498 0
    endloop
  endfacet
  facet normal -0.999928 -0.0120232 0
    outer loop
      vertex 18.5988 16.3498 1.5
      vertex 18.6 16.25 0
      vertex 18.6 16.25 1.5
    endloop
  endfacet
  facet normal -0.998194 -0.0600719 0
    outer loop
      vertex 18.5951 16.4496 0
      vertex 18.5891 16.5493 1.5
      vertex 18.5891 16.5493 0
    endloop
  endfacet
  facet normal -0.998194 -0.0600719 0
    outer loop
      vertex 18.5891 16.5493 1.5
      vertex 18.5951 16.4496 0
      vertex 18.5951 16.4496 1.5
    endloop
  endfacet
  facet normal 0.987559 -0.157248 0
    outer loop
      vertex 10.4437 16.847 1.5
      vertex 10.4594 16.9456 0
      vertex 10.4594 16.9456 1.5
    endloop
  endfacet
  facet normal 0.987559 -0.157248 0
    outer loop
      vertex 10.4594 16.9456 0
      vertex 10.4437 16.847 1.5
      vertex 10.4437 16.847 0
    endloop
  endfacet
  facet normal -0.877819 0.478993 0
    outer loop
      vertex 18.0754 14.2434 0
      vertex 18.1232 14.331 1.5
      vertex 18.1232 14.331 0
    endloop
  endfacet
  facet normal -0.877819 0.478993 0
    outer loop
      vertex 18.1232 14.331 1.5
      vertex 18.0754 14.2434 0
      vertex 18.0754 14.2434 1.5
    endloop
  endfacet
  facet normal -0.551693 -0.834047 0
    outer loop
      vertex 16.7204 19.6967 0
      vertex 16.8037 19.6416 1.5
      vertex 16.7204 19.6967 1.5
    endloop
  endfacet
  facet normal -0.551693 -0.834047 -0
    outer loop
      vertex 16.8037 19.6416 1.5
      vertex 16.7204 19.6967 0
      vertex 16.8037 19.6416 0
    endloop
  endfacet
  facet normal 0.241357 0.970436 -0
    outer loop
      vertex 13.5599 12.2592 0
      vertex 13.463 12.2833 1.5
      vertex 13.5599 12.2592 1.5
    endloop
  endfacet
  facet normal 0.241357 0.970436 0
    outer loop
      vertex 13.463 12.2833 1.5
      vertex 13.5599 12.2592 0
      vertex 13.463 12.2833 0
    endloop
  endfacet
  facet normal 0 1 -0
    outer loop
      vertex 14.5499 12.1503 0
      vertex 14.4501 12.1503 1.5
      vertex 14.5499 12.1503 1.5
    endloop
  endfacet
  facet normal 0 1 0
    outer loop
      vertex 14.4501 12.1503 1.5
      vertex 14.5499 12.1503 0
      vertex 14.4501 12.1503 0
    endloop
  endfacet
  facet normal -0.311417 0.950273 0
    outer loop
      vertex 15.8238 12.3696 0
      vertex 15.7289 12.3385 1.5
      vertex 15.8238 12.3696 1.5
    endloop
  endfacet
  facet normal -0.311417 0.950273 0
    outer loop
      vertex 15.7289 12.3385 1.5
      vertex 15.8238 12.3696 0
      vertex 15.7289 12.3385 0
    endloop
  endfacet
  facet normal -0.827243 -0.561844 0
    outer loop
      vertex 17.9194 18.5122 0
      vertex 17.8633 18.5948 1.5
      vertex 17.8633 18.5948 0
    endloop
  endfacet
  facet normal -0.827243 -0.561844 0
    outer loop
      vertex 17.8633 18.5948 1.5
      vertex 17.9194 18.5122 0
      vertex 17.9194 18.5122 1.5
    endloop
  endfacet
  facet normal 0.703089 -0.711102 0
    outer loop
      vertex 11.5833 19.1314 0
      vertex 11.6543 19.2016 1.5
      vertex 11.5833 19.1314 1.5
    endloop
  endfacet
  facet normal 0.703089 -0.711102 0
    outer loop
      vertex 11.6543 19.2016 1.5
      vertex 11.5833 19.1314 0
      vertex 11.6543 19.2016 0
    endloop
  endfacet
  facet normal -0.920178 0.391501 0
    outer loop
      vertex 18.2536 14.6006 0
      vertex 18.2927 14.6925 1.5
      vertex 18.2927 14.6925 0
    endloop
  endfacet
  facet normal -0.920178 0.391501 0
    outer loop
      vertex 18.2927 14.6925 1.5
      vertex 18.2536 14.6006 0
      vertex 18.2536 14.6006 1.5
    endloop
  endfacet
  facet normal -0.446413 -0.894827 0
    outer loop
      vertex 16.2853 19.9409 0
      vertex 16.3747 19.8963 1.5
      vertex 16.2853 19.9409 1.5
    endloop
  endfacet
  facet normal -0.446413 -0.894827 -0
    outer loop
      vertex 16.3747 19.8963 1.5
      vertex 16.2853 19.9409 0
      vertex 16.3747 19.8963 0
    endloop
  endfacet
  facet normal 0.0971242 -0.995272 0
    outer loop
      vertex 14.0516 20.3254 0
      vertex 14.151 20.3351 1.5
      vertex 14.0516 20.3254 1.5
    endloop
  endfacet
  facet normal 0.0971242 -0.995272 0
    outer loop
      vertex 14.151 20.3351 1.5
      vertex 14.0516 20.3254 0
      vertex 14.151 20.3351 0
    endloop
  endfacet
  facet normal 0.999928 -0.0120232 0
    outer loop
      vertex 10.4 16.25 1.5
      vertex 10.4012 16.3498 0
      vertex 10.4012 16.3498 1.5
    endloop
  endfacet
  facet normal 0.999928 -0.0120232 0
    outer loop
      vertex 10.4012 16.3498 0
      vertex 10.4 16.25 1.5
      vertex 10.4 16.25 0
    endloop
  endfacet
  facet normal 0.866202 -0.499694 0
    outer loop
      vertex 10.9246 18.2566 1.5
      vertex 10.9745 18.3431 0
      vertex 10.9745 18.3431 1.5
    endloop
  endfacet
  facet normal 0.866202 -0.499694 0
    outer loop
      vertex 10.9745 18.3431 0
      vertex 10.9246 18.2566 1.5
      vertex 10.9246 18.2566 0
    endloop
  endfacet
  facet normal -0.334496 0.942397 0
    outer loop
      vertex 15.9179 12.403 0
      vertex 15.8238 12.3696 1.5
      vertex 15.9179 12.403 1.5
    endloop
  endfacet
  facet normal -0.334496 0.942397 0
    outer loop
      vertex 15.8238 12.3696 1.5
      vertex 15.9179 12.403 0
      vertex 15.8238 12.3696 0
    endloop
  endfacet
  facet normal -0.813259 0.581901 0
    outer loop
      vertex 17.8052 13.824 0
      vertex 17.8633 13.9052 1.5
      vertex 17.8633 13.9052 0
    endloop
  endfacet
  facet normal -0.813259 0.581901 0
    outer loop
      vertex 17.8633 13.9052 1.5
      vertex 17.8052 13.824 0
      vertex 17.8052 13.824 1.5
    endloop
  endfacet
  facet normal -0.667526 -0.744587 0
    outer loop
      vertex 17.1986 19.3367 0
      vertex 17.273 19.27 1.5
      vertex 17.1986 19.3367 1.5
    endloop
  endfacet
  facet normal -0.667526 -0.744587 -0
    outer loop
      vertex 17.273 19.27 1.5
      vertex 17.1986 19.3367 0
      vertex 17.273 19.27 0
    endloop
  endfacet
  facet normal 0.813259 -0.581901 0
    outer loop
      vertex 11.1367 18.5948 1.5
      vertex 11.1948 18.676 0
      vertex 11.1948 18.676 1.5
    endloop
  endfacet
  facet normal 0.813259 -0.581901 0
    outer loop
      vertex 11.1948 18.676 0
      vertex 11.1367 18.5948 1.5
      vertex 11.1367 18.5948 0
    endloop
  endfacet
  facet normal -0.0490391 -0.998797 0
    outer loop
      vertex 14.6497 20.3473 0
      vertex 14.7495 20.3424 1.5
      vertex 14.6497 20.3473 1.5
    endloop
  endfacet
  facet normal -0.0490391 -0.998797 -0
    outer loop
      vertex 14.7495 20.3424 1.5
      vertex 14.6497 20.3473 0
      vertex 14.7495 20.3424 0
    endloop
  endfacet
  facet normal -0.53135 0.847152 0
    outer loop
      vertex 16.7204 12.8033 0
      vertex 16.6359 12.7503 1.5
      vertex 16.7204 12.8033 1.5
    endloop
  endfacet
  facet normal -0.53135 0.847152 0
    outer loop
      vertex 16.6359 12.7503 1.5
      vertex 16.7204 12.8033 0
      vertex 16.6359 12.7503 0
    endloop
  endfacet
  facet normal -0.241357 -0.970436 0
    outer loop
      vertex 15.4401 20.2408 0
      vertex 15.537 20.2167 1.5
      vertex 15.4401 20.2408 1.5
    endloop
  endfacet
  facet normal -0.241357 -0.970436 -0
    outer loop
      vertex 15.537 20.2167 1.5
      vertex 15.4401 20.2408 0
      vertex 15.537 20.2167 0
    endloop
  endfacet
  facet normal 0.28845 0.957495 -0
    outer loop
      vertex 13.3667 12.3097 0
      vertex 13.2711 12.3385 1.5
      vertex 13.3667 12.3097 1.5
    endloop
  endfacet
  facet normal 0.28845 0.957495 0
    outer loop
      vertex 13.2711 12.3385 1.5
      vertex 13.3667 12.3097 0
      vertex 13.2711 12.3385 0
    endloop
  endfacet
  facet normal -0.0490391 0.998797 0
    outer loop
      vertex 14.7495 12.1576 0
      vertex 14.6497 12.1527 1.5
      vertex 14.7495 12.1576 1.5
    endloop
  endfacet
  facet normal -0.0490391 0.998797 0
    outer loop
      vertex 14.6497 12.1527 1.5
      vertex 14.7495 12.1576 0
      vertex 14.6497 12.1527 0
    endloop
  endfacet
  facet normal -0.784472 0.620164 0
    outer loop
      vertex 17.6832 13.6659 0
      vertex 17.7451 13.7442 1.5
      vertex 17.7451 13.7442 0
    endloop
  endfacet
  facet normal -0.784472 0.620164 0
    outer loop
      vertex 17.7451 13.7442 1.5
      vertex 17.6832 13.6659 0
      vertex 17.6832 13.6659 1.5
    endloop
  endfacet
  facet normal 0.938292 -0.345845 0
    outer loop
      vertex 10.636 17.621 1.5
      vertex 10.6705 17.7146 0
      vertex 10.6705 17.7146 1.5
    endloop
  endfacet
  facet normal 0.938292 -0.345845 0
    outer loop
      vertex 10.6705 17.7146 0
      vertex 10.636 17.621 1.5
      vertex 10.636 17.621 0
    endloop
  endfacet
  facet normal 0.510516 -0.859868 0
    outer loop
      vertex 12.3641 19.7497 0
      vertex 12.45 19.8007 1.5
      vertex 12.3641 19.7497 1.5
    endloop
  endfacet
  facet normal 0.510516 -0.859868 0
    outer loop
      vertex 12.45 19.8007 1.5
      vertex 12.3641 19.7497 0
      vertex 12.45 19.8007 0
    endloop
  endfacet
  facet normal -0.264388 0.964416 0
    outer loop
      vertex 15.6333 12.3097 0
      vertex 15.537 12.2833 1.5
      vertex 15.6333 12.3097 1.5
    endloop
  endfacet
  facet normal -0.264388 0.964416 0
    outer loop
      vertex 15.537 12.2833 1.5
      vertex 15.6333 12.3097 0
      vertex 15.537 12.2833 0
    endloop
  endfacet
  facet normal -0.68524 -0.728318 0
    outer loop
      vertex 17.273 19.27 0
      vertex 17.3457 19.2016 1.5
      vertex 17.273 19.27 1.5
    endloop
  endfacet
  facet normal -0.68524 -0.728318 -0
    outer loop
      vertex 17.3457 19.2016 1.5
      vertex 17.273 19.27 0
      vertex 17.3457 19.2016 0
    endloop
  endfacet
  facet normal 0.827243 -0.561844 0
    outer loop
      vertex 11.0806 18.5122 1.5
      vertex 11.1367 18.5948 0
      vertex 11.1367 18.5948 1.5
    endloop
  endfacet
  facet normal 0.827243 -0.561844 0
    outer loop
      vertex 11.1367 18.5948 0
      vertex 11.0806 18.5122 1.5
      vertex 11.0806 18.5122 0
    endloop
  endfacet
  facet normal -0.28845 -0.957495 0
    outer loop
      vertex 15.6333 20.1903 0
      vertex 15.7289 20.1615 1.5
      vertex 15.6333 20.1903 1.5
    endloop
  endfacet
  facet normal -0.28845 -0.957495 -0
    outer loop
      vertex 15.7289 20.1615 1.5
      vertex 15.6333 20.1903 0
      vertex 15.7289 20.1615 0
    endloop
  endfacet
  facet normal 0.16927 0.98557 -0
    outer loop
      vertex 13.8537 12.2013 0
      vertex 13.7553 12.2182 1.5
      vertex 13.8537 12.2013 1.5
    endloop
  endfacet
  facet normal 0.16927 0.98557 0
    outer loop
      vertex 13.7553 12.2182 1.5
      vertex 13.8537 12.2013 0
      vertex 13.7553 12.2182 0
    endloop
  endfacet
  facet normal -0.973351 0.229318 0
    outer loop
      vertex 18.479 15.2613 0
      vertex 18.5019 15.3585 1.5
      vertex 18.5019 15.3585 0
    endloop
  endfacet
  facet normal -0.973351 0.229318 0
    outer loop
      vertex 18.5019 15.3585 1.5
      vertex 18.479 15.2613 0
      vertex 18.479 15.2613 1.5
    endloop
  endfacet
  facet normal 0.840429 0.541922 0
    outer loop
      vertex 11.0806 13.9878 1.5
      vertex 11.0265 14.0717 0
      vertex 11.0265 14.0717 1.5
    endloop
  endfacet
  facet normal 0.840429 0.541922 0
    outer loop
      vertex 11.0265 14.0717 0
      vertex 11.0806 13.9878 1.5
      vertex 11.0806 13.9878 0
    endloop
  endfacet
  facet normal 0.53135 -0.847152 0
    outer loop
      vertex 12.2796 19.6967 0
      vertex 12.3641 19.7497 1.5
      vertex 12.2796 19.6967 1.5
    endloop
  endfacet
  facet normal 0.53135 -0.847152 0
    outer loop
      vertex 12.3641 19.7497 1.5
      vertex 12.2796 19.6967 0
      vertex 12.3641 19.7497 0
    endloop
  endfacet
  facet normal 0.217461 -0.976069 0
    outer loop
      vertex 13.5599 20.2408 0
      vertex 13.6573 20.2625 1.5
      vertex 13.5599 20.2408 1.5
    endloop
  endfacet
  facet normal 0.217461 -0.976069 0
    outer loop
      vertex 13.6573 20.2625 1.5
      vertex 13.5599 20.2408 0
      vertex 13.6573 20.2625 0
    endloop
  endfacet
  facet normal -0.467934 0.883764 0
    outer loop
      vertex 16.4629 12.6504 0
      vertex 16.3747 12.6037 1.5
      vertex 16.4629 12.6504 1.5
    endloop
  endfacet
  facet normal -0.467934 0.883764 0
    outer loop
      vertex 16.3747 12.6037 1.5
      vertex 16.4629 12.6504 0
      vertex 16.3747 12.6037 0
    endloop
  endfacet
  facet normal -0.983222 0.182412 0
    outer loop
      vertex 18.5224 15.4563 0
      vertex 18.5406 15.5544 1.5
      vertex 18.5406 15.5544 0
    endloop
  endfacet
  facet normal -0.983222 0.182412 0
    outer loop
      vertex 18.5406 15.5544 1.5
      vertex 18.5224 15.4563 0
      vertex 18.5224 15.4563 1.5
    endloop
  endfacet
  facet normal -0.910435 0.413652 0
    outer loop
      vertex 18.2123 14.5097 0
      vertex 18.2536 14.6006 1.5
      vertex 18.2536 14.6006 0
    endloop
  endfacet
  facet normal -0.910435 0.413652 0
    outer loop
      vertex 18.2536 14.6006 1.5
      vertex 18.2123 14.5097 0
      vertex 18.2123 14.5097 1.5
    endloop
  endfacet
  facet normal 0.591798 -0.806087 0
    outer loop
      vertex 12.0339 19.5254 0
      vertex 12.1144 19.5845 1.5
      vertex 12.0339 19.5254 1.5
    endloop
  endfacet
  facet normal 0.591798 -0.806087 0
    outer loop
      vertex 12.1144 19.5845 1.5
      vertex 12.0339 19.5254 0
      vertex 12.1144 19.5845 0
    endloop
  endfacet
  facet normal 0.311417 -0.950273 0
    outer loop
      vertex 13.1762 20.1304 0
      vertex 13.2711 20.1615 1.5
      vertex 13.1762 20.1304 1.5
    endloop
  endfacet
  facet normal 0.311417 -0.950273 0
    outer loop
      vertex 13.2711 20.1615 1.5
      vertex 13.1762 20.1304 0
      vertex 13.2711 20.1615 0
    endloop
  endfacet
  facet normal -0.999313 0.0370487 0
    outer loop
      vertex 18.5951 16.0504 0
      vertex 18.5988 16.1502 1.5
      vertex 18.5988 16.1502 0
    endloop
  endfacet
  facet normal -0.999313 0.0370487 0
    outer loop
      vertex 18.5988 16.1502 1.5
      vertex 18.5951 16.0504 0
      vertex 18.5951 16.0504 1.5
    endloop
  endfacet
  facet normal -0.611162 0.791505 0
    outer loop
      vertex 17.0451 13.0356 0
      vertex 16.9661 12.9746 1.5
      vertex 17.0451 13.0356 1.5
    endloop
  endfacet
  facet normal -0.611162 0.791505 0
    outer loop
      vertex 16.9661 12.9746 1.5
      vertex 17.0451 13.0356 0
      vertex 16.9661 12.9746 0
    endloop
  endfacet
  facet normal 0.649305 0.760528 -0
    outer loop
      vertex 11.8773 13.0985 0
      vertex 11.8014 13.1633 1.5
      vertex 11.8773 13.0985 1.5
    endloop
  endfacet
  facet normal 0.649305 0.760528 0
    outer loop
      vertex 11.8014 13.1633 1.5
      vertex 11.8773 13.0985 0
      vertex 11.8014 13.1633 0
    endloop
  endfacet
  facet normal -0.217461 -0.976069 0
    outer loop
      vertex 15.3427 20.2625 0
      vertex 15.4401 20.2408 1.5
      vertex 15.3427 20.2625 1.5
    endloop
  endfacet
  facet normal -0.217461 -0.976069 -0
    outer loop
      vertex 15.4401 20.2408 1.5
      vertex 15.3427 20.2625 0
      vertex 15.4401 20.2408 0
    endloop
  endfacet
  facet normal 0.446413 0.894827 -0
    outer loop
      vertex 12.7147 12.5591 0
      vertex 12.6253 12.6037 1.5
      vertex 12.7147 12.5591 1.5
    endloop
  endfacet
  facet normal 0.446413 0.894827 0
    outer loop
      vertex 12.6253 12.6037 1.5
      vertex 12.7147 12.5591 0
      vertex 12.6253 12.6037 0
    endloop
  endfacet
  facet normal 0.784472 -0.620164 0
    outer loop
      vertex 11.2549 18.7558 1.5
      vertex 11.3168 18.8341 0
      vertex 11.3168 18.8341 1.5
    endloop
  endfacet
  facet normal 0.784472 -0.620164 0
    outer loop
      vertex 11.3168 18.8341 0
      vertex 11.2549 18.7558 1.5
      vertex 11.2549 18.7558 0
    endloop
  endfacet
  facet normal -0.987559 0.157248 0
    outer loop
      vertex 18.5406 15.5544 0
      vertex 18.5563 15.653 1.5
      vertex 18.5563 15.653 0
    endloop
  endfacet
  facet normal -0.987559 0.157248 0
    outer loop
      vertex 18.5563 15.653 1.5
      vertex 18.5406 15.5544 0
      vertex 18.5406 15.5544 1.5
    endloop
  endfacet
  facet normal 0.311417 0.950273 -0
    outer loop
      vertex 13.2711 12.3385 0
      vertex 13.1762 12.3696 1.5
      vertex 13.2711 12.3385 1.5
    endloop
  endfacet
  facet normal 0.311417 0.950273 0
    outer loop
      vertex 13.1762 12.3696 1.5
      vertex 13.2711 12.3385 0
      vertex 13.1762 12.3696 0
    endloop
  endfacet
  facet normal -0.967681 -0.252177 0
    outer loop
      vertex 18.479 17.2386 0
      vertex 18.4538 17.3353 1.5
      vertex 18.4538 17.3353 0
    endloop
  endfacet
  facet normal -0.967681 -0.252177 0
    outer loop
      vertex 18.4538 17.3353 1.5
      vertex 18.479 17.2386 0
      vertex 18.479 17.2386 1.5
    endloop
  endfacet
  facet normal -0.910435 -0.413652 0
    outer loop
      vertex 18.2536 17.8994 0
      vertex 18.2123 17.9903 1.5
      vertex 18.2123 17.9903 0
    endloop
  endfacet
  facet normal -0.910435 -0.413652 0
    outer loop
      vertex 18.2123 17.9903 1.5
      vertex 18.2536 17.8994 0
      vertex 18.2536 17.8994 1.5
    endloop
  endfacet
  facet normal 0.910435 -0.413652 0
    outer loop
      vertex 10.7464 17.8994 1.5
      vertex 10.7877 17.9903 0
      vertex 10.7877 17.9903 1.5
    endloop
  endfacet
  facet normal 0.910435 -0.413652 0
    outer loop
      vertex 10.7877 17.9903 0
      vertex 10.7464 17.8994 1.5
      vertex 10.7464 17.8994 0
    endloop
  endfacet
  facet normal -0.920178 -0.391501 0
    outer loop
      vertex 18.2927 17.8075 0
      vertex 18.2536 17.8994 1.5
      vertex 18.2536 17.8994 0
    endloop
  endfacet
  facet normal -0.920178 -0.391501 0
    outer loop
      vertex 18.2536 17.8994 1.5
      vertex 18.2927 17.8075 0
      vertex 18.2927 17.8075 1.5
    endloop
  endfacet
  facet normal 0.798797 0.6016 0
    outer loop
      vertex 11.2549 13.7442 1.5
      vertex 11.1948 13.824 0
      vertex 11.1948 13.824 1.5
    endloop
  endfacet
  facet normal 0.798797 0.6016 0
    outer loop
      vertex 11.1948 13.824 0
      vertex 11.2549 13.7442 1.5
      vertex 11.2549 13.7442 0
    endloop
  endfacet
  facet normal -0.0240411 -0.999711 0
    outer loop
      vertex 14.5499 20.3497 0
      vertex 14.6497 20.3473 1.5
      vertex 14.5499 20.3497 1.5
    endloop
  endfacet
  facet normal -0.0240411 -0.999711 -0
    outer loop
      vertex 14.6497 20.3473 1.5
      vertex 14.5499 20.3497 0
      vertex 14.6497 20.3473 0
    endloop
  endfacet
  facet normal -0.938292 0.345845 0
    outer loop
      vertex 18.3295 14.7854 0
      vertex 18.364 14.879 1.5
      vertex 18.364 14.879 0
    endloop
  endfacet
  facet normal -0.938292 0.345845 0
    outer loop
      vertex 18.364 14.879 1.5
      vertex 18.3295 14.7854 0
      vertex 18.3295 14.7854 1.5
    endloop
  endfacet
  facet normal 0.510516 0.859868 -0
    outer loop
      vertex 12.45 12.6993 0
      vertex 12.3641 12.7503 1.5
      vertex 12.45 12.6993 1.5
    endloop
  endfacet
  facet normal 0.510516 0.859868 0
    outer loop
      vertex 12.3641 12.7503 1.5
      vertex 12.45 12.6993 0
      vertex 12.3641 12.7503 0
    endloop
  endfacet
  facet normal -0.649305 -0.760528 0
    outer loop
      vertex 17.1227 19.4015 0
      vertex 17.1986 19.3367 1.5
      vertex 17.1227 19.4015 1.5
    endloop
  endfacet
  facet normal -0.649305 -0.760528 -0
    outer loop
      vertex 17.1986 19.3367 1.5
      vertex 17.1227 19.4015 0
      vertex 17.1986 19.3367 0
    endloop
  endfacet
  facet normal 0.900552 -0.434749 0
    outer loop
      vertex 10.7877 17.9903 1.5
      vertex 10.8311 18.0802 0
      vertex 10.8311 18.0802 1.5
    endloop
  endfacet
  facet normal 0.900552 -0.434749 0
    outer loop
      vertex 10.8311 18.0802 0
      vertex 10.7877 17.9903 1.5
      vertex 10.7877 17.9903 0
    endloop
  endfacet
  facet normal 0.467934 -0.883764 0
    outer loop
      vertex 12.5371 19.8496 0
      vertex 12.6253 19.8963 1.5
      vertex 12.5371 19.8496 1.5
    endloop
  endfacet
  facet normal 0.467934 -0.883764 0
    outer loop
      vertex 12.6253 19.8963 1.5
      vertex 12.5371 19.8496 0
      vertex 12.6253 19.8963 0
    endloop
  endfacet
  facet normal -0.241357 0.970436 0
    outer loop
      vertex 15.537 12.2833 0
      vertex 15.4401 12.2592 1.5
      vertex 15.537 12.2833 1.5
    endloop
  endfacet
  facet normal -0.241357 0.970436 0
    outer loop
      vertex 15.4401 12.2592 1.5
      vertex 15.537 12.2833 0
      vertex 15.4401 12.2592 0
    endloop
  endfacet
  facet normal -0.611162 -0.791505 0
    outer loop
      vertex 16.9661 19.5254 0
      vertex 17.0451 19.4644 1.5
      vertex 16.9661 19.5254 1.5
    endloop
  endfacet
  facet normal -0.611162 -0.791505 -0
    outer loop
      vertex 17.0451 19.4644 1.5
      vertex 16.9661 19.5254 0
      vertex 17.0451 19.4644 0
    endloop
  endfacet
  facet normal -0.960993 0.276574 0
    outer loop
      vertex 18.4262 15.0688 0
      vertex 18.4538 15.1647 1.5
      vertex 18.4538 15.1647 0
    endloop
  endfacet
  facet normal -0.960993 0.276574 0
    outer loop
      vertex 18.4538 15.1647 1.5
      vertex 18.4262 15.0688 0
      vertex 18.4262 15.0688 1.5
    endloop
  endfacet
  facet normal 0.193227 -0.981154 0
    outer loop
      vertex 13.6573 20.2625 0
      vertex 13.7553 20.2818 1.5
      vertex 13.6573 20.2625 1.5
    endloop
  endfacet
  facet normal 0.193227 -0.981154 0
    outer loop
      vertex 13.7553 20.2818 1.5
      vertex 13.6573 20.2625 0
      vertex 13.7553 20.2818 0
    endloop
  endfacet
  facet normal -0.996371 -0.0851171 0
    outer loop
      vertex 18.5891 16.5493 0
      vertex 18.5806 16.6488 1.5
      vertex 18.5806 16.6488 0
    endloop
  endfacet
  facet normal -0.996371 -0.0851171 0
    outer loop
      vertex 18.5806 16.6488 1.5
      vertex 18.5891 16.5493 0
      vertex 18.5891 16.5493 1.5
    endloop
  endfacet
  facet normal 0.983222 0.182412 0
    outer loop
      vertex 10.4776 15.4563 1.5
      vertex 10.4594 15.5544 0
      vertex 10.4594 15.5544 1.5
    endloop
  endfacet
  facet normal 0.983222 0.182412 0
    outer loop
      vertex 10.4594 15.5544 0
      vertex 10.4776 15.4563 1.5
      vertex 10.4776 15.4563 0
    endloop
  endfacet
  facet normal -0.973299 -0.229542 0
    outer loop
      vertex 18.5019 17.1415 0
      vertex 18.479 17.2386 1.5
      vertex 18.479 17.2386 0
    endloop
  endfacet
  facet normal -0.973299 -0.229542 0
    outer loop
      vertex 18.479 17.2386 1.5
      vertex 18.5019 17.1415 0
      vertex 18.5019 17.1415 1.5
    endloop
  endfacet
  facet normal 0.953855 -0.300269 0
    outer loop
      vertex 10.5738 17.4312 1.5
      vertex 10.6038 17.5265 0
      vertex 10.6038 17.5265 1.5
    endloop
  endfacet
  facet normal 0.953855 -0.300269 0
    outer loop
      vertex 10.6038 17.5265 0
      vertex 10.5738 17.4312 1.5
      vertex 10.5738 17.4312 0
    endloop
  endfacet
  facet normal 0.0490391 0.998797 -0
    outer loop
      vertex 14.3503 12.1527 0
      vertex 14.2505 12.1576 1.5
      vertex 14.3503 12.1527 1.5
    endloop
  endfacet
  facet normal 0.0490391 0.998797 0
    outer loop
      vertex 14.2505 12.1576 1.5
      vertex 14.3503 12.1527 0
      vertex 14.2505 12.1576 0
    endloop
  endfacet
  facet normal 0.967681 -0.252177 0
    outer loop
      vertex 10.521 17.2386 1.5
      vertex 10.5462 17.3353 0
      vertex 10.5462 17.3353 1.5
    endloop
  endfacet
  facet normal 0.967681 -0.252177 0
    outer loop
      vertex 10.5462 17.3353 0
      vertex 10.521 17.2386 1.5
      vertex 10.521 17.2386 0
    endloop
  endfacet
  facet normal -0.379842 0.925051 0
    outer loop
      vertex 16.1035 12.4766 0
      vertex 16.0112 12.4387 1.5
      vertex 16.1035 12.4766 1.5
    endloop
  endfacet
  facet normal -0.379842 0.925051 0
    outer loop
      vertex 16.0112 12.4387 1.5
      vertex 16.1035 12.4766 0
      vertex 16.0112 12.4387 0
    endloop
  endfacet
  facet normal 0.489548 -0.871976 0
    outer loop
      vertex 12.45 19.8007 0
      vertex 12.5371 19.8496 1.5
      vertex 12.45 19.8007 1.5
    endloop
  endfacet
  facet normal 0.489548 -0.871976 0
    outer loop
      vertex 12.5371 19.8496 1.5
      vertex 12.45 19.8007 0
      vertex 12.5371 19.8496 0
    endloop
  endfacet
  facet normal -0.424639 -0.905363 0
    outer loop
      vertex 16.1949 19.9833 0
      vertex 16.2853 19.9409 1.5
      vertex 16.1949 19.9833 1.5
    endloop
  endfacet
  facet normal -0.424639 -0.905363 -0
    outer loop
      vertex 16.2853 19.9409 1.5
      vertex 16.1949 19.9833 0
      vertex 16.2853 19.9409 0
    endloop
  endfacet
  facet normal -0.121199 -0.992628 0
    outer loop
      vertex 14.9484 20.3254 0
      vertex 15.0475 20.3133 1.5
      vertex 14.9484 20.3254 1.5
    endloop
  endfacet
  facet normal -0.121199 -0.992628 -0
    outer loop
      vertex 15.0475 20.3133 1.5
      vertex 14.9484 20.3254 0
      vertex 15.0475 20.3133 0
    endloop
  endfacet
  facet normal -0.68524 0.728318 0
    outer loop
      vertex 17.3457 13.2984 0
      vertex 17.273 13.23 1.5
      vertex 17.3457 13.2984 1.5
    endloop
  endfacet
  facet normal -0.68524 0.728318 0
    outer loop
      vertex 17.273 13.23 1.5
      vertex 17.3457 13.2984 0
      vertex 17.273 13.23 0
    endloop
  endfacet
  facet normal 0.866202 0.499694 0
    outer loop
      vertex 10.9745 14.1569 1.5
      vertex 10.9246 14.2434 0
      vertex 10.9246 14.2434 1.5
    endloop
  endfacet
  facet normal 0.866202 0.499694 0
    outer loop
      vertex 10.9246 14.2434 0
      vertex 10.9745 14.1569 1.5
      vertex 10.9745 14.1569 0
    endloop
  endfacet
  facet normal -0.998194 0.0600719 0
    outer loop
      vertex 18.5891 15.9507 0
      vertex 18.5951 16.0504 1.5
      vertex 18.5951 16.0504 0
    endloop
  endfacet
  facet normal -0.998194 0.0600719 0
    outer loop
      vertex 18.5951 16.0504 1.5
      vertex 18.5891 15.9507 0
      vertex 18.5891 15.9507 1.5
    endloop
  endfacet
  facet normal -0.996371 0.0851171 0
    outer loop
      vertex 18.5806 15.8512 0
      vertex 18.5891 15.9507 1.5
      vertex 18.5891 15.9507 0
    endloop
  endfacet
  facet normal -0.996371 0.0851171 0
    outer loop
      vertex 18.5891 15.9507 1.5
      vertex 18.5806 15.8512 0
      vertex 18.5806 15.8512 1.5
    endloop
  endfacet
  facet normal -0.551693 0.834047 0
    outer loop
      vertex 16.8037 12.8584 0
      vertex 16.7204 12.8033 1.5
      vertex 16.8037 12.8584 1.5
    endloop
  endfacet
  facet normal -0.551693 0.834047 0
    outer loop
      vertex 16.7204 12.8033 1.5
      vertex 16.8037 12.8584 0
      vertex 16.7204 12.8033 0
    endloop
  endfacet
  facet normal 0.0240411 -0.999711 0
    outer loop
      vertex 14.3503 20.3473 0
      vertex 14.4501 20.3497 1.5
      vertex 14.3503 20.3473 1.5
    endloop
  endfacet
  facet normal 0.0240411 -0.999711 0
    outer loop
      vertex 14.4501 20.3497 1.5
      vertex 14.3503 20.3473 0
      vertex 14.4501 20.3497 0
    endloop
  endfacet
  facet normal -0.334496 -0.942397 0
    outer loop
      vertex 15.8238 20.1304 0
      vertex 15.9179 20.097 1.5
      vertex 15.8238 20.1304 1.5
    endloop
  endfacet
  facet normal -0.334496 -0.942397 -0
    outer loop
      vertex 15.9179 20.097 1.5
      vertex 15.8238 20.1304 0
      vertex 15.9179 20.097 0
    endloop
  endfacet
  facet normal -0.946559 0.322531 0
    outer loop
      vertex 18.364 14.879 0
      vertex 18.3962 14.9735 1.5
      vertex 18.3962 14.9735 0
    endloop
  endfacet
  facet normal -0.946559 0.322531 0
    outer loop
      vertex 18.3962 14.9735 1.5
      vertex 18.364 14.879 0
      vertex 18.364 14.879 1.5
    endloop
  endfacet
  facet normal 0.379842 0.925051 -0
    outer loop
      vertex 12.9888 12.4387 0
      vertex 12.8965 12.4766 1.5
      vertex 12.9888 12.4387 1.5
    endloop
  endfacet
  facet normal 0.379842 0.925051 0
    outer loop
      vertex 12.8965 12.4766 1.5
      vertex 12.9888 12.4387 0
      vertex 12.8965 12.4766 0
    endloop
  endfacet
  facet normal 0.0731702 -0.997319 0
    outer loop
      vertex 14.151 20.3351 0
      vertex 14.2505 20.3424 1.5
      vertex 14.151 20.3351 1.5
    endloop
  endfacet
  facet normal 0.0731702 -0.997319 0
    outer loop
      vertex 14.2505 20.3424 1.5
      vertex 14.151 20.3351 0
      vertex 14.2505 20.3424 0
    endloop
  endfacet
  facet normal -0.311417 -0.950273 0
    outer loop
      vertex 15.7289 20.1615 0
      vertex 15.8238 20.1304 1.5
      vertex 15.7289 20.1615 1.5
    endloop
  endfacet
  facet normal -0.311417 -0.950273 -0
    outer loop
      vertex 15.8238 20.1304 1.5
      vertex 15.7289 20.1615 0
      vertex 15.8238 20.1304 0
    endloop
  endfacet
  facet normal -0.768303 -0.640086 0
    outer loop
      vertex 17.6832 18.8341 0
      vertex 17.6193 18.9108 1.5
      vertex 17.6193 18.9108 0
    endloop
  endfacet
  facet normal -0.768303 -0.640086 0
    outer loop
      vertex 17.6193 18.9108 1.5
      vertex 17.6832 18.8341 0
      vertex 17.6832 18.8341 1.5
    endloop
  endfacet
  facet normal 0.146186 0.989257 -0
    outer loop
      vertex 13.9525 12.1867 0
      vertex 13.8537 12.2013 1.5
      vertex 13.9525 12.1867 1.5
    endloop
  endfacet
  facet normal 0.146186 0.989257 0
    outer loop
      vertex 13.8537 12.2013 1.5
      vertex 13.9525 12.1867 0
      vertex 13.8537 12.2013 0
    endloop
  endfacet
  facet normal -0.798797 -0.6016 0
    outer loop
      vertex 17.8052 18.676 0
      vertex 17.7451 18.7558 1.5
      vertex 17.7451 18.7558 0
    endloop
  endfacet
  facet normal -0.798797 -0.6016 0
    outer loop
      vertex 17.7451 18.7558 1.5
      vertex 17.8052 18.676 0
      vertex 17.8052 18.676 1.5
    endloop
  endfacet
  facet normal -0.993908 0.110212 0
    outer loop
      vertex 18.5696 15.752 0
      vertex 18.5806 15.8512 1.5
      vertex 18.5806 15.8512 0
    endloop
  endfacet
  facet normal -0.993908 0.110212 0
    outer loop
      vertex 18.5806 15.8512 1.5
      vertex 18.5696 15.752 0
      vertex 18.5696 15.752 1.5
    endloop
  endfacet
  facet normal 0.929714 0.368283 0
    outer loop
      vertex 10.7073 14.6925 1.5
      vertex 10.6705 14.7854 0
      vertex 10.6705 14.7854 1.5
    endloop
  endfacet
  facet normal 0.929714 0.368283 0
    outer loop
      vertex 10.6705 14.7854 0
      vertex 10.7073 14.6925 1.5
      vertex 10.7073 14.6925 0
    endloop
  endfacet
  facet normal 0.736489 -0.676449 0
    outer loop
      vertex 11.4464 18.986 1.5
      vertex 11.514 19.0596 0
      vertex 11.514 19.0596 1.5
    endloop
  endfacet
  facet normal 0.736489 -0.676449 0
    outer loop
      vertex 11.514 19.0596 0
      vertex 11.4464 18.986 1.5
      vertex 11.4464 18.986 0
    endloop
  endfacet
  facet normal -0.357369 0.933963 0
    outer loop
      vertex 16.0112 12.4387 0
      vertex 15.9179 12.403 1.5
      vertex 16.0112 12.4387 1.5
    endloop
  endfacet
  facet normal -0.357369 0.933963 0
    outer loop
      vertex 15.9179 12.403 1.5
      vertex 16.0112 12.4387 0
      vertex 15.9179 12.403 0
    endloop
  endfacet
  facet normal -0.999928 0.0120232 0
    outer loop
      vertex 18.5988 16.1502 0
      vertex 18.6 16.25 1.5
      vertex 18.6 16.25 0
    endloop
  endfacet
  facet normal -0.999928 0.0120232 0
    outer loop
      vertex 18.6 16.25 1.5
      vertex 18.5988 16.1502 0
      vertex 18.5988 16.1502 1.5
    endloop
  endfacet
  facet normal -0.649305 0.760528 0
    outer loop
      vertex 17.1986 13.1633 0
      vertex 17.1227 13.0985 1.5
      vertex 17.1986 13.1633 1.5
    endloop
  endfacet
  facet normal -0.649305 0.760528 0
    outer loop
      vertex 17.1227 13.0985 1.5
      vertex 17.1986 13.1633 0
      vertex 17.1227 13.0985 0
    endloop
  endfacet
  facet normal 0.703089 0.711102 -0
    outer loop
      vertex 11.6543 13.2984 0
      vertex 11.5833 13.3686 1.5
      vertex 11.6543 13.2984 1.5
    endloop
  endfacet
  facet normal 0.703089 0.711102 0
    outer loop
      vertex 11.5833 13.3686 1.5
      vertex 11.6543 13.2984 0
      vertex 11.5833 13.3686 0
    endloop
  endfacet
  facet normal -0.629688 0.776848 0
    outer loop
      vertex 17.1227 13.0985 0
      vertex 17.0451 13.0356 1.5
      vertex 17.1227 13.0985 1.5
    endloop
  endfacet
  facet normal -0.629688 0.776848 0
    outer loop
      vertex 17.0451 13.0356 1.5
      vertex 17.1227 13.0985 0
      vertex 17.0451 13.0356 0
    endloop
  endfacet
  facet normal -0.877819 -0.478993 0
    outer loop
      vertex 18.1232 18.169 0
      vertex 18.0754 18.2566 1.5
      vertex 18.0754 18.2566 0
    endloop
  endfacet
  facet normal -0.877819 -0.478993 0
    outer loop
      vertex 18.0754 18.2566 1.5
      vertex 18.1232 18.169 0
      vertex 18.1232 18.169 1.5
    endloop
  endfacet
  facet normal -0.853579 0.520964 0
    outer loop
      vertex 17.9735 14.0717 0
      vertex 18.0255 14.1569 1.5
      vertex 18.0255 14.1569 0
    endloop
  endfacet
  facet normal -0.853579 0.520964 0
    outer loop
      vertex 18.0255 14.1569 1.5
      vertex 17.9735 14.0717 0
      vertex 17.9735 14.0717 1.5
    endloop
  endfacet
  facet normal -0.991096 0.133147 0
    outer loop
      vertex 18.5563 15.653 0
      vertex 18.5696 15.752 1.5
      vertex 18.5696 15.752 0
    endloop
  endfacet
  facet normal -0.991096 0.133147 0
    outer loop
      vertex 18.5696 15.752 1.5
      vertex 18.5563 15.653 0
      vertex 18.5563 15.653 1.5
    endloop
  endfacet
  facet normal 0.999313 0.0370487 0
    outer loop
      vertex 10.4049 16.0504 1.5
      vertex 10.4012 16.1502 0
      vertex 10.4012 16.1502 1.5
    endloop
  endfacet
  facet normal 0.999313 0.0370487 0
    outer loop
      vertex 10.4012 16.1502 0
      vertex 10.4049 16.0504 1.5
      vertex 10.4049 16.0504 0
    endloop
  endfacet
  facet normal 0.667526 -0.744587 0
    outer loop
      vertex 11.727 19.27 0
      vertex 11.8014 19.3367 1.5
      vertex 11.727 19.27 1.5
    endloop
  endfacet
  facet normal 0.667526 -0.744587 0
    outer loop
      vertex 11.8014 19.3367 1.5
      vertex 11.727 19.27 0
      vertex 11.8014 19.3367 0
    endloop
  endfacet
  facet normal -0.813259 -0.581901 0
    outer loop
      vertex 17.8633 18.5948 0
      vertex 17.8052 18.676 1.5
      vertex 17.8052 18.676 0
    endloop
  endfacet
  facet normal -0.813259 -0.581901 0
    outer loop
      vertex 17.8052 18.676 1.5
      vertex 17.8633 18.5948 0
      vertex 17.8633 18.5948 1.5
    endloop
  endfacet
  facet normal 0.121199 0.992628 -0
    outer loop
      vertex 14.0516 12.1746 0
      vertex 13.9525 12.1867 1.5
      vertex 14.0516 12.1746 1.5
    endloop
  endfacet
  facet normal 0.121199 0.992628 0
    outer loop
      vertex 13.9525 12.1867 1.5
      vertex 14.0516 12.1746 0
      vertex 13.9525 12.1867 0
    endloop
  endfacet
  facet normal -0.97873 0.205153 0
    outer loop
      vertex 18.5019 15.3585 0
      vertex 18.5224 15.4563 1.5
      vertex 18.5224 15.4563 0
    endloop
  endfacet
  facet normal -0.97873 0.205153 0
    outer loop
      vertex 18.5224 15.4563 1.5
      vertex 18.5019 15.3585 0
      vertex 18.5019 15.3585 1.5
    endloop
  endfacet
  facet normal 0.571915 -0.820313 0
    outer loop
      vertex 12.1144 19.5845 0
      vertex 12.1963 19.6416 1.5
      vertex 12.1144 19.5845 1.5
    endloop
  endfacet
  facet normal 0.571915 -0.820313 0
    outer loop
      vertex 12.1963 19.6416 1.5
      vertex 12.1144 19.5845 0
      vertex 12.1963 19.6416 0
    endloop
  endfacet
  facet normal 0.68524 -0.728318 0
    outer loop
      vertex 11.6543 19.2016 0
      vertex 11.727 19.27 1.5
      vertex 11.6543 19.2016 1.5
    endloop
  endfacet
  facet normal 0.68524 -0.728318 0
    outer loop
      vertex 11.727 19.27 1.5
      vertex 11.6543 19.2016 0
      vertex 11.727 19.27 0
    endloop
  endfacet
  facet normal -0.840429 -0.541922 0
    outer loop
      vertex 17.9735 18.4283 0
      vertex 17.9194 18.5122 1.5
      vertex 17.9194 18.5122 0
    endloop
  endfacet
  facet normal -0.840429 -0.541922 0
    outer loop
      vertex 17.9194 18.5122 1.5
      vertex 17.9735 18.4283 0
      vertex 17.9735 18.4283 1.5
    endloop
  endfacet
  facet normal 0.551693 -0.834047 0
    outer loop
      vertex 12.1963 19.6416 0
      vertex 12.2796 19.6967 1.5
      vertex 12.1963 19.6416 1.5
    endloop
  endfacet
  facet normal 0.551693 -0.834047 0
    outer loop
      vertex 12.2796 19.6967 1.5
      vertex 12.1963 19.6416 0
      vertex 12.2796 19.6967 0
    endloop
  endfacet
  facet normal 0.946559 -0.322531 0
    outer loop
      vertex 10.6038 17.5265 1.5
      vertex 10.636 17.621 0
      vertex 10.636 17.621 1.5
    endloop
  endfacet
  facet normal 0.946559 -0.322531 0
    outer loop
      vertex 10.636 17.621 0
      vertex 10.6038 17.5265 1.5
      vertex 10.6038 17.5265 0
    endloop
  endfacet
  facet normal -0.900552 0.434749 0
    outer loop
      vertex 18.1689 14.4198 0
      vertex 18.2123 14.5097 1.5
      vertex 18.2123 14.5097 0
    endloop
  endfacet
  facet normal -0.900552 0.434749 0
    outer loop
      vertex 18.2123 14.5097 1.5
      vertex 18.1689 14.4198 0
      vertex 18.1689 14.4198 1.5
    endloop
  endfacet
  facet normal 0.379842 -0.925051 0
    outer loop
      vertex 12.8965 20.0234 0
      vertex 12.9888 20.0613 1.5
      vertex 12.8965 20.0234 1.5
    endloop
  endfacet
  facet normal 0.379842 -0.925051 0
    outer loop
      vertex 12.9888 20.0613 1.5
      vertex 12.8965 20.0234 0
      vertex 12.9888 20.0613 0
    endloop
  endfacet
  facet normal -0.401765 -0.915743 0
    outer loop
      vertex 16.1035 20.0234 0
      vertex 16.1949 19.9833 1.5
      vertex 16.1035 20.0234 1.5
    endloop
  endfacet
  facet normal -0.401765 -0.915743 -0
    outer loop
      vertex 16.1949 19.9833 1.5
      vertex 16.1035 20.0234 0
      vertex 16.1949 19.9833 0
    endloop
  endfacet
  facet normal -0.629688 -0.776848 0
    outer loop
      vertex 17.0451 19.4644 0
      vertex 17.1227 19.4015 1.5
      vertex 17.0451 19.4644 1.5
    endloop
  endfacet
  facet normal -0.629688 -0.776848 -0
    outer loop
      vertex 17.1227 19.4015 1.5
      vertex 17.0451 19.4644 0
      vertex 17.1227 19.4015 0
    endloop
  endfacet
  facet normal 0.88916 -0.457597 0
    outer loop
      vertex 10.8311 18.0802 1.5
      vertex 10.8768 18.169 0
      vertex 10.8768 18.169 1.5
    endloop
  endfacet
  facet normal 0.88916 -0.457597 0
    outer loop
      vertex 10.8768 18.169 0
      vertex 10.8311 18.0802 1.5
      vertex 10.8311 18.0802 0
    endloop
  endfacet
  facet normal -0.401765 0.915743 0
    outer loop
      vertex 16.1949 12.5167 0
      vertex 16.1035 12.4766 1.5
      vertex 16.1949 12.5167 1.5
    endloop
  endfacet
  facet normal -0.401765 0.915743 0
    outer loop
      vertex 16.1035 12.4766 1.5
      vertex 16.1949 12.5167 0
      vertex 16.1035 12.4766 0
    endloop
  endfacet
  facet normal -0.736489 0.676449 0
    outer loop
      vertex 17.486 13.4404 0
      vertex 17.5536 13.514 1.5
      vertex 17.5536 13.514 0
    endloop
  endfacet
  facet normal -0.736489 0.676449 0
    outer loop
      vertex 17.5536 13.514 1.5
      vertex 17.486 13.4404 0
      vertex 17.486 13.4404 1.5
    endloop
  endfacet
  facet normal 0.193227 0.981154 -0
    outer loop
      vertex 13.7553 12.2182 0
      vertex 13.6573 12.2375 1.5
      vertex 13.7553 12.2182 1.5
    endloop
  endfacet
  facet normal 0.193227 0.981154 0
    outer loop
      vertex 13.6573 12.2375 1.5
      vertex 13.7553 12.2182 0
      vertex 13.6573 12.2375 0
    endloop
  endfacet
  facet normal 0.649305 -0.760528 0
    outer loop
      vertex 11.8014 19.3367 0
      vertex 11.8773 19.4015 1.5
      vertex 11.8014 19.3367 1.5
    endloop
  endfacet
  facet normal 0.649305 -0.760528 0
    outer loop
      vertex 11.8773 19.4015 1.5
      vertex 11.8014 19.3367 0
      vertex 11.8773 19.4015 0
    endloop
  endfacet
  facet normal -0.88916 -0.457597 0
    outer loop
      vertex 18.1689 18.0802 0
      vertex 18.1232 18.169 1.5
      vertex 18.1232 18.169 0
    endloop
  endfacet
  facet normal -0.88916 -0.457597 0
    outer loop
      vertex 18.1232 18.169 1.5
      vertex 18.1689 18.0802 0
      vertex 18.1689 18.0802 1.5
    endloop
  endfacet
  facet normal 0.334496 0.942397 -0
    outer loop
      vertex 13.1762 12.3696 0
      vertex 13.0821 12.403 1.5
      vertex 13.1762 12.3696 1.5
    endloop
  endfacet
  facet normal 0.334496 0.942397 0
    outer loop
      vertex 13.0821 12.403 1.5
      vertex 13.1762 12.3696 0
      vertex 13.0821 12.403 0
    endloop
  endfacet
  facet normal 0.146186 -0.989257 0
    outer loop
      vertex 13.8537 20.2987 0
      vertex 13.9525 20.3133 1.5
      vertex 13.8537 20.2987 1.5
    endloop
  endfacet
  facet normal 0.146186 -0.989257 0
    outer loop
      vertex 13.9525 20.3133 1.5
      vertex 13.8537 20.2987 0
      vertex 13.9525 20.3133 0
    endloop
  endfacet
  facet normal 0.357369 0.933963 -0
    outer loop
      vertex 13.0821 12.403 0
      vertex 12.9888 12.4387 1.5
      vertex 13.0821 12.403 1.5
    endloop
  endfacet
  facet normal 0.357369 0.933963 0
    outer loop
      vertex 12.9888 12.4387 1.5
      vertex 13.0821 12.403 0
      vertex 12.9888 12.4387 0
    endloop
  endfacet
  facet normal -0.900552 -0.434749 0
    outer loop
      vertex 18.2123 17.9903 0
      vertex 18.1689 18.0802 1.5
      vertex 18.1689 18.0802 0
    endloop
  endfacet
  facet normal -0.900552 -0.434749 0
    outer loop
      vertex 18.1689 18.0802 1.5
      vertex 18.2123 17.9903 0
      vertex 18.2123 17.9903 1.5
    endloop
  endfacet
  facet normal 0.334496 -0.942397 0
    outer loop
      vertex 13.0821 20.097 0
      vertex 13.1762 20.1304 1.5
      vertex 13.0821 20.097 1.5
    endloop
  endfacet
  facet normal 0.334496 -0.942397 0
    outer loop
      vertex 13.1762 20.1304 1.5
      vertex 13.0821 20.097 0
      vertex 13.1762 20.1304 0
    endloop
  endfacet
  facet normal -0.703089 -0.711102 0
    outer loop
      vertex 17.3457 19.2016 0
      vertex 17.4167 19.1314 1.5
      vertex 17.3457 19.2016 1.5
    endloop
  endfacet
  facet normal -0.703089 -0.711102 -0
    outer loop
      vertex 17.4167 19.1314 1.5
      vertex 17.3457 19.2016 0
      vertex 17.4167 19.1314 0
    endloop
  endfacet
  facet normal -0.571915 -0.820313 0
    outer loop
      vertex 16.8037 19.6416 0
      vertex 16.8856 19.5845 1.5
      vertex 16.8037 19.6416 1.5
    endloop
  endfacet
  facet normal -0.571915 -0.820313 -0
    outer loop
      vertex 16.8856 19.5845 1.5
      vertex 16.8037 19.6416 0
      vertex 16.8856 19.5845 0
    endloop
  endfacet
  facet normal 0.551693 0.834047 -0
    outer loop
      vertex 12.2796 12.8033 0
      vertex 12.1963 12.8584 1.5
      vertex 12.2796 12.8033 1.5
    endloop
  endfacet
  facet normal 0.551693 0.834047 0
    outer loop
      vertex 12.1963 12.8584 1.5
      vertex 12.2796 12.8033 0
      vertex 12.1963 12.8584 0
    endloop
  endfacet
  facet normal -0.264388 -0.964416 0
    outer loop
      vertex 15.537 20.2167 0
      vertex 15.6333 20.1903 1.5
      vertex 15.537 20.2167 1.5
    endloop
  endfacet
  facet normal -0.264388 -0.964416 -0
    outer loop
      vertex 15.6333 20.1903 1.5
      vertex 15.537 20.2167 0
      vertex 15.6333 20.1903 0
    endloop
  endfacet
  facet normal -0.993908 -0.110212 0
    outer loop
      vertex 18.5806 16.6488 0
      vertex 18.5696 16.748 1.5
      vertex 18.5696 16.748 0
    endloop
  endfacet
  facet normal -0.993908 -0.110212 0
    outer loop
      vertex 18.5696 16.748 1.5
      vertex 18.5806 16.6488 0
      vertex 18.5806 16.6488 1.5
    endloop
  endfacet
  facet normal -0.97873 -0.205153 0
    outer loop
      vertex 18.5224 17.0437 0
      vertex 18.5019 17.1415 1.5
      vertex 18.5019 17.1415 0
    endloop
  endfacet
  facet normal -0.97873 -0.205153 0
    outer loop
      vertex 18.5019 17.1415 1.5
      vertex 18.5224 17.0437 0
      vertex 18.5224 17.0437 1.5
    endloop
  endfacet
  facet normal -0.991096 -0.133147 0
    outer loop
      vertex 18.5696 16.748 0
      vertex 18.5563 16.847 1.5
      vertex 18.5563 16.847 0
    endloop
  endfacet
  facet normal -0.991096 -0.133147 0
    outer loop
      vertex 18.5563 16.847 1.5
      vertex 18.5696 16.748 0
      vertex 18.5696 16.748 1.5
    endloop
  endfacet
  facet normal -0.146186 -0.989257 0
    outer loop
      vertex 15.0475 20.3133 0
      vertex 15.1463 20.2987 1.5
      vertex 15.0475 20.3133 1.5
    endloop
  endfacet
  facet normal -0.146186 -0.989257 -0
    outer loop
      vertex 15.1463 20.2987 1.5
      vertex 15.0475 20.3133 0
      vertex 15.1463 20.2987 0
    endloop
  endfacet
  facet normal -0.960993 -0.276574 0
    outer loop
      vertex 18.4538 17.3353 0
      vertex 18.4262 17.4312 1.5
      vertex 18.4262 17.4312 0
    endloop
  endfacet
  facet normal -0.960993 -0.276574 0
    outer loop
      vertex 18.4262 17.4312 1.5
      vertex 18.4538 17.3353 0
      vertex 18.4538 17.3353 1.5
    endloop
  endfacet
  facet normal -0.953855 -0.300269 0
    outer loop
      vertex 18.4262 17.4312 0
      vertex 18.3962 17.5265 1.5
      vertex 18.3962 17.5265 0
    endloop
  endfacet
  facet normal -0.953855 -0.300269 0
    outer loop
      vertex 18.3962 17.5265 1.5
      vertex 18.4262 17.4312 0
      vertex 18.4262 17.4312 1.5
    endloop
  endfacet
  facet normal -0.753073 0.657937 0
    outer loop
      vertex 17.5536 13.514 0
      vertex 17.6193 13.5892 1.5
      vertex 17.6193 13.5892 0
    endloop
  endfacet
  facet normal -0.753073 0.657937 0
    outer loop
      vertex 17.6193 13.5892 1.5
      vertex 17.5536 13.514 0
      vertex 17.5536 13.514 1.5
    endloop
  endfacet
  facet normal -0.379842 -0.925051 0
    outer loop
      vertex 16.0112 20.0613 0
      vertex 16.1035 20.0234 1.5
      vertex 16.0112 20.0613 1.5
    endloop
  endfacet
  facet normal -0.379842 -0.925051 -0
    outer loop
      vertex 16.1035 20.0234 1.5
      vertex 16.0112 20.0613 0
      vertex 16.1035 20.0234 0
    endloop
  endfacet
  facet normal 0.920178 0.391501 0
    outer loop
      vertex 10.7464 14.6006 1.5
      vertex 10.7073 14.6925 0
      vertex 10.7073 14.6925 1.5
    endloop
  endfacet
  facet normal 0.920178 0.391501 0
    outer loop
      vertex 10.7073 14.6925 0
      vertex 10.7464 14.6006 1.5
      vertex 10.7464 14.6006 0
    endloop
  endfacet
  facet normal -0.853579 -0.520964 0
    outer loop
      vertex 18.0255 18.3431 0
      vertex 17.9735 18.4283 1.5
      vertex 17.9735 18.4283 0
    endloop
  endfacet
  facet normal -0.853579 -0.520964 0
    outer loop
      vertex 17.9735 18.4283 1.5
      vertex 18.0255 18.3431 0
      vertex 18.0255 18.3431 1.5
    endloop
  endfacet
  facet normal 0.217461 0.976069 -0
    outer loop
      vertex 13.6573 12.2375 0
      vertex 13.5599 12.2592 1.5
      vertex 13.6573 12.2375 1.5
    endloop
  endfacet
  facet normal 0.217461 0.976069 0
    outer loop
      vertex 13.5599 12.2592 1.5
      vertex 13.6573 12.2375 0
      vertex 13.5599 12.2592 0
    endloop
  endfacet
  facet normal -0.510516 0.859868 0
    outer loop
      vertex 16.6359 12.7503 0
      vertex 16.55 12.6993 1.5
      vertex 16.6359 12.7503 1.5
    endloop
  endfacet
  facet normal -0.510516 0.859868 0
    outer loop
      vertex 16.55 12.6993 1.5
      vertex 16.6359 12.7503 0
      vertex 16.55 12.6993 0
    endloop
  endfacet
  facet normal -0.938292 -0.345845 0
    outer loop
      vertex 18.364 17.621 0
      vertex 18.3295 17.7146 1.5
      vertex 18.3295 17.7146 0
    endloop
  endfacet
  facet normal -0.938292 -0.345845 0
    outer loop
      vertex 18.3295 17.7146 1.5
      vertex 18.364 17.621 0
      vertex 18.364 17.621 1.5
    endloop
  endfacet
  facet normal -0.88916 0.457597 0
    outer loop
      vertex 18.1232 14.331 0
      vertex 18.1689 14.4198 1.5
      vertex 18.1689 14.4198 0
    endloop
  endfacet
  facet normal -0.88916 0.457597 0
    outer loop
      vertex 18.1689 14.4198 1.5
      vertex 18.1232 14.331 0
      vertex 18.1232 14.331 1.5
    endloop
  endfacet
  facet normal 0.264388 -0.964416 0
    outer loop
      vertex 13.3667 20.1903 0
      vertex 13.463 20.2167 1.5
      vertex 13.3667 20.1903 1.5
    endloop
  endfacet
  facet normal 0.264388 -0.964416 0
    outer loop
      vertex 13.463 20.2167 1.5
      vertex 13.3667 20.1903 0
      vertex 13.463 20.2167 0
    endloop
  endfacet
  facet normal 0.401765 -0.915743 0
    outer loop
      vertex 12.8051 19.9833 0
      vertex 12.8965 20.0234 1.5
      vertex 12.8051 19.9833 1.5
    endloop
  endfacet
  facet normal 0.401765 -0.915743 0
    outer loop
      vertex 12.8965 20.0234 1.5
      vertex 12.8051 19.9833 0
      vertex 12.8965 20.0234 0
    endloop
  endfacet
  facet normal 0.357369 -0.933963 0
    outer loop
      vertex 12.9888 20.0613 0
      vertex 13.0821 20.097 1.5
      vertex 12.9888 20.0613 1.5
    endloop
  endfacet
  facet normal 0.357369 -0.933963 0
    outer loop
      vertex 13.0821 20.097 1.5
      vertex 12.9888 20.0613 0
      vertex 13.0821 20.097 0
    endloop
  endfacet
  facet normal -0.571915 0.820313 0
    outer loop
      vertex 16.8856 12.9155 0
      vertex 16.8037 12.8584 1.5
      vertex 16.8856 12.9155 1.5
    endloop
  endfacet
  facet normal -0.571915 0.820313 0
    outer loop
      vertex 16.8037 12.8584 1.5
      vertex 16.8856 12.9155 0
      vertex 16.8037 12.8584 0
    endloop
  endfacet
  facet normal -0.967617 0.252422 0
    outer loop
      vertex 18.4538 15.1647 0
      vertex 18.479 15.2613 1.5
      vertex 18.479 15.2613 0
    endloop
  endfacet
  facet normal -0.967617 0.252422 0
    outer loop
      vertex 18.479 15.2613 1.5
      vertex 18.4538 15.1647 0
      vertex 18.4538 15.1647 1.5
    endloop
  endfacet
  facet normal -0.719522 0.694469 0
    outer loop
      vertex 17.4167 13.3686 0
      vertex 17.486 13.4404 1.5
      vertex 17.486 13.4404 0
    endloop
  endfacet
  facet normal -0.719522 0.694469 0
    outer loop
      vertex 17.486 13.4404 1.5
      vertex 17.4167 13.3686 0
      vertex 17.4167 13.3686 1.5
    endloop
  endfacet
  facet normal 0.840429 -0.541922 0
    outer loop
      vertex 11.0265 18.4283 1.5
      vertex 11.0806 18.5122 0
      vertex 11.0806 18.5122 1.5
    endloop
  endfacet
  facet normal 0.840429 -0.541922 0
    outer loop
      vertex 11.0806 18.5122 0
      vertex 11.0265 18.4283 1.5
      vertex 11.0265 18.4283 0
    endloop
  endfacet
  facet normal 0.960993 0.276574 0
    outer loop
      vertex 10.5738 15.0688 1.5
      vertex 10.5462 15.1647 0
      vertex 10.5462 15.1647 1.5
    endloop
  endfacet
  facet normal 0.960993 0.276574 0
    outer loop
      vertex 10.5462 15.1647 0
      vertex 10.5738 15.0688 1.5
      vertex 10.5738 15.0688 0
    endloop
  endfacet
  facet normal 0.53135 0.847152 -0
    outer loop
      vertex 12.3641 12.7503 0
      vertex 12.2796 12.8033 1.5
      vertex 12.3641 12.7503 1.5
    endloop
  endfacet
  facet normal 0.53135 0.847152 0
    outer loop
      vertex 12.2796 12.8033 1.5
      vertex 12.3641 12.7503 0
      vertex 12.2796 12.8033 0
    endloop
  endfacet
  facet normal -0.489548 0.871976 0
    outer loop
      vertex 16.55 12.6993 0
      vertex 16.4629 12.6504 1.5
      vertex 16.55 12.6993 1.5
    endloop
  endfacet
  facet normal -0.489548 0.871976 0
    outer loop
      vertex 16.4629 12.6504 1.5
      vertex 16.55 12.6993 0
      vertex 16.4629 12.6504 0
    endloop
  endfacet
  facet normal -0.703089 0.711102 0
    outer loop
      vertex 17.4167 13.3686 0
      vertex 17.3457 13.2984 1.5
      vertex 17.4167 13.3686 1.5
    endloop
  endfacet
  facet normal -0.703089 0.711102 0
    outer loop
      vertex 17.3457 13.2984 1.5
      vertex 17.4167 13.3686 0
      vertex 17.3457 13.2984 0
    endloop
  endfacet
  facet normal -0.719522 -0.694469 0
    outer loop
      vertex 17.486 19.0596 0
      vertex 17.4167 19.1314 1.5
      vertex 17.4167 19.1314 0
    endloop
  endfacet
  facet normal -0.719522 -0.694469 0
    outer loop
      vertex 17.4167 19.1314 1.5
      vertex 17.486 19.0596 0
      vertex 17.486 19.0596 1.5
    endloop
  endfacet
  facet normal 0.719522 -0.694469 0
    outer loop
      vertex 11.514 19.0596 1.5
      vertex 11.5833 19.1314 0
      vertex 11.5833 19.1314 1.5
    endloop
  endfacet
  facet normal 0.719522 -0.694469 0
    outer loop
      vertex 11.5833 19.1314 0
      vertex 11.514 19.0596 1.5
      vertex 11.514 19.0596 0
    endloop
  endfacet
  facet normal 0.264388 0.964416 -0
    outer loop
      vertex 13.463 12.2833 0
      vertex 13.3667 12.3097 1.5
      vertex 13.463 12.2833 1.5
    endloop
  endfacet
  facet normal 0.264388 0.964416 0
    outer loop
      vertex 13.3667 12.3097 1.5
      vertex 13.463 12.2833 0
      vertex 13.3667 12.3097 0
    endloop
  endfacet
  facet normal 0.996371 0.0851171 0
    outer loop
      vertex 10.4194 15.8512 1.5
      vertex 10.4109 15.9507 0
      vertex 10.4109 15.9507 1.5
    endloop
  endfacet
  facet normal 0.996371 0.0851171 0
    outer loop
      vertex 10.4109 15.9507 0
      vertex 10.4194 15.8512 1.5
      vertex 10.4194 15.8512 0
    endloop
  endfacet
  facet normal 0.993908 0.110212 0
    outer loop
      vertex 10.4304 15.752 1.5
      vertex 10.4194 15.8512 0
      vertex 10.4194 15.8512 1.5
    endloop
  endfacet
  facet normal 0.993908 0.110212 0
    outer loop
      vertex 10.4194 15.8512 0
      vertex 10.4304 15.752 1.5
      vertex 10.4304 15.752 0
    endloop
  endfacet
  facet normal -0.16927 -0.98557 0
    outer loop
      vertex 15.1463 20.2987 0
      vertex 15.2447 20.2818 1.5
      vertex 15.1463 20.2987 1.5
    endloop
  endfacet
  facet normal -0.16927 -0.98557 -0
    outer loop
      vertex 15.2447 20.2818 1.5
      vertex 15.1463 20.2987 0
      vertex 15.2447 20.2818 0
    endloop
  endfacet
  facet normal -0.467934 -0.883764 0
    outer loop
      vertex 16.3747 19.8963 0
      vertex 16.4629 19.8496 1.5
      vertex 16.3747 19.8963 1.5
    endloop
  endfacet
  facet normal -0.467934 -0.883764 -0
    outer loop
      vertex 16.4629 19.8496 1.5
      vertex 16.3747 19.8963 0
      vertex 16.4629 19.8496 0
    endloop
  endfacet
  facet normal 0.768303 0.640086 0
    outer loop
      vertex 11.3807 13.5892 1.5
      vertex 11.3168 13.6659 0
      vertex 11.3168 13.6659 1.5
    endloop
  endfacet
  facet normal 0.768303 0.640086 0
    outer loop
      vertex 11.3168 13.6659 0
      vertex 11.3807 13.5892 1.5
      vertex 11.3807 13.5892 0
    endloop
  endfacet
  facet normal 0.877819 -0.478993 0
    outer loop
      vertex 10.8768 18.169 1.5
      vertex 10.9246 18.2566 0
      vertex 10.9246 18.2566 1.5
    endloop
  endfacet
  facet normal 0.877819 -0.478993 0
    outer loop
      vertex 10.9246 18.2566 0
      vertex 10.8768 18.169 1.5
      vertex 10.8768 18.169 0
    endloop
  endfacet
  facet normal 0.611162 -0.791505 0
    outer loop
      vertex 11.9549 19.4644 0
      vertex 12.0339 19.5254 1.5
      vertex 11.9549 19.4644 1.5
    endloop
  endfacet
  facet normal 0.611162 -0.791505 0
    outer loop
      vertex 12.0339 19.5254 1.5
      vertex 11.9549 19.4644 0
      vertex 12.0339 19.5254 0
    endloop
  endfacet
  facet normal 0.121199 -0.992628 0
    outer loop
      vertex 13.9525 20.3133 0
      vertex 14.0516 20.3254 1.5
      vertex 13.9525 20.3133 1.5
    endloop
  endfacet
  facet normal 0.121199 -0.992628 0
    outer loop
      vertex 14.0516 20.3254 1.5
      vertex 13.9525 20.3133 0
      vertex 14.0516 20.3254 0
    endloop
  endfacet
  facet normal -0.146186 0.989257 0
    outer loop
      vertex 15.1463 12.2013 0
      vertex 15.0475 12.1867 1.5
      vertex 15.1463 12.2013 1.5
    endloop
  endfacet
  facet normal -0.146186 0.989257 0
    outer loop
      vertex 15.0475 12.1867 1.5
      vertex 15.1463 12.2013 0
      vertex 15.0475 12.1867 0
    endloop
  endfacet
  facet normal 0.938292 0.345845 0
    outer loop
      vertex 10.6705 14.7854 1.5
      vertex 10.636 14.879 0
      vertex 10.636 14.879 1.5
    endloop
  endfacet
  facet normal 0.938292 0.345845 0
    outer loop
      vertex 10.636 14.879 0
      vertex 10.6705 14.7854 1.5
      vertex 10.6705 14.7854 0
    endloop
  endfacet
  facet normal -0.121199 0.992628 0
    outer loop
      vertex 15.0475 12.1867 0
      vertex 14.9484 12.1746 1.5
      vertex 15.0475 12.1867 1.5
    endloop
  endfacet
  facet normal -0.121199 0.992628 0
    outer loop
      vertex 14.9484 12.1746 1.5
      vertex 15.0475 12.1867 0
      vertex 14.9484 12.1746 0
    endloop
  endfacet
  facet normal 0.0490391 -0.998797 0
    outer loop
      vertex 14.2505 20.3424 0
      vertex 14.3503 20.3473 1.5
      vertex 14.2505 20.3424 1.5
    endloop
  endfacet
  facet normal 0.0490391 -0.998797 0
    outer loop
      vertex 14.3503 20.3473 1.5
      vertex 14.2505 20.3424 0
      vertex 14.3503 20.3473 0
    endloop
  endfacet
  facet normal 0.910435 0.413652 0
    outer loop
      vertex 10.7877 14.5097 1.5
      vertex 10.7464 14.6006 0
      vertex 10.7464 14.6006 1.5
    endloop
  endfacet
  facet normal 0.910435 0.413652 0
    outer loop
      vertex 10.7464 14.6006 0
      vertex 10.7877 14.5097 1.5
      vertex 10.7877 14.5097 0
    endloop
  endfacet
  facet normal -0.0971242 -0.995272 0
    outer loop
      vertex 14.849 20.3351 0
      vertex 14.9484 20.3254 1.5
      vertex 14.849 20.3351 1.5
    endloop
  endfacet
  facet normal -0.0971242 -0.995272 -0
    outer loop
      vertex 14.9484 20.3254 1.5
      vertex 14.849 20.3351 0
      vertex 14.9484 20.3254 0
    endloop
  endfacet
  facet normal 0.753073 0.657937 0
    outer loop
      vertex 11.4464 13.514 1.5
      vertex 11.3807 13.5892 0
      vertex 11.3807 13.5892 1.5
    endloop
  endfacet
  facet normal 0.753073 0.657937 0
    outer loop
      vertex 11.3807 13.5892 0
      vertex 11.4464 13.514 1.5
      vertex 11.4464 13.514 0
    endloop
  endfacet
  facet normal 0.768303 -0.640086 0
    outer loop
      vertex 11.3168 18.8341 1.5
      vertex 11.3807 18.9108 0
      vertex 11.3807 18.9108 1.5
    endloop
  endfacet
  facet normal 0.768303 -0.640086 0
    outer loop
      vertex 11.3807 18.9108 0
      vertex 11.3168 18.8341 1.5
      vertex 11.3168 18.8341 0
    endloop
  endfacet
  facet normal 0.401765 0.915743 -0
    outer loop
      vertex 12.8965 12.4766 0
      vertex 12.8051 12.5167 1.5
      vertex 12.8965 12.4766 1.5
    endloop
  endfacet
  facet normal 0.401765 0.915743 0
    outer loop
      vertex 12.8051 12.5167 1.5
      vertex 12.8965 12.4766 0
      vertex 12.8051 12.5167 0
    endloop
  endfacet
  facet normal -0.0240411 0.999711 0
    outer loop
      vertex 14.6497 12.1527 0
      vertex 14.5499 12.1503 1.5
      vertex 14.6497 12.1527 1.5
    endloop
  endfacet
  facet normal -0.0240411 0.999711 0
    outer loop
      vertex 14.5499 12.1503 1.5
      vertex 14.6497 12.1527 0
      vertex 14.5499 12.1503 0
    endloop
  endfacet
  facet normal 0 -1 0
    outer loop
      vertex 14.4501 20.3497 0
      vertex 14.5499 20.3497 1.5
      vertex 14.4501 20.3497 1.5
    endloop
  endfacet
  facet normal 0 -1 -0
    outer loop
      vertex 14.5499 20.3497 1.5
      vertex 14.4501 20.3497 0
      vertex 14.5499 20.3497 0
    endloop
  endfacet
  facet normal 0.999928 0.0120232 0
    outer loop
      vertex 10.4012 16.1502 1.5
      vertex 10.4 16.25 0
      vertex 10.4 16.25 1.5
    endloop
  endfacet
  facet normal 0.999928 0.0120232 0
    outer loop
      vertex 10.4 16.25 0
      vertex 10.4012 16.1502 1.5
      vertex 10.4012 16.1502 0
    endloop
  endfacet
  facet normal 0.0240411 0.999711 -0
    outer loop
      vertex 14.4501 12.1503 0
      vertex 14.3503 12.1527 1.5
      vertex 14.4501 12.1503 1.5
    endloop
  endfacet
  facet normal 0.0240411 0.999711 0
    outer loop
      vertex 14.3503 12.1527 1.5
      vertex 14.4501 12.1503 0
      vertex 14.3503 12.1527 0
    endloop
  endfacet
  facet normal 0.991096 -0.133147 0
    outer loop
      vertex 10.4304 16.748 1.5
      vertex 10.4437 16.847 0
      vertex 10.4437 16.847 1.5
    endloop
  endfacet
  facet normal 0.991096 -0.133147 0
    outer loop
      vertex 10.4437 16.847 0
      vertex 10.4304 16.748 1.5
      vertex 10.4304 16.748 0
    endloop
  endfacet
  facet normal 0.998194 0.0600719 0
    outer loop
      vertex 10.4109 15.9507 1.5
      vertex 10.4049 16.0504 0
      vertex 10.4049 16.0504 1.5
    endloop
  endfacet
  facet normal 0.998194 0.0600719 0
    outer loop
      vertex 10.4049 16.0504 0
      vertex 10.4109 15.9507 1.5
      vertex 10.4109 15.9507 0
    endloop
  endfacet
  facet normal -0.424639 0.905363 0
    outer loop
      vertex 16.2853 12.5591 0
      vertex 16.1949 12.5167 1.5
      vertex 16.2853 12.5591 1.5
    endloop
  endfacet
  facet normal -0.424639 0.905363 0
    outer loop
      vertex 16.1949 12.5167 1.5
      vertex 16.2853 12.5591 0
      vertex 16.1949 12.5167 0
    endloop
  endfacet
  facet normal 0.996371 -0.0851171 0
    outer loop
      vertex 10.4109 16.5493 1.5
      vertex 10.4194 16.6488 0
      vertex 10.4194 16.6488 1.5
    endloop
  endfacet
  facet normal 0.996371 -0.0851171 0
    outer loop
      vertex 10.4194 16.6488 0
      vertex 10.4109 16.5493 1.5
      vertex 10.4109 16.5493 0
    endloop
  endfacet
  facet normal 0.97873 0.205153 0
    outer loop
      vertex 10.4981 15.3585 1.5
      vertex 10.4776 15.4563 0
      vertex 10.4776 15.4563 1.5
    endloop
  endfacet
  facet normal 0.97873 0.205153 0
    outer loop
      vertex 10.4776 15.4563 0
      vertex 10.4981 15.3585 1.5
      vertex 10.4981 15.3585 0
    endloop
  endfacet
  facet normal -0.753073 -0.657937 0
    outer loop
      vertex 17.6193 18.9108 0
      vertex 17.5536 18.986 1.5
      vertex 17.5536 18.986 0
    endloop
  endfacet
  facet normal -0.753073 -0.657937 0
    outer loop
      vertex 17.5536 18.986 1.5
      vertex 17.6193 18.9108 0
      vertex 17.6193 18.9108 1.5
    endloop
  endfacet
  facet normal -0.866202 -0.499694 0
    outer loop
      vertex 18.0754 18.2566 0
      vertex 18.0255 18.3431 1.5
      vertex 18.0255 18.3431 0
    endloop
  endfacet
  facet normal -0.866202 -0.499694 0
    outer loop
      vertex 18.0255 18.3431 1.5
      vertex 18.0754 18.2566 0
      vertex 18.0754 18.2566 1.5
    endloop
  endfacet
  facet normal -0.28845 0.957495 0
    outer loop
      vertex 15.7289 12.3385 0
      vertex 15.6333 12.3097 1.5
      vertex 15.7289 12.3385 1.5
    endloop
  endfacet
  facet normal -0.28845 0.957495 0
    outer loop
      vertex 15.6333 12.3097 1.5
      vertex 15.7289 12.3385 0
      vertex 15.6333 12.3097 0
    endloop
  endfacet
  facet normal 0.719522 0.694469 0
    outer loop
      vertex 11.5833 13.3686 1.5
      vertex 11.514 13.4404 0
      vertex 11.514 13.4404 1.5
    endloop
  endfacet
  facet normal 0.719522 0.694469 0
    outer loop
      vertex 11.514 13.4404 0
      vertex 11.5833 13.3686 1.5
      vertex 11.5833 13.3686 0
    endloop
  endfacet
  facet normal -0.736489 -0.676449 0
    outer loop
      vertex 17.5536 18.986 0
      vertex 17.486 19.0596 1.5
      vertex 17.486 19.0596 0
    endloop
  endfacet
  facet normal -0.736489 -0.676449 0
    outer loop
      vertex 17.486 19.0596 1.5
      vertex 17.5536 18.986 0
      vertex 17.5536 18.986 1.5
    endloop
  endfacet
  facet normal 0.629688 -0.776848 0
    outer loop
      vertex 11.8773 19.4015 0
      vertex 11.9549 19.4644 1.5
      vertex 11.8773 19.4015 1.5
    endloop
  endfacet
  facet normal 0.629688 -0.776848 0
    outer loop
      vertex 11.9549 19.4644 1.5
      vertex 11.8773 19.4015 0
      vertex 11.9549 19.4644 0
    endloop
  endfacet
  facet normal -0.510516 -0.859868 0
    outer loop
      vertex 16.55 19.8007 0
      vertex 16.6359 19.7497 1.5
      vertex 16.55 19.8007 1.5
    endloop
  endfacet
  facet normal -0.510516 -0.859868 -0
    outer loop
      vertex 16.6359 19.7497 1.5
      vertex 16.55 19.8007 0
      vertex 16.6359 19.7497 0
    endloop
  endfacet
  facet normal -0.0731702 0.997319 0
    outer loop
      vertex 14.849 12.1649 0
      vertex 14.7495 12.1576 1.5
      vertex 14.849 12.1649 1.5
    endloop
  endfacet
  facet normal -0.0731702 0.997319 0
    outer loop
      vertex 14.7495 12.1576 1.5
      vertex 14.849 12.1649 0
      vertex 14.7495 12.1576 0
    endloop
  endfacet
  facet normal -0.827243 0.561844 0
    outer loop
      vertex 17.8633 13.9052 0
      vertex 17.9194 13.9878 1.5
      vertex 17.9194 13.9878 0
    endloop
  endfacet
  facet normal -0.827243 0.561844 0
    outer loop
      vertex 17.9194 13.9878 1.5
      vertex 17.8633 13.9052 0
      vertex 17.8633 13.9052 1.5
    endloop
  endfacet
  facet normal 0.68524 0.728318 -0
    outer loop
      vertex 11.727 13.23 0
      vertex 11.6543 13.2984 1.5
      vertex 11.727 13.23 1.5
    endloop
  endfacet
  facet normal 0.68524 0.728318 0
    outer loop
      vertex 11.6543 13.2984 1.5
      vertex 11.727 13.23 0
      vertex 11.6543 13.2984 0
    endloop
  endfacet
  facet normal 0.753073 -0.657937 0
    outer loop
      vertex 11.3807 18.9108 1.5
      vertex 11.4464 18.986 0
      vertex 11.4464 18.986 1.5
    endloop
  endfacet
  facet normal 0.753073 -0.657937 0
    outer loop
      vertex 11.4464 18.986 0
      vertex 11.3807 18.9108 1.5
      vertex 11.3807 18.9108 0
    endloop
  endfacet
  facet normal 0.973299 -0.229542 0
    outer loop
      vertex 10.4981 17.1415 1.5
      vertex 10.521 17.2386 0
      vertex 10.521 17.2386 1.5
    endloop
  endfacet
  facet normal 0.973299 -0.229542 0
    outer loop
      vertex 10.521 17.2386 0
      vertex 10.4981 17.1415 1.5
      vertex 10.4981 17.1415 0
    endloop
  endfacet
  facet normal -0.591798 0.806087 0
    outer loop
      vertex 16.9661 12.9746 0
      vertex 16.8856 12.9155 1.5
      vertex 16.9661 12.9746 1.5
    endloop
  endfacet
  facet normal -0.591798 0.806087 0
    outer loop
      vertex 16.8856 12.9155 1.5
      vertex 16.9661 12.9746 0
      vertex 16.8856 12.9155 0
    endloop
  endfacet
  facet normal -0.983222 -0.182412 0
    outer loop
      vertex 18.5406 16.9456 0
      vertex 18.5224 17.0437 1.5
      vertex 18.5224 17.0437 0
    endloop
  endfacet
  facet normal -0.983222 -0.182412 0
    outer loop
      vertex 18.5224 17.0437 1.5
      vertex 18.5406 16.9456 0
      vertex 18.5406 16.9456 1.5
    endloop
  endfacet
  facet normal 0.900552 0.434749 0
    outer loop
      vertex 10.8311 14.4198 1.5
      vertex 10.7877 14.5097 0
      vertex 10.7877 14.5097 1.5
    endloop
  endfacet
  facet normal 0.900552 0.434749 0
    outer loop
      vertex 10.7877 14.5097 0
      vertex 10.8311 14.4198 1.5
      vertex 10.8311 14.4198 0
    endloop
  endfacet
  facet normal 0.446413 -0.894827 0
    outer loop
      vertex 12.6253 19.8963 0
      vertex 12.7147 19.9409 1.5
      vertex 12.6253 19.8963 1.5
    endloop
  endfacet
  facet normal 0.446413 -0.894827 0
    outer loop
      vertex 12.7147 19.9409 1.5
      vertex 12.6253 19.8963 0
      vertex 12.7147 19.9409 0
    endloop
  endfacet
  facet normal 0.667526 0.744587 -0
    outer loop
      vertex 11.8014 13.1633 0
      vertex 11.727 13.23 1.5
      vertex 11.8014 13.1633 1.5
    endloop
  endfacet
  facet normal 0.667526 0.744587 0
    outer loop
      vertex 11.727 13.23 1.5
      vertex 11.8014 13.1633 0
      vertex 11.727 13.23 0
    endloop
  endfacet
  facet normal -0.768303 0.640086 0
    outer loop
      vertex 17.6193 13.5892 0
      vertex 17.6832 13.6659 1.5
      vertex 17.6832 13.6659 0
    endloop
  endfacet
  facet normal -0.768303 0.640086 0
    outer loop
      vertex 17.6832 13.6659 1.5
      vertex 17.6193 13.5892 0
      vertex 17.6193 13.5892 1.5
    endloop
  endfacet
  facet normal -0.489548 -0.871976 0
    outer loop
      vertex 16.4629 19.8496 0
      vertex 16.55 19.8007 1.5
      vertex 16.4629 19.8496 1.5
    endloop
  endfacet
  facet normal -0.489548 -0.871976 -0
    outer loop
      vertex 16.55 19.8007 1.5
      vertex 16.4629 19.8496 0
      vertex 16.55 19.8007 0
    endloop
  endfacet
  facet normal -0.217461 0.976069 0
    outer loop
      vertex 15.4401 12.2592 0
      vertex 15.3427 12.2375 1.5
      vertex 15.4401 12.2592 1.5
    endloop
  endfacet
  facet normal -0.217461 0.976069 0
    outer loop
      vertex 15.3427 12.2375 1.5
      vertex 15.4401 12.2592 0
      vertex 15.3427 12.2375 0
    endloop
  endfacet
  facet normal 0.241357 -0.970436 0
    outer loop
      vertex 13.463 20.2167 0
      vertex 13.5599 20.2408 1.5
      vertex 13.463 20.2167 1.5
    endloop
  endfacet
  facet normal 0.241357 -0.970436 0
    outer loop
      vertex 13.5599 20.2408 1.5
      vertex 13.463 20.2167 0
      vertex 13.5599 20.2408 0
    endloop
  endfacet
  facet normal -0.929714 -0.368283 0
    outer loop
      vertex 18.3295 17.7146 0
      vertex 18.2927 17.8075 1.5
      vertex 18.2927 17.8075 0
    endloop
  endfacet
  facet normal -0.929714 -0.368283 0
    outer loop
      vertex 18.2927 17.8075 1.5
      vertex 18.3295 17.7146 0
      vertex 18.3295 17.7146 1.5
    endloop
  endfacet
  facet normal -0.946559 -0.322531 0
    outer loop
      vertex 18.3962 17.5265 0
      vertex 18.364 17.621 1.5
      vertex 18.364 17.621 0
    endloop
  endfacet
  facet normal -0.946559 -0.322531 0
    outer loop
      vertex 18.364 17.621 1.5
      vertex 18.3962 17.5265 0
      vertex 18.3962 17.5265 1.5
    endloop
  endfacet
  facet normal 0.28845 -0.957495 0
    outer loop
      vertex 13.2711 20.1615 0
      vertex 13.3667 20.1903 1.5
      vertex 13.2711 20.1615 1.5
    endloop
  endfacet
  facet normal 0.28845 -0.957495 0
    outer loop
      vertex 13.3667 20.1903 1.5
      vertex 13.2711 20.1615 0
      vertex 13.3667 20.1903 0
    endloop
  endfacet
  facet normal 0.920178 -0.391501 0
    outer loop
      vertex 10.7073 17.8075 1.5
      vertex 10.7464 17.8994 0
      vertex 10.7464 17.8994 1.5
    endloop
  endfacet
  facet normal 0.920178 -0.391501 0
    outer loop
      vertex 10.7464 17.8994 0
      vertex 10.7073 17.8075 1.5
      vertex 10.7073 17.8075 0
    endloop
  endfacet
  facet normal 0.571915 0.820313 -0
    outer loop
      vertex 12.1963 12.8584 0
      vertex 12.1144 12.9155 1.5
      vertex 12.1963 12.8584 1.5
    endloop
  endfacet
  facet normal 0.571915 0.820313 0
    outer loop
      vertex 12.1144 12.9155 1.5
      vertex 12.1963 12.8584 0
      vertex 12.1144 12.9155 0
    endloop
  endfacet
  facet normal 0.853579 0.520964 0
    outer loop
      vertex 11.0265 14.0717 1.5
      vertex 10.9745 14.1569 0
      vertex 10.9745 14.1569 1.5
    endloop
  endfacet
  facet normal 0.853579 0.520964 0
    outer loop
      vertex 10.9745 14.1569 0
      vertex 11.0265 14.0717 1.5
      vertex 11.0265 14.0717 0
    endloop
  endfacet
  facet normal 0.736489 0.676449 0
    outer loop
      vertex 11.514 13.4404 1.5
      vertex 11.4464 13.514 0
      vertex 11.4464 13.514 1.5
    endloop
  endfacet
  facet normal 0.736489 0.676449 0
    outer loop
      vertex 11.4464 13.514 0
      vertex 11.514 13.4404 1.5
      vertex 11.514 13.4404 0
    endloop
  endfacet
  facet normal 0.999313 -0.0370487 0
    outer loop
      vertex 10.4012 16.3498 1.5
      vertex 10.4049 16.4496 0
      vertex 10.4049 16.4496 1.5
    endloop
  endfacet
  facet normal 0.999313 -0.0370487 0
    outer loop
      vertex 10.4049 16.4496 0
      vertex 10.4012 16.3498 1.5
      vertex 10.4012 16.3498 0
    endloop
  endfacet
  facet normal 0.489548 0.871976 -0
    outer loop
      vertex 12.5371 12.6504 0
      vertex 12.45 12.6993 1.5
      vertex 12.5371 12.6504 1.5
    endloop
  endfacet
  facet normal 0.489548 0.871976 0
    outer loop
      vertex 12.45 12.6993 1.5
      vertex 12.5371 12.6504 0
      vertex 12.45 12.6993 0
    endloop
  endfacet
  facet normal -0.591798 -0.806087 0
    outer loop
      vertex 16.8856 19.5845 0
      vertex 16.9661 19.5254 1.5
      vertex 16.8856 19.5845 1.5
    endloop
  endfacet
  facet normal -0.591798 -0.806087 -0
    outer loop
      vertex 16.9661 19.5254 1.5
      vertex 16.8856 19.5845 0
      vertex 16.9661 19.5254 0
    endloop
  endfacet
  facet normal 0.998194 -0.0600719 0
    outer loop
      vertex 10.4049 16.4496 1.5
      vertex 10.4109 16.5493 0
      vertex 10.4109 16.5493 1.5
    endloop
  endfacet
  facet normal 0.998194 -0.0600719 0
    outer loop
      vertex 10.4109 16.5493 0
      vertex 10.4049 16.4496 1.5
      vertex 10.4049 16.4496 0
    endloop
  endfacet
  facet normal -0.798797 0.6016 0
    outer loop
      vertex 17.7451 13.7442 0
      vertex 17.8052 13.824 1.5
      vertex 17.8052 13.824 0
    endloop
  endfacet
  facet normal -0.798797 0.6016 0
    outer loop
      vertex 17.8052 13.824 1.5
      vertex 17.7451 13.7442 0
      vertex 17.7451 13.7442 1.5
    endloop
  endfacet
  facet normal 0.953855 0.300269 0
    outer loop
      vertex 10.6038 14.9735 1.5
      vertex 10.5738 15.0688 0
      vertex 10.5738 15.0688 1.5
    endloop
  endfacet
  facet normal 0.953855 0.300269 0
    outer loop
      vertex 10.5738 15.0688 0
      vertex 10.6038 14.9735 1.5
      vertex 10.6038 14.9735 0
    endloop
  endfacet
  facet normal 0.611162 0.791505 -0
    outer loop
      vertex 12.0339 12.9746 0
      vertex 11.9549 13.0356 1.5
      vertex 12.0339 12.9746 1.5
    endloop
  endfacet
  facet normal 0.611162 0.791505 0
    outer loop
      vertex 11.9549 13.0356 1.5
      vertex 12.0339 12.9746 0
      vertex 11.9549 13.0356 0
    endloop
  endfacet
  facet normal -0.16927 0.98557 0
    outer loop
      vertex 15.2447 12.2182 0
      vertex 15.1463 12.2013 1.5
      vertex 15.2447 12.2182 1.5
    endloop
  endfacet
  facet normal -0.16927 0.98557 0
    outer loop
      vertex 15.1463 12.2013 1.5
      vertex 15.2447 12.2182 0
      vertex 15.1463 12.2013 0
    endloop
  endfacet
  facet normal 0.827243 0.561844 0
    outer loop
      vertex 11.1367 13.9052 1.5
      vertex 11.0806 13.9878 0
      vertex 11.0806 13.9878 1.5
    endloop
  endfacet
  facet normal 0.827243 0.561844 0
    outer loop
      vertex 11.0806 13.9878 0
      vertex 11.1367 13.9052 1.5
      vertex 11.1367 13.9052 0
    endloop
  endfacet
  facet normal -0.953855 0.300269 0
    outer loop
      vertex 18.3962 14.9735 0
      vertex 18.4262 15.0688 1.5
      vertex 18.4262 15.0688 0
    endloop
  endfacet
  facet normal -0.953855 0.300269 0
    outer loop
      vertex 18.4262 15.0688 1.5
      vertex 18.3962 14.9735 0
      vertex 18.3962 14.9735 1.5
    endloop
  endfacet
  facet normal -0.840429 0.541922 0
    outer loop
      vertex 17.9194 13.9878 0
      vertex 17.9735 14.0717 1.5
      vertex 17.9735 14.0717 0
    endloop
  endfacet
  facet normal -0.840429 0.541922 0
    outer loop
      vertex 17.9735 14.0717 1.5
      vertex 17.9194 13.9878 0
      vertex 17.9194 13.9878 1.5
    endloop
  endfacet
  facet normal 0.16927 -0.98557 0
    outer loop
      vertex 13.7553 20.2818 0
      vertex 13.8537 20.2987 1.5
      vertex 13.7553 20.2818 1.5
    endloop
  endfacet
  facet normal 0.16927 -0.98557 0
    outer loop
      vertex 13.8537 20.2987 1.5
      vertex 13.7553 20.2818 0
      vertex 13.8537 20.2987 0
    endloop
  endfacet
  facet normal -0.929714 0.368283 0
    outer loop
      vertex 18.2927 14.6925 0
      vertex 18.3295 14.7854 1.5
      vertex 18.3295 14.7854 0
    endloop
  endfacet
  facet normal -0.929714 0.368283 0
    outer loop
      vertex 18.3295 14.7854 1.5
      vertex 18.2927 14.6925 0
      vertex 18.2927 14.6925 1.5
    endloop
  endfacet
  facet normal -0.446413 0.894827 0
    outer loop
      vertex 16.3747 12.6037 0
      vertex 16.2853 12.5591 1.5
      vertex 16.3747 12.6037 1.5
    endloop
  endfacet
  facet normal -0.446413 0.894827 0
    outer loop
      vertex 16.2853 12.5591 1.5
      vertex 16.3747 12.6037 0
      vertex 16.2853 12.5591 0
    endloop
  endfacet
  facet normal -0.0971242 0.995272 0
    outer loop
      vertex 14.9484 12.1746 0
      vertex 14.849 12.1649 1.5
      vertex 14.9484 12.1746 1.5
    endloop
  endfacet
  facet normal -0.0971242 0.995272 0
    outer loop
      vertex 14.849 12.1649 1.5
      vertex 14.9484 12.1746 0
      vertex 14.849 12.1649 0
    endloop
  endfacet
  facet normal -0.357369 -0.933963 0
    outer loop
      vertex 15.9179 20.097 0
      vertex 16.0112 20.0613 1.5
      vertex 15.9179 20.097 1.5
    endloop
  endfacet
  facet normal -0.357369 -0.933963 -0
    outer loop
      vertex 16.0112 20.0613 1.5
      vertex 15.9179 20.097 0
      vertex 16.0112 20.0613 0
    endloop
  endfacet
  facet normal 0.929714 -0.368283 0
    outer loop
      vertex 10.6705 17.7146 1.5
      vertex 10.7073 17.8075 0
      vertex 10.7073 17.8075 1.5
    endloop
  endfacet
  facet normal 0.929714 -0.368283 0
    outer loop
      vertex 10.7073 17.8075 0
      vertex 10.6705 17.7146 1.5
      vertex 10.6705 17.7146 0
    endloop
  endfacet
  facet normal -0.0731702 -0.997319 0
    outer loop
      vertex 14.7495 20.3424 0
      vertex 14.849 20.3351 1.5
      vertex 14.7495 20.3424 1.5
    endloop
  endfacet
  facet normal -0.0731702 -0.997319 -0
    outer loop
      vertex 14.849 20.3351 1.5
      vertex 14.7495 20.3424 0
      vertex 14.849 20.3351 0
    endloop
  endfacet
  facet normal -0.667526 0.744587 0
    outer loop
      vertex 17.273 13.23 0
      vertex 17.1986 13.1633 1.5
      vertex 17.273 13.23 1.5
    endloop
  endfacet
  facet normal -0.667526 0.744587 0
    outer loop
      vertex 17.1986 13.1633 1.5
      vertex 17.273 13.23 0
      vertex 17.1986 13.1633 0
    endloop
  endfacet
  facet normal 0.991096 0.133147 0
    outer loop
      vertex 10.4437 15.653 1.5
      vertex 10.4304 15.752 0
      vertex 10.4304 15.752 1.5
    endloop
  endfacet
  facet normal 0.991096 0.133147 0
    outer loop
      vertex 10.4304 15.752 0
      vertex 10.4437 15.653 1.5
      vertex 10.4437 15.653 0
    endloop
  endfacet
  facet normal -0.866202 0.499694 0
    outer loop
      vertex 18.0255 14.1569 0
      vertex 18.0754 14.2434 1.5
      vertex 18.0754 14.2434 0
    endloop
  endfacet
  facet normal -0.866202 0.499694 0
    outer loop
      vertex 18.0754 14.2434 1.5
      vertex 18.0255 14.1569 0
      vertex 18.0255 14.1569 1.5
    endloop
  endfacet
  facet normal 0.813259 0.581901 0
    outer loop
      vertex 11.1948 13.824 1.5
      vertex 11.1367 13.9052 0
      vertex 11.1367 13.9052 1.5
    endloop
  endfacet
  facet normal 0.813259 0.581901 0
    outer loop
      vertex 11.1367 13.9052 0
      vertex 11.1948 13.824 1.5
      vertex 11.1948 13.824 0
    endloop
  endfacet
  facet normal 0.798797 -0.6016 0
    outer loop
      vertex 11.1948 18.676 1.5
      vertex 11.2549 18.7558 0
      vertex 11.2549 18.7558 1.5
    endloop
  endfacet
  facet normal 0.798797 -0.6016 0
    outer loop
      vertex 11.2549 18.7558 0
      vertex 11.1948 18.676 1.5
      vertex 11.1948 18.676 0
    endloop
  endfacet
  facet normal 0.784472 0.620164 0
    outer loop
      vertex 11.3168 13.6659 1.5
      vertex 11.2549 13.7442 0
      vertex 11.2549 13.7442 1.5
    endloop
  endfacet
  facet normal 0.784472 0.620164 0
    outer loop
      vertex 11.2549 13.7442 0
      vertex 11.3168 13.6659 1.5
      vertex 11.3168 13.6659 0
    endloop
  endfacet
  facet normal -0.193227 0.981154 0
    outer loop
      vertex 15.3427 12.2375 0
      vertex 15.2447 12.2182 1.5
      vertex 15.3427 12.2375 1.5
    endloop
  endfacet
  facet normal -0.193227 0.981154 0
    outer loop
      vertex 15.2447 12.2182 1.5
      vertex 15.3427 12.2375 0
      vertex 15.2447 12.2182 0
    endloop
  endfacet
  facet normal 0.946559 0.322531 0
    outer loop
      vertex 10.636 14.879 1.5
      vertex 10.6038 14.9735 0
      vertex 10.6038 14.9735 1.5
    endloop
  endfacet
  facet normal 0.946559 0.322531 0
    outer loop
      vertex 10.6038 14.9735 0
      vertex 10.636 14.879 1.5
      vertex 10.636 14.879 0
    endloop
  endfacet
  facet normal 0.877819 0.478993 0
    outer loop
      vertex 10.9246 14.2434 1.5
      vertex 10.8768 14.331 0
      vertex 10.8768 14.331 1.5
    endloop
  endfacet
  facet normal 0.877819 0.478993 0
    outer loop
      vertex 10.8768 14.331 0
      vertex 10.9246 14.2434 1.5
      vertex 10.9246 14.2434 0
    endloop
  endfacet
  facet normal 0.987559 0.157248 0
    outer loop
      vertex 10.4594 15.5544 1.5
      vertex 10.4437 15.653 0
      vertex 10.4437 15.653 1.5
    endloop
  endfacet
  facet normal 0.987559 0.157248 0
    outer loop
      vertex 10.4437 15.653 0
      vertex 10.4594 15.5544 1.5
      vertex 10.4594 15.5544 0
    endloop
  endfacet
  facet normal -0.784472 -0.620164 0
    outer loop
      vertex 17.7451 18.7558 0
      vertex 17.6832 18.8341 1.5
      vertex 17.6832 18.8341 0
    endloop
  endfacet
  facet normal -0.784472 -0.620164 0
    outer loop
      vertex 17.6832 18.8341 1.5
      vertex 17.7451 18.7558 0
      vertex 17.7451 18.7558 1.5
    endloop
  endfacet
  facet normal -0.193227 -0.981154 0
    outer loop
      vertex 15.2447 20.2818 0
      vertex 15.3427 20.2625 1.5
      vertex 15.2447 20.2818 1.5
    endloop
  endfacet
  facet normal -0.193227 -0.981154 -0
    outer loop
      vertex 15.3427 20.2625 1.5
      vertex 15.2447 20.2818 0
      vertex 15.3427 20.2625 0
    endloop
  endfacet
  facet normal 0.967617 0.252422 0
    outer loop
      vertex 10.5462 15.1647 1.5
      vertex 10.521 15.2613 0
      vertex 10.521 15.2613 1.5
    endloop
  endfacet
  facet normal 0.967617 0.252422 0
    outer loop
      vertex 10.521 15.2613 0
      vertex 10.5462 15.1647 1.5
      vertex 10.5462 15.1647 0
    endloop
  endfacet
  facet normal -0.53135 -0.847152 0
    outer loop
      vertex 16.6359 19.7497 0
      vertex 16.7204 19.6967 1.5
      vertex 16.6359 19.7497 1.5
    endloop
  endfacet
  facet normal -0.53135 -0.847152 -0
    outer loop
      vertex 16.7204 19.6967 1.5
      vertex 16.6359 19.7497 0
      vertex 16.7204 19.6967 0
    endloop
  endfacet
  facet normal 0.960993 -0.276574 0
    outer loop
      vertex 10.5462 17.3353 1.5
      vertex 10.5738 17.4312 0
      vertex 10.5738 17.4312 1.5
    endloop
  endfacet
  facet normal 0.960993 -0.276574 0
    outer loop
      vertex 10.5738 17.4312 0
      vertex 10.5462 17.3353 1.5
      vertex 10.5462 17.3353 0
    endloop
  endfacet
  facet normal 0.88916 0.457597 0
    outer loop
      vertex 10.8768 14.331 1.5
      vertex 10.8311 14.4198 0
      vertex 10.8311 14.4198 1.5
    endloop
  endfacet
  facet normal 0.88916 0.457597 0
    outer loop
      vertex 10.8311 14.4198 0
      vertex 10.8768 14.331 1.5
      vertex 10.8768 14.331 0
    endloop
  endfacet
  facet normal 0.629688 0.776848 -0
    outer loop
      vertex 11.9549 13.0356 0
      vertex 11.8773 13.0985 1.5
      vertex 11.9549 13.0356 1.5
    endloop
  endfacet
  facet normal 0.629688 0.776848 0
    outer loop
      vertex 11.8773 13.0985 1.5
      vertex 11.9549 13.0356 0
      vertex 11.8773 13.0985 0
    endloop
  endfacet
  facet normal 0.993908 -0.110212 0
    outer loop
      vertex 10.4194 16.6488 1.5
      vertex 10.4304 16.748 0
      vertex 10.4304 16.748 1.5
    endloop
  endfacet
  facet normal 0.993908 -0.110212 0
    outer loop
      vertex 10.4304 16.748 0
      vertex 10.4194 16.6488 1.5
      vertex 10.4194 16.6488 0
    endloop
  endfacet
  facet normal 0.973351 0.229318 0
    outer loop
      vertex 10.521 15.2613 1.5
      vertex 10.4981 15.3585 0
      vertex 10.4981 15.3585 1.5
    endloop
  endfacet
  facet normal 0.973351 0.229318 0
    outer loop
      vertex 10.4981 15.3585 0
      vertex 10.521 15.2613 1.5
      vertex 10.521 15.2613 0
    endloop
  endfacet
  facet normal 0.424639 -0.905363 0
    outer loop
      vertex 12.7147 19.9409 0
      vertex 12.8051 19.9833 1.5
      vertex 12.7147 19.9409 1.5
    endloop
  endfacet
  facet normal 0.424639 -0.905363 0
    outer loop
      vertex 12.8051 19.9833 1.5
      vertex 12.7147 19.9409 0
      vertex 12.8051 19.9833 0
    endloop
  endfacet
  facet normal 0.0731702 0.997319 -0
    outer loop
      vertex 14.2505 12.1576 0
      vertex 14.151 12.1649 1.5
      vertex 14.2505 12.1576 1.5
    endloop
  endfacet
  facet normal 0.0731702 0.997319 0
    outer loop
      vertex 14.151 12.1649 1.5
      vertex 14.2505 12.1576 0
      vertex 14.151 12.1649 0
    endloop
  endfacet
  facet normal 0.424639 0.905363 -0
    outer loop
      vertex 12.8051 12.5167 0
      vertex 12.7147 12.5591 1.5
      vertex 12.8051 12.5167 1.5
    endloop
  endfacet
  facet normal 0.424639 0.905363 0
    outer loop
      vertex 12.7147 12.5591 1.5
      vertex 12.8051 12.5167 0
      vertex 12.7147 12.5591 0
    endloop
  endfacet
  facet normal 0.591798 0.806087 -0
    outer loop
      vertex 12.1144 12.9155 0
      vertex 12.0339 12.9746 1.5
      vertex 12.1144 12.9155 1.5
    endloop
  endfacet
  facet normal 0.591798 0.806087 0
    outer loop
      vertex 12.0339 12.9746 1.5
      vertex 12.1144 12.9155 0
      vertex 12.0339 12.9746 0
    endloop
  endfacet
  facet normal 0.853579 -0.520964 0
    outer loop
      vertex 10.9745 18.3431 1.5
      vertex 11.0265 18.4283 0
      vertex 11.0265 18.4283 1.5
    endloop
  endfacet
  facet normal 0.853579 -0.520964 0
    outer loop
      vertex 11.0265 18.4283 0
      vertex 10.9745 18.3431 1.5
      vertex 10.9745 18.3431 0
    endloop
  endfacet
  facet normal 0.0971242 0.995272 -0
    outer loop
      vertex 14.151 12.1649 0
      vertex 14.0516 12.1746 1.5
      vertex 14.151 12.1649 1.5
    endloop
  endfacet
  facet normal 0.0971242 0.995272 0
    outer loop
      vertex 14.0516 12.1746 1.5
      vertex 14.151 12.1649 0
      vertex 14.0516 12.1746 0
    endloop
  endfacet
  facet normal 0.467934 0.883764 -0
    outer loop
      vertex 12.6253 12.6037 0
      vertex 12.5371 12.6504 1.5
      vertex 12.6253 12.6037 1.5
    endloop
  endfacet
  facet normal 0.467934 0.883764 0
    outer loop
      vertex 12.5371 12.6504 1.5
      vertex 12.6253 12.6037 0
      vertex 12.5371 12.6504 0
    endloop
  endfacet
  facet normal 0.983222 -0.182412 0
    outer loop
      vertex 10.4594 16.9456 1.5
      vertex 10.4776 17.0437 0
      vertex 10.4776 17.0437 1.5
    endloop
  endfacet
  facet normal 0.983222 -0.182412 0
    outer loop
      vertex 10.4776 17.0437 0
      vertex 10.4594 16.9456 1.5
      vertex 10.4594 16.9456 0
    endloop
  endfacet
  facet normal 0.97873 -0.205153 0
    outer loop
      vertex 10.4776 17.0437 1.5
      vertex 10.4981 17.1415 0
      vertex 10.4981 17.1415 1.5
    endloop
  endfacet
  facet normal 0.97873 -0.205153 0
    outer loop
      vertex 10.4981 17.1415 0
      vertex 10.4776 17.0437 1.5
      vertex 10.4776 17.0437 0
    endloop
  endfacet
  facet normal -1 0 0
    outer loop
      vertex 23.5 26.5 4.2
      vertex 23.5 28.4 4
      vertex 23.5 26.5 4
    endloop
  endfacet
  facet normal -1 0 0
    outer loop
      vertex 23.5 28.4 4
      vertex 23.5 26.5 4.2
      vertex 23.5 28.4 9
    endloop
  endfacet
  facet normal -1 -0 0
    outer loop
      vertex 23.5 28.4 9
      vertex 23.5 26.5 4.2
      vertex 23.5 26.5 9
    endloop
  endfacet
  facet normal 0 0 1
    outer loop
      vertex 11 28.4 4
      vertex 13 28.4 4
      vertex 13 31.1 4
    endloop
  endfacet
  facet normal 0 0 1
    outer loop
      vertex 11 28.4 4
      vertex 13 31.1 4
      vertex 11 31.1 4
    endloop
  endfacet
  facet normal 0 0 1
    outer loop
      vertex 13 28.4 4
      vertex 11 28.4 4
      vertex 13 28 4
    endloop
  endfacet
  facet normal 0 0 1
    outer loop
      vertex 13 28 4
      vertex 11 28.4 4
      vertex 11 28 4
    endloop
  endfacet
  facet normal 0 0 1
    outer loop
      vertex 16 28.4 4
      vertex 18 28.4 4
      vertex 18 31.1 4
    endloop
  endfacet
  facet normal 0 0 1
    outer loop
      vertex 16 28.4 4
      vertex 18 31.1 4
      vertex 16 31.1 4
    endloop
  endfacet
  facet normal 0 0 1
    outer loop
      vertex 18 28.4 4
      vertex 16 28.4 4
      vertex 18 28 4
    endloop
  endfacet
  facet normal 0 0 1
    outer loop
      vertex 18 28 4
      vertex 16 28.4 4
      vertex 16 28 4
    endloop
  endfacet
  facet normal 0 0 1
    outer loop
      vertex 11 28.4 4
      vertex 5.5 28.4 4
      vertex 11 28 4
    endloop
  endfacet
  facet normal 0 0 1
    outer loop
      vertex 16 28.4 4
      vertex 13 28.4 4
      vertex 16 28 4
    endloop
  endfacet
  facet normal 0 0 1
    outer loop
      vertex 18 28 4
      vertex 23.5 28.4 4
      vertex 18 28.4 4
    endloop
  endfacet
  facet normal 0 0 1
    outer loop
      vertex 23.5 28.4 4
      vertex 18 28 4
      vertex 23.5 26.5 4
    endloop
  endfacet
  facet normal -0 0 1
    outer loop
      vertex 16 28 4
      vertex 23.5 26.5 4
      vertex 18 28 4
    endloop
  endfacet
  facet normal 0 0 1
    outer loop
      vertex 13 28 4
      vertex 16 28 4
      vertex 13 28.4 4
    endloop
  endfacet
  facet normal 0 0 1
    outer loop
      vertex 16 28 4
      vertex 13 28 4
      vertex 23.5 26.5 4
    endloop
  endfacet
  facet normal 0 0 1
    outer loop
      vertex 5.5 26.5 4
      vertex 13 28 4
      vertex 11 28 4
    endloop
  endfacet
  facet normal 0 0 1
    outer loop
      vertex 5.5 26.5 4
      vertex 11 28 4
      vertex 5.5 28.4 4
    endloop
  endfacet
  facet normal 0 0 1
    outer loop
      vertex 13 28 4
      vertex 5.5 26.5 4
      vertex 23.5 26.5 4
    endloop
  endfacet
  facet normal 1 0 0
    outer loop
      vertex 5.5 26.5 4.2
      vertex 5.5 28.4 9
      vertex 5.5 26.5 9
    endloop
  endfacet
  facet normal 1 0 0
    outer loop
      vertex 5.5 28.4 9
      vertex 5.5 26.5 4.2
      vertex 5.5 28.4 4
    endloop
  endfacet
  facet normal 1 0 0
    outer loop
      vertex 5.5 28.4 4
      vertex 5.5 26.5 4.2
      vertex 5.5 26.5 4
    endloop
  endfacet
  facet normal -1 0 0
    outer loop
      vertex 28.25 11.5 7
      vertex 28.25 16.5 8
      vertex 28.25 16.5 7
    endloop
  endfacet
  facet normal -1 -0 0
    outer loop
      vertex 28.25 16.5 8
      vertex 28.25 11.5 7
      vertex 28.25 11.5 8
    endloop
  endfacet
  facet normal 0 0 -1
    outer loop
      vertex 0.75 11.5 8
      vertex 1.5 16.5 8
      vertex 1.5 11.5 8
    endloop
  endfacet
  facet normal -0 0 -1
    outer loop
      vertex 1.5 16.5 8
      vertex 0.75 11.5 8
      vertex 0.75 16.5 8
    endloop
  endfacet
  facet normal 0 0 -1
    outer loop
      vertex 27.5 11.5 8
      vertex 28.25 16.5 8
      vertex 28.25 11.5 8
    endloop
  endfacet
  facet normal -0 0 -1
    outer loop
      vertex 28.25 16.5 8
      vertex 27.5 11.5 8
      vertex 27.5 16.5 8
    endloop
  endfacet
  facet normal -0 0 1
    outer loop
      vertex 27.5 16.5 7
      vertex 28.25 11.5 7
      vertex 28.25 16.5 7
    endloop
  endfacet
  facet normal 0 0 1
    outer loop
      vertex 28.25 11.5 7
      vertex 27.5 16.5 7
      vertex 27.5 11.5 7
    endloop
  endfacet
  facet normal -0 0 1
    outer loop
      vertex 0.75 16.5 7
      vertex 1.5 11.5 7
      vertex 1.5 16.5 7
    endloop
  endfacet
  facet normal 0 0 1
    outer loop
      vertex 1.5 11.5 7
      vertex 0.75 16.5 7
      vertex 0.75 11.5 7
    endloop
  endfacet
  facet normal 1 -0 0
    outer loop
      vertex 0.75 11.5 8
      vertex 0.75 16.5 7
      vertex 0.75 16.5 8
    endloop
  endfacet
  facet normal 1 0 0
    outer loop
      vertex 0.75 16.5 7
      vertex 0.75 11.5 8
      vertex 0.75 11.5 7
    endloop
  endfacet
  facet normal 0 -1 0
    outer loop
      vertex 0.75 16.5 7
      vertex 1.5 16.5 8
      vertex 0.75 16.5 8
    endloop
  endfacet
  facet normal 0 -1 -0
    outer loop
      vertex 1.5 16.5 8
      vertex 0.75 16.5 7
      vertex 1.5 16.5 7
    endloop
  endfacet
  facet normal 0 -1 0
    outer loop
      vertex 27.5 16.5 7
      vertex 28.25 16.5 8
      vertex 27.5 16.5 8
    endloop
  endfacet
  facet normal 0 -1 -0
    outer loop
      vertex 28.25 16.5 8
      vertex 27.5 16.5 7
      vertex 28.25 16.5 7
    endloop
  endfacet
  facet normal 0 1 -0
    outer loop
      vertex 1.5 11.5 7
      vertex 0.75 11.5 8
      vertex 1.5 11.5 8
    endloop
  endfacet
  facet normal 0 1 0
    outer loop
      vertex 0.75 11.5 8
      vertex 1.5 11.5 7
      vertex 0.75 11.5 7
    endloop
  endfacet
  facet normal 0 1 -0
    outer loop
      vertex 28.25 11.5 7
      vertex 27.5 11.5 8
      vertex 28.25 11.5 8
    endloop
  endfacet
  facet normal 0 1 0
    outer loop
      vertex 27.5 11.5 8
      vertex 28.25 11.5 7
      vertex 27.5 11.5 7
    endloop
  endfacet
  facet normal -0 0.365076 0.930978
    outer loop
      vertex 11 31.7769 3.84295
      vertex 13 31.684 3.87938
      vertex 13 31.7769 3.84295
    endloop
  endfacet
  facet normal 0 0.365076 0.930978
    outer loop
      vertex 13 31.684 3.87938
      vertex 11 31.7769 3.84295
      vertex 11 31.684 3.87938
    endloop
  endfacet
  facet normal -0 0.365076 0.930978
    outer loop
      vertex 16 31.7769 3.84295
      vertex 18 31.684 3.87938
      vertex 18 31.7769 3.84295
    endloop
  endfacet
  facet normal 0 0.365076 0.930978
    outer loop
      vertex 18 31.684 3.87938
      vertex 16 31.7769 3.84295
      vertex 16 31.684 3.87938
    endloop
  endfacet
  facet normal 0 0.921601 -0.388138
    outer loop
      vertex 18 32.823 1.17743
      vertex 16 32.8617 1.26932
      vertex 18 32.8617 1.26932
    endloop
  endfacet
  facet normal 0 0.921601 -0.388138
    outer loop
      vertex 16 32.8617 1.26932
      vertex 18 32.823 1.17743
      vertex 16 32.823 1.17743
    endloop
  endfacet
  facet normal 0 0.921601 -0.388138
    outer loop
      vertex 13 32.823 1.17743
      vertex 11 32.8617 1.26932
      vertex 13 32.8617 1.26932
    endloop
  endfacet
  facet normal 0 0.921601 -0.388138
    outer loop
      vertex 11 32.8617 1.26932
      vertex 13 32.823 1.17743
      vertex 11 32.823 1.17743
    endloop
  endfacet
  facet normal -0 0.698177 0.715925
    outer loop
      vertex 11 32.4317 3.39647
      vertex 13 32.3603 3.4661
      vertex 13 32.4317 3.39647
    endloop
  endfacet
  facet normal 0 0.698177 0.715925
    outer loop
      vertex 13 32.3603 3.4661
      vertex 11 32.4317 3.39647
      vertex 11 32.3603 3.4661
    endloop
  endfacet
  facet normal -0 0.698177 0.715925
    outer loop
      vertex 16 32.4317 3.39647
      vertex 18 32.3603 3.4661
      vertex 18 32.4317 3.39647
    endloop
  endfacet
  facet normal 0 0.698177 0.715925
    outer loop
      vertex 18 32.3603 3.4661
      vertex 16 32.4317 3.39647
      vertex 16 32.3603 3.4661
    endloop
  endfacet
  facet normal 0 0.939395 -0.342837
    outer loop
      vertex 18 32.8617 1.26932
      vertex 16 32.8959 1.36303
      vertex 18 32.8959 1.36303
    endloop
  endfacet
  facet normal 0 0.939395 -0.342837
    outer loop
      vertex 16 32.8959 1.36303
      vertex 18 32.8617 1.26932
      vertex 16 32.8617 1.26932
    endloop
  endfacet
  facet normal 0 0.939395 -0.342837
    outer loop
      vertex 13 32.8617 1.26932
      vertex 11 32.8959 1.36303
      vertex 13 32.8959 1.36303
    endloop
  endfacet
  facet normal 0 0.939395 -0.342837
    outer loop
      vertex 11 32.8959 1.36303
      vertex 13 32.8617 1.26932
      vertex 11 32.8617 1.26932
    endloop
  endfacet
  facet normal 0 0.99506 -0.0992754
    outer loop
      vertex 18 32.9845 1.75131
      vertex 16 32.9944 1.85054
      vertex 18 32.9944 1.85054
    endloop
  endfacet
  facet normal 0 0.99506 -0.0992754
    outer loop
      vertex 16 32.9944 1.85054
      vertex 18 32.9845 1.75131
      vertex 16 32.9845 1.75131
    endloop
  endfacet
  facet normal 0 0.99506 -0.0992754
    outer loop
      vertex 13 32.9845 1.75131
      vertex 11 32.9944 1.85054
      vertex 13 32.9944 1.85054
    endloop
  endfacet
  facet normal 0 0.99506 -0.0992754
    outer loop
      vertex 11 32.9944 1.85054
      vertex 13 32.9845 1.75131
      vertex 11 32.9845 1.75131
    endloop
  endfacet
  facet normal 0 0.988776 0.149404
    outer loop
      vertex 13 32.9845 2.24869
      vertex 11 32.9696 2.3473
      vertex 13 32.9696 2.3473
    endloop
  endfacet
  facet normal 0 0.988776 0.149404
    outer loop
      vertex 11 32.9696 2.3473
      vertex 13 32.9845 2.24869
      vertex 11 32.9845 2.24869
    endloop
  endfacet
  facet normal 0 0.988776 0.149404
    outer loop
      vertex 18 32.9845 2.24869
      vertex 16 32.9696 2.3473
      vertex 18 32.9696 2.3473
    endloop
  endfacet
  facet normal 0 0.988776 0.149404
    outer loop
      vertex 16 32.9696 2.3473
      vertex 18 32.9845 2.24869
      vertex 16 32.9845 2.24869
    endloop
  endfacet
  facet normal 0 0.124278 -0.992247
    outer loop
      vertex 11 31.1991 0.00993824
      vertex 13 31.2981 0.0223379
      vertex 13 31.1991 0.00993824
    endloop
  endfacet
  facet normal 0 0.124278 -0.992247
    outer loop
      vertex 13 31.2981 0.0223379
      vertex 11 31.1991 0.00993824
      vertex 11 31.2981 0.0223379
    endloop
  endfacet
  facet normal 0 0.124278 -0.992247
    outer loop
      vertex 16 31.1991 0.00993824
      vertex 18 31.2981 0.0223379
      vertex 18 31.1991 0.00993824
    endloop
  endfacet
  facet normal 0 0.124278 -0.992247
    outer loop
      vertex 18 31.2981 0.0223379
      vertex 16 31.1991 0.00993824
      vertex 16 31.2981 0.0223379
    endloop
  endfacet
  facet normal 0 0.0747637 -0.997201
    outer loop
      vertex 11 31.1 0.00250836
      vertex 13 31.1991 0.00993824
      vertex 13 31.1 0.00250836
    endloop
  endfacet
  facet normal 0 0.0747637 -0.997201
    outer loop
      vertex 13 31.1991 0.00993824
      vertex 11 31.1 0.00250836
      vertex 11 31.1991 0.00993824
    endloop
  endfacet
  facet normal 0 0.0747637 -0.997201
    outer loop
      vertex 16 31.1 0.00250836
      vertex 18 31.1991 0.00993824
      vertex 18 31.1 0.00250836
    endloop
  endfacet
  facet normal 0 0.0747637 -0.997201
    outer loop
      vertex 18 31.1991 0.00993824
      vertex 16 31.1 0.00250836
      vertex 16 31.1991 0.00993824
    endloop
  endfacet
  facet normal 0 0.318576 -0.947897
    outer loop
      vertex 11 31.5895 0.0888538
      vertex 13 31.684 0.120614
      vertex 13 31.5895 0.0888538
    endloop
  endfacet
  facet normal 0 0.318576 -0.947897
    outer loop
      vertex 13 31.684 0.120614
      vertex 11 31.5895 0.0888538
      vertex 11 31.684 0.120614
    endloop
  endfacet
  facet normal 0 0.318576 -0.947897
    outer loop
      vertex 16 31.5895 0.0888538
      vertex 18 31.684 0.120614
      vertex 18 31.5895 0.0888538
    endloop
  endfacet
  facet normal 0 0.318576 -0.947897
    outer loop
      vertex 18 31.684 0.120614
      vertex 16 31.5895 0.0888538
      vertex 16 31.684 0.120614
    endloop
  endfacet
  facet normal 0 0.998742 0.0501377
    outer loop
      vertex 13 32.9994 2.04986
      vertex 11 32.9944 2.14946
      vertex 13 32.9944 2.14946
    endloop
  endfacet
  facet normal 0 0.998742 0.0501377
    outer loop
      vertex 11 32.9944 2.14946
      vertex 13 32.9994 2.04986
      vertex 11 32.9994 2.04986
    endloop
  endfacet
  facet normal 0 0.998742 0.0501377
    outer loop
      vertex 18 32.9994 2.04986
      vertex 16 32.9944 2.14946
      vertex 18 32.9944 2.14946
    endloop
  endfacet
  facet normal 0 0.998742 0.0501377
    outer loop
      vertex 16 32.9944 2.14946
      vertex 18 32.9994 2.04986
      vertex 16 32.9994 2.04986
    endloop
  endfacet
  facet normal 0 0.270829 -0.962627
    outer loop
      vertex 11 31.4935 0.0618448
      vertex 13 31.5895 0.0888538
      vertex 13 31.4935 0.0618448
    endloop
  endfacet
  facet normal 0 0.270829 -0.962627
    outer loop
      vertex 13 31.5895 0.0888538
      vertex 11 31.4935 0.0618448
      vertex 11 31.5895 0.0888538
    endloop
  endfacet
  facet normal 0 0.270829 -0.962627
    outer loop
      vertex 16 31.4935 0.0618448
      vertex 18 31.5895 0.0888538
      vertex 18 31.4935 0.0618448
    endloop
  endfacet
  facet normal 0 0.270829 -0.962627
    outer loop
      vertex 18 31.5895 0.0888538
      vertex 16 31.4935 0.0618448
      vertex 16 31.5895 0.0888538
    endloop
  endfacet
  facet normal 0 0.583598 -0.812043
    outer loop
      vertex 11 32.1266 0.347522
      vertex 13 32.2076 0.405735
      vertex 13 32.1266 0.347522
    endloop
  endfacet
  facet normal 0 0.583598 -0.812043
    outer loop
      vertex 13 32.2076 0.405735
      vertex 11 32.1266 0.347522
      vertex 11 32.2076 0.405735
    endloop
  endfacet
  facet normal 0 0.583598 -0.812043
    outer loop
      vertex 16 32.1266 0.347522
      vertex 18 32.2076 0.405735
      vertex 18 32.1266 0.347522
    endloop
  endfacet
  facet normal 0 0.583598 -0.812043
    outer loop
      vertex 18 32.2076 0.405735
      vertex 16 32.1266 0.347522
      vertex 16 32.2076 0.405735
    endloop
  endfacet
  facet normal 0 0.968855 0.247628
    outer loop
      vertex 13 32.9499 2.44504
      vertex 11 32.9252 2.54168
      vertex 13 32.9252 2.54168
    endloop
  endfacet
  facet normal 0 0.968855 0.247628
    outer loop
      vertex 11 32.9252 2.54168
      vertex 13 32.9499 2.44504
      vertex 11 32.9499 2.44504
    endloop
  endfacet
  facet normal 0 0.968855 0.247628
    outer loop
      vertex 18 32.9499 2.44504
      vertex 16 32.9252 2.54168
      vertex 18 32.9252 2.54168
    endloop
  endfacet
  facet normal 0 0.968855 0.247628
    outer loop
      vertex 16 32.9252 2.54168
      vertex 18 32.9499 2.44504
      vertex 16 32.9499 2.44504
    endloop
  endfacet
  facet normal -0 0.499827 0.866125
    outer loop
      vertex 16 32.0429 3.70658
      vertex 18 31.9565 3.75644
      vertex 18 32.0429 3.70658
    endloop
  endfacet
  facet normal 0 0.499827 0.866125
    outer loop
      vertex 18 31.9565 3.75644
      vertex 16 32.0429 3.70658
      vertex 16 31.9565 3.75644
    endloop
  endfacet
  facet normal -0 0.499827 0.866125
    outer loop
      vertex 11 32.0429 3.70658
      vertex 13 31.9565 3.75644
      vertex 13 32.0429 3.70658
    endloop
  endfacet
  facet normal 0 0.499827 0.866125
    outer loop
      vertex 13 31.9565 3.75644
      vertex 11 32.0429 3.70658
      vertex 11 31.9565 3.75644
    endloop
  endfacet
  facet normal 0 0.980286 -0.197582
    outer loop
      vertex 13 32.9499 1.55496
      vertex 11 32.9696 1.6527
      vertex 13 32.9696 1.6527
    endloop
  endfacet
  facet normal 0 0.980286 -0.197582
    outer loop
      vertex 11 32.9696 1.6527
      vertex 13 32.9499 1.55496
      vertex 11 32.9499 1.55496
    endloop
  endfacet
  facet normal 0 0.980286 -0.197582
    outer loop
      vertex 18 32.9499 1.55496
      vertex 16 32.9696 1.6527
      vertex 18 32.9696 1.6527
    endloop
  endfacet
  facet normal 0 0.980286 -0.197582
    outer loop
      vertex 16 32.9696 1.6527
      vertex 18 32.9499 1.55496
      vertex 16 32.9499 1.55496
    endloop
  endfacet
  facet normal 0 0.698182 -0.71592
    outer loop
      vertex 16 32.3603 0.533895
      vertex 18 32.4317 0.603526
      vertex 18 32.3603 0.533895
    endloop
  endfacet
  facet normal 0 0.698182 -0.71592
    outer loop
      vertex 18 32.4317 0.603526
      vertex 16 32.3603 0.533895
      vertex 16 32.4317 0.603526
    endloop
  endfacet
  facet normal 0 0.698182 -0.71592
    outer loop
      vertex 11 32.3603 0.533895
      vertex 13 32.4317 0.603526
      vertex 13 32.3603 0.533895
    endloop
  endfacet
  facet normal 0 0.698182 -0.71592
    outer loop
      vertex 13 32.4317 0.603526
      vertex 11 32.3603 0.533895
      vertex 11 32.4317 0.603526
    endloop
  endfacet
  facet normal 0 0.878194 0.478304
    outer loop
      vertex 13 32.7797 2.91242
      vertex 11 32.732 3
      vertex 13 32.732 3
    endloop
  endfacet
  facet normal 0 0.878194 0.478304
    outer loop
      vertex 11 32.732 3
      vertex 13 32.7797 2.91242
      vertex 11 32.7797 2.91242
    endloop
  endfacet
  facet normal 0 0.878194 0.478304
    outer loop
      vertex 18 32.7797 2.91242
      vertex 16 32.732 3
      vertex 18 32.732 3
    endloop
  endfacet
  facet normal 0 0.878194 0.478304
    outer loop
      vertex 16 32.732 3
      vertex 18 32.7797 2.91242
      vertex 16 32.7797 2.91242
    endloop
  endfacet
  facet normal 0 0.921601 0.388138
    outer loop
      vertex 13 32.8617 2.73068
      vertex 11 32.823 2.82257
      vertex 13 32.823 2.82257
    endloop
  endfacet
  facet normal 0 0.921601 0.388138
    outer loop
      vertex 11 32.823 2.82257
      vertex 13 32.8617 2.73068
      vertex 11 32.8617 2.73068
    endloop
  endfacet
  facet normal 0 0.921601 0.388138
    outer loop
      vertex 18 32.8617 2.73068
      vertex 16 32.823 2.82257
      vertex 18 32.823 2.82257
    endloop
  endfacet
  facet normal 0 0.921601 0.388138
    outer loop
      vertex 16 32.823 2.82257
      vertex 18 32.8617 2.73068
      vertex 16 32.8617 2.73068
    endloop
  endfacet
  facet normal 0 0.998742 -0.0501377
    outer loop
      vertex 18 32.9944 1.85054
      vertex 16 32.9994 1.95014
      vertex 18 32.9994 1.95014
    endloop
  endfacet
  facet normal 0 0.998742 -0.0501377
    outer loop
      vertex 16 32.9994 1.95014
      vertex 18 32.9944 1.85054
      vertex 16 32.9944 1.85054
    endloop
  endfacet
  facet normal 0 0.998742 -0.0501377
    outer loop
      vertex 13 32.9944 1.85054
      vertex 11 32.9994 1.95014
      vertex 13 32.9994 1.95014
    endloop
  endfacet
  facet normal 0 0.998742 -0.0501377
    outer loop
      vertex 11 32.9994 1.95014
      vertex 13 32.9944 1.85054
      vertex 11 32.9944 1.85054
    endloop
  endfacet
  facet normal 0 0.542863 -0.839821
    outer loop
      vertex 16 32.0429 0.293418
      vertex 18 32.1266 0.347522
      vertex 18 32.0429 0.293418
    endloop
  endfacet
  facet normal 0 0.542863 -0.839821
    outer loop
      vertex 18 32.1266 0.347522
      vertex 16 32.0429 0.293418
      vertex 16 32.1266 0.347522
    endloop
  endfacet
  facet normal 0 0.542863 -0.839821
    outer loop
      vertex 11 32.0429 0.293418
      vertex 13 32.1266 0.347522
      vertex 13 32.0429 0.293418
    endloop
  endfacet
  facet normal 0 0.542863 -0.839821
    outer loop
      vertex 13 32.1266 0.347522
      vertex 11 32.0429 0.293418
      vertex 11 32.1266 0.347522
    endloop
  endfacet
  facet normal -0 0.270746 0.962651
    outer loop
      vertex 16 31.5895 3.91115
      vertex 18 31.4935 3.93815
      vertex 18 31.5895 3.91115
    endloop
  endfacet
  facet normal 0 0.270746 0.962651
    outer loop
      vertex 18 31.4935 3.93815
      vertex 16 31.5895 3.91115
      vertex 16 31.4935 3.93815
    endloop
  endfacet
  facet normal -0 0.270746 0.962651
    outer loop
      vertex 11 31.5895 3.91115
      vertex 13 31.4935 3.93815
      vertex 13 31.5895 3.91115
    endloop
  endfacet
  facet normal 0 0.270746 0.962651
    outer loop
      vertex 13 31.4935 3.93815
      vertex 11 31.5895 3.91115
      vertex 11 31.4935 3.93815
    endloop
  endfacet
  facet normal -0 0.318664 0.947868
    outer loop
      vertex 11 31.684 3.87938
      vertex 13 31.5895 3.91115
      vertex 13 31.684 3.87938
    endloop
  endfacet
  facet normal 0 0.318664 0.947868
    outer loop
      vertex 13 31.5895 3.91115
      vertex 11 31.684 3.87938
      vertex 11 31.5895 3.91115
    endloop
  endfacet
  facet normal -0 0.318664 0.947868
    outer loop
      vertex 16 31.684 3.87938
      vertex 18 31.5895 3.91115
      vertex 18 31.684 3.87938
    endloop
  endfacet
  facet normal 0 0.318664 0.947868
    outer loop
      vertex 18 31.5895 3.91115
      vertex 16 31.684 3.87938
      vertex 16 31.5895 3.91115
    endloop
  endfacet
  facet normal 0 0.797195 -0.603723
    outer loop
      vertex 18 32.5637 0.75302
      vertex 16 32.6239 0.832512
      vertex 18 32.6239 0.832512
    endloop
  endfacet
  facet normal 0 0.797195 -0.603723
    outer loop
      vertex 16 32.6239 0.832512
      vertex 18 32.5637 0.75302
      vertex 16 32.5637 0.75302
    endloop
  endfacet
  facet normal 0 0.797195 -0.603723
    outer loop
      vertex 13 32.5637 0.75302
      vertex 11 32.6239 0.832512
      vertex 13 32.6239 0.832512
    endloop
  endfacet
  facet normal 0 0.797195 -0.603723
    outer loop
      vertex 11 32.6239 0.832512
      vertex 13 32.5637 0.75302
      vertex 11 32.5637 0.75302
    endloop
  endfacet
  facet normal 0 0.411282 -0.911508
    outer loop
      vertex 11 31.7769 0.157047
      vertex 13 31.8678 0.198062
      vertex 13 31.7769 0.157047
    endloop
  endfacet
  facet normal 0 0.411282 -0.911508
    outer loop
      vertex 13 31.8678 0.198062
      vertex 11 31.7769 0.157047
      vertex 11 31.8678 0.198062
    endloop
  endfacet
  facet normal 0 0.411282 -0.911508
    outer loop
      vertex 16 31.7769 0.157047
      vertex 18 31.8678 0.198062
      vertex 18 31.7769 0.157047
    endloop
  endfacet
  facet normal 0 0.411282 -0.911508
    outer loop
      vertex 18 31.8678 0.198062
      vertex 16 31.7769 0.157047
      vertex 16 31.8678 0.198062
    endloop
  endfacet
  facet normal 0 0.732696 -0.680556
    outer loop
      vertex 18 32.4317 0.603526
      vertex 16 32.4996 0.676628
      vertex 18 32.4996 0.676628
    endloop
  endfacet
  facet normal 0 0.732696 -0.680556
    outer loop
      vertex 16 32.4996 0.676628
      vertex 18 32.4317 0.603526
      vertex 16 32.4317 0.603526
    endloop
  endfacet
  facet normal 0 0.732696 -0.680556
    outer loop
      vertex 13 32.4317 0.603526
      vertex 11 32.4996 0.676628
      vertex 13 32.4996 0.676628
    endloop
  endfacet
  facet normal 0 0.732696 -0.680556
    outer loop
      vertex 11 32.4996 0.676628
      vertex 13 32.4317 0.603526
      vertex 11 32.4317 0.603526
    endloop
  endfacet
  facet normal 0 0.797187 0.603732
    outer loop
      vertex 18 32.6239 3.16749
      vertex 16 32.5637 3.24698
      vertex 18 32.5637 3.24698
    endloop
  endfacet
  facet normal 0 0.797187 0.603732
    outer loop
      vertex 16 32.5637 3.24698
      vertex 18 32.6239 3.16749
      vertex 16 32.6239 3.16749
    endloop
  endfacet
  facet normal 0 0.797187 0.603732
    outer loop
      vertex 13 32.6239 3.16749
      vertex 11 32.5637 3.24698
      vertex 13 32.5637 3.24698
    endloop
  endfacet
  facet normal 0 0.797187 0.603732
    outer loop
      vertex 11 32.5637 3.24698
      vertex 13 32.6239 3.16749
      vertex 11 32.6239 3.16749
    endloop
  endfacet
  facet normal 0 0.732686 0.680566
    outer loop
      vertex 18 32.4996 3.32337
      vertex 16 32.4317 3.39647
      vertex 18 32.4317 3.39647
    endloop
  endfacet
  facet normal 0 0.732686 0.680566
    outer loop
      vertex 16 32.4317 3.39647
      vertex 18 32.4996 3.32337
      vertex 16 32.4996 3.32337
    endloop
  endfacet
  facet normal 0 0.732686 0.680566
    outer loop
      vertex 13 32.4996 3.32337
      vertex 11 32.4317 3.39647
      vertex 13 32.4317 3.39647
    endloop
  endfacet
  facet normal 0 0.732686 0.680566
    outer loop
      vertex 11 32.4317 3.39647
      vertex 13 32.4996 3.32337
      vertex 11 32.4996 3.32337
    endloop
  endfacet
  facet normal 0 1 -0
    outer loop
      vertex 13 32.9994 1.95014
      vertex 11 32.9994 2.04986
      vertex 13 32.9994 2.04986
    endloop
  endfacet
  facet normal 0 1 0
    outer loop
      vertex 11 32.9994 2.04986
      vertex 13 32.9994 1.95014
      vertex 11 32.9994 1.95014
    endloop
  endfacet
  facet normal 0 1 -0
    outer loop
      vertex 18 32.9994 1.95014
      vertex 16 32.9994 2.04986
      vertex 18 32.9994 2.04986
    endloop
  endfacet
  facet normal 0 1 0
    outer loop
      vertex 16 32.9994 2.04986
      vertex 18 32.9994 1.95014
      vertex 16 32.9994 1.95014
    endloop
  endfacet
  facet normal -0 0.173694 0.9848
    outer loop
      vertex 11 31.3963 3.96034
      vertex 13 31.2981 3.97766
      vertex 13 31.3963 3.96034
    endloop
  endfacet
  facet normal 0 0.173694 0.9848
    outer loop
      vertex 13 31.2981 3.97766
      vertex 11 31.3963 3.96034
      vertex 11 31.2981 3.97766
    endloop
  endfacet
  facet normal -0 0.173694 0.9848
    outer loop
      vertex 16 31.3963 3.96034
      vertex 18 31.2981 3.97766
      vertex 18 31.3963 3.96034
    endloop
  endfacet
  facet normal 0 0.173694 0.9848
    outer loop
      vertex 18 31.2981 3.97766
      vertex 16 31.3963 3.96034
      vertex 16 31.2981 3.97766
    endloop
  endfacet
  facet normal 0 0.222567 -0.974917
    outer loop
      vertex 16 31.3963 0.0396547
      vertex 18 31.4935 0.0618448
      vertex 18 31.3963 0.0396547
    endloop
  endfacet
  facet normal 0 0.222567 -0.974917
    outer loop
      vertex 18 31.4935 0.0618448
      vertex 16 31.3963 0.0396547
      vertex 16 31.4935 0.0618448
    endloop
  endfacet
  facet normal 0 0.222567 -0.974917
    outer loop
      vertex 11 31.3963 0.0396547
      vertex 13 31.4935 0.0618448
      vertex 13 31.3963 0.0396547
    endloop
  endfacet
  facet normal 0 0.222567 -0.974917
    outer loop
      vertex 13 31.4935 0.0618448
      vertex 11 31.3963 0.0396547
      vertex 11 31.4935 0.0618448
    endloop
  endfacet
  facet normal 0 0.662029 -0.749478
    outer loop
      vertex 11 32.2856 0.467911
      vertex 13 32.3603 0.533895
      vertex 13 32.2856 0.467911
    endloop
  endfacet
  facet normal 0 0.662029 -0.749478
    outer loop
      vertex 13 32.3603 0.533895
      vertex 11 32.2856 0.467911
      vertex 11 32.3603 0.533895
    endloop
  endfacet
  facet normal 0 0.662029 -0.749478
    outer loop
      vertex 16 32.2856 0.467911
      vertex 18 32.3603 0.533895
      vertex 18 32.2856 0.467911
    endloop
  endfacet
  facet normal 0 0.662029 -0.749478
    outer loop
      vertex 18 32.3603 0.533895
      vertex 16 32.2856 0.467911
      vertex 16 32.3603 0.533895
    endloop
  endfacet
  facet normal 0 0.980286 0.197582
    outer loop
      vertex 13 32.9696 2.3473
      vertex 11 32.9499 2.44504
      vertex 13 32.9499 2.44504
    endloop
  endfacet
  facet normal 0 0.980286 0.197582
    outer loop
      vertex 11 32.9499 2.44504
      vertex 13 32.9696 2.3473
      vertex 11 32.9696 2.3473
    endloop
  endfacet
  facet normal 0 0.980286 0.197582
    outer loop
      vertex 18 32.9696 2.3473
      vertex 16 32.9499 2.44504
      vertex 18 32.9499 2.44504
    endloop
  endfacet
  facet normal 0 0.980286 0.197582
    outer loop
      vertex 16 32.9499 2.44504
      vertex 18 32.9696 2.3473
      vertex 16 32.9696 2.3473
    endloop
  endfacet
  facet normal 0 0.499842 -0.866117
    outer loop
      vertex 16 31.9565 0.243556
      vertex 18 32.0429 0.293418
      vertex 18 31.9565 0.243556
    endloop
  endfacet
  facet normal 0 0.499842 -0.866117
    outer loop
      vertex 18 32.0429 0.293418
      vertex 16 31.9565 0.243556
      vertex 16 32.0429 0.293418
    endloop
  endfacet
  facet normal 0 0.499842 -0.866117
    outer loop
      vertex 11 31.9565 0.243556
      vertex 13 32.0429 0.293418
      vertex 13 31.9565 0.243556
    endloop
  endfacet
  facet normal 0 0.499842 -0.866117
    outer loop
      vertex 13 32.0429 0.293418
      vertex 11 31.9565 0.243556
      vertex 11 32.0429 0.293418
    endloop
  endfacet
  facet normal 0 0.766039 0.642795
    outer loop
      vertex 18 32.5637 3.24698
      vertex 16 32.4996 3.32337
      vertex 18 32.4996 3.32337
    endloop
  endfacet
  facet normal 0 0.766039 0.642795
    outer loop
      vertex 16 32.4996 3.32337
      vertex 18 32.5637 3.24698
      vertex 16 32.5637 3.24698
    endloop
  endfacet
  facet normal 0 0.766039 0.642795
    outer loop
      vertex 13 32.5637 3.24698
      vertex 11 32.4996 3.32337
      vertex 13 32.4996 3.32337
    endloop
  endfacet
  facet normal 0 0.766039 0.642795
    outer loop
      vertex 11 32.4996 3.32337
      vertex 13 32.5637 3.24698
      vertex 11 32.5637 3.24698
    endloop
  endfacet
  facet normal 0 0.968855 -0.247628
    outer loop
      vertex 18 32.9252 1.45832
      vertex 16 32.9499 1.55496
      vertex 18 32.9499 1.55496
    endloop
  endfacet
  facet normal 0 0.968855 -0.247628
    outer loop
      vertex 16 32.9499 1.55496
      vertex 18 32.9252 1.45832
      vertex 16 32.9252 1.45832
    endloop
  endfacet
  facet normal 0 0.968855 -0.247628
    outer loop
      vertex 13 32.9252 1.45832
      vertex 11 32.9499 1.55496
      vertex 13 32.9499 1.55496
    endloop
  endfacet
  facet normal 0 0.968855 -0.247628
    outer loop
      vertex 11 32.9499 1.55496
      vertex 13 32.9252 1.45832
      vertex 11 32.9252 1.45832
    endloop
  endfacet
  facet normal 0 0.173663 -0.984805
    outer loop
      vertex 11 31.2981 0.0223379
      vertex 13 31.3963 0.0396547
      vertex 13 31.2981 0.0223379
    endloop
  endfacet
  facet normal 0 0.173663 -0.984805
    outer loop
      vertex 13 31.3963 0.0396547
      vertex 11 31.2981 0.0223379
      vertex 11 31.3963 0.0396547
    endloop
  endfacet
  facet normal 0 0.173663 -0.984805
    outer loop
      vertex 16 31.2981 0.0223379
      vertex 18 31.3963 0.0396547
      vertex 18 31.2981 0.0223379
    endloop
  endfacet
  facet normal 0 0.173663 -0.984805
    outer loop
      vertex 18 31.3963 0.0396547
      vertex 16 31.2981 0.0223379
      vertex 16 31.3963 0.0396547
    endloop
  endfacet
  facet normal 0 0.766047 -0.642785
    outer loop
      vertex 18 32.4996 0.676628
      vertex 16 32.5637 0.75302
      vertex 18 32.5637 0.75302
    endloop
  endfacet
  facet normal 0 0.766047 -0.642785
    outer loop
      vertex 16 32.5637 0.75302
      vertex 18 32.4996 0.676628
      vertex 16 32.4996 0.676628
    endloop
  endfacet
  facet normal 0 0.766047 -0.642785
    outer loop
      vertex 13 32.4996 0.676628
      vertex 11 32.5637 0.75302
      vertex 13 32.5637 0.75302
    endloop
  endfacet
  facet normal 0 0.766047 -0.642785
    outer loop
      vertex 11 32.5637 0.75302
      vertex 13 32.4996 0.676628
      vertex 11 32.4996 0.676628
    endloop
  endfacet
  facet normal -0 0.583644 0.812009
    outer loop
      vertex 11 32.2076 3.59426
      vertex 13 32.1266 3.65248
      vertex 13 32.2076 3.59426
    endloop
  endfacet
  facet normal 0 0.583644 0.812009
    outer loop
      vertex 13 32.1266 3.65248
      vertex 11 32.2076 3.59426
      vertex 11 32.1266 3.65248
    endloop
  endfacet
  facet normal -0 0.583644 0.812009
    outer loop
      vertex 16 32.2076 3.59426
      vertex 18 32.1266 3.65248
      vertex 18 32.2076 3.59426
    endloop
  endfacet
  facet normal 0 0.583644 0.812009
    outer loop
      vertex 18 32.1266 3.65248
      vertex 16 32.2076 3.59426
      vertex 16 32.1266 3.65248
    endloop
  endfacet
  facet normal 0 0.99506 0.0992754
    outer loop
      vertex 13 32.9944 2.14946
      vertex 11 32.9845 2.24869
      vertex 13 32.9845 2.24869
    endloop
  endfacet
  facet normal 0 0.99506 0.0992754
    outer loop
      vertex 11 32.9845 2.24869
      vertex 13 32.9944 2.14946
      vertex 11 32.9944 2.14946
    endloop
  endfacet
  facet normal 0 0.99506 0.0992754
    outer loop
      vertex 18 32.9944 2.14946
      vertex 16 32.9845 2.24869
      vertex 18 32.9845 2.24869
    endloop
  endfacet
  facet normal 0 0.99506 0.0992754
    outer loop
      vertex 16 32.9845 2.24869
      vertex 18 32.9944 2.14946
      vertex 16 32.9944 2.14946
    endloop
  endfacet
  facet normal 0 0.955835 -0.293903
    outer loop
      vertex 18 32.8959 1.36303
      vertex 16 32.9252 1.45832
      vertex 18 32.9252 1.45832
    endloop
  endfacet
  facet normal 0 0.955835 -0.293903
    outer loop
      vertex 16 32.9252 1.45832
      vertex 18 32.8959 1.36303
      vertex 16 32.8959 1.36303
    endloop
  endfacet
  facet normal 0 0.955835 -0.293903
    outer loop
      vertex 13 32.8959 1.36303
      vertex 11 32.9252 1.45832
      vertex 13 32.9252 1.45832
    endloop
  endfacet
  facet normal 0 0.955835 -0.293903
    outer loop
      vertex 11 32.9252 1.45832
      vertex 13 32.8959 1.36303
      vertex 11 32.8959 1.36303
    endloop
  endfacet
  facet normal 0 0.623325 -0.781963
    outer loop
      vertex 11 32.2076 0.405735
      vertex 13 32.2856 0.467911
      vertex 13 32.2076 0.405735
    endloop
  endfacet
  facet normal 0 0.623325 -0.781963
    outer loop
      vertex 13 32.2856 0.467911
      vertex 11 32.2076 0.405735
      vertex 11 32.2856 0.467911
    endloop
  endfacet
  facet normal 0 0.623325 -0.781963
    outer loop
      vertex 16 32.2076 0.405735
      vertex 18 32.2856 0.467911
      vertex 18 32.2076 0.405735
    endloop
  endfacet
  facet normal 0 0.623325 -0.781963
    outer loop
      vertex 18 32.2856 0.467911
      vertex 16 32.2076 0.405735
      vertex 16 32.2856 0.467911
    endloop
  endfacet
  facet normal -0 0.41124 0.911527
    outer loop
      vertex 16 31.8678 3.80194
      vertex 18 31.7769 3.84295
      vertex 18 31.8678 3.80194
    endloop
  endfacet
  facet normal 0 0.41124 0.911527
    outer loop
      vertex 18 31.7769 3.84295
      vertex 16 31.8678 3.80194
      vertex 16 31.7769 3.84295
    endloop
  endfacet
  facet normal -0 0.41124 0.911527
    outer loop
      vertex 11 31.8678 3.80194
      vertex 13 31.7769 3.84295
      vertex 13 31.8678 3.80194
    endloop
  endfacet
  facet normal 0 0.41124 0.911527
    outer loop
      vertex 13 31.7769 3.84295
      vertex 11 31.8678 3.80194
      vertex 11 31.7769 3.84295
    endloop
  endfacet
  facet normal -0 0.456418 0.889765
    outer loop
      vertex 16 31.9565 3.75644
      vertex 18 31.8678 3.80194
      vertex 18 31.9565 3.75644
    endloop
  endfacet
  facet normal 0 0.456418 0.889765
    outer loop
      vertex 18 31.8678 3.80194
      vertex 16 31.9565 3.75644
      vertex 16 31.8678 3.80194
    endloop
  endfacet
  facet normal -0 0.456418 0.889765
    outer loop
      vertex 11 31.9565 3.75644
      vertex 13 31.8678 3.80194
      vertex 13 31.9565 3.75644
    endloop
  endfacet
  facet normal 0 0.456418 0.889765
    outer loop
      vertex 13 31.8678 3.80194
      vertex 11 31.9565 3.75644
      vertex 11 31.8678 3.80194
    endloop
  endfacet
  facet normal 0 0.900849 -0.434132
    outer loop
      vertex 18 32.7797 1.08758
      vertex 16 32.823 1.17743
      vertex 18 32.823 1.17743
    endloop
  endfacet
  facet normal 0 0.900849 -0.434132
    outer loop
      vertex 16 32.823 1.17743
      vertex 18 32.7797 1.08758
      vertex 16 32.7797 1.08758
    endloop
  endfacet
  facet normal 0 0.900849 -0.434132
    outer loop
      vertex 13 32.7797 1.08758
      vertex 11 32.823 1.17743
      vertex 13 32.823 1.17743
    endloop
  endfacet
  facet normal 0 0.900849 -0.434132
    outer loop
      vertex 11 32.823 1.17743
      vertex 13 32.7797 1.08758
      vertex 11 32.7797 1.08758
    endloop
  endfacet
  facet normal 0 0.826142 0.563461
    outer loop
      vertex 18 32.6801 3.08509
      vertex 16 32.6239 3.16749
      vertex 18 32.6239 3.16749
    endloop
  endfacet
  facet normal 0 0.826142 0.563461
    outer loop
      vertex 16 32.6239 3.16749
      vertex 18 32.6801 3.08509
      vertex 16 32.6801 3.08509
    endloop
  endfacet
  facet normal 0 0.826142 0.563461
    outer loop
      vertex 13 32.6801 3.08509
      vertex 11 32.6239 3.16749
      vertex 13 32.6239 3.16749
    endloop
  endfacet
  facet normal 0 0.826142 0.563461
    outer loop
      vertex 11 32.6239 3.16749
      vertex 13 32.6801 3.08509
      vertex 11 32.6801 3.08509
    endloop
  endfacet
  facet normal 0 0.365102 -0.930968
    outer loop
      vertex 11 31.684 0.120614
      vertex 13 31.7769 0.157047
      vertex 13 31.684 0.120614
    endloop
  endfacet
  facet normal 0 0.365102 -0.930968
    outer loop
      vertex 13 31.7769 0.157047
      vertex 11 31.684 0.120614
      vertex 11 31.7769 0.157047
    endloop
  endfacet
  facet normal 0 0.365102 -0.930968
    outer loop
      vertex 16 31.684 0.120614
      vertex 18 31.7769 0.157047
      vertex 18 31.684 0.120614
    endloop
  endfacet
  facet normal 0 0.365102 -0.930968
    outer loop
      vertex 18 31.7769 0.157047
      vertex 16 31.684 0.120614
      vertex 16 31.7769 0.157047
    endloop
  endfacet
  facet normal 0 0.988776 -0.149404
    outer loop
      vertex 18 32.9696 1.6527
      vertex 16 32.9845 1.75131
      vertex 18 32.9845 1.75131
    endloop
  endfacet
  facet normal 0 0.988776 -0.149404
    outer loop
      vertex 16 32.9845 1.75131
      vertex 18 32.9696 1.6527
      vertex 16 32.9696 1.6527
    endloop
  endfacet
  facet normal 0 0.988776 -0.149404
    outer loop
      vertex 13 32.9696 1.6527
      vertex 11 32.9845 1.75131
      vertex 13 32.9845 1.75131
    endloop
  endfacet
  facet normal 0 0.988776 -0.149404
    outer loop
      vertex 11 32.9845 1.75131
      vertex 13 32.9696 1.6527
      vertex 11 32.9696 1.6527
    endloop
  endfacet
  facet normal -0 0.662063 0.749448
    outer loop
      vertex 11 32.3603 3.4661
      vertex 13 32.2856 3.53209
      vertex 13 32.3603 3.4661
    endloop
  endfacet
  facet normal 0 0.662063 0.749448
    outer loop
      vertex 13 32.2856 3.53209
      vertex 11 32.3603 3.4661
      vertex 11 32.2856 3.53209
    endloop
  endfacet
  facet normal -0 0.662063 0.749448
    outer loop
      vertex 16 32.3603 3.4661
      vertex 18 32.2856 3.53209
      vertex 18 32.3603 3.4661
    endloop
  endfacet
  facet normal 0 0.662063 0.749448
    outer loop
      vertex 18 32.2856 3.53209
      vertex 16 32.3603 3.4661
      vertex 16 32.2856 3.53209
    endloop
  endfacet
  facet normal 0 0.939395 0.342837
    outer loop
      vertex 18 32.8959 2.63697
      vertex 16 32.8617 2.73068
      vertex 18 32.8617 2.73068
    endloop
  endfacet
  facet normal 0 0.939395 0.342837
    outer loop
      vertex 16 32.8617 2.73068
      vertex 18 32.8959 2.63697
      vertex 16 32.8959 2.63697
    endloop
  endfacet
  facet normal 0 0.939395 0.342837
    outer loop
      vertex 13 32.8959 2.63697
      vertex 11 32.8617 2.73068
      vertex 13 32.8617 2.73068
    endloop
  endfacet
  facet normal 0 0.939395 0.342837
    outer loop
      vertex 11 32.8617 2.73068
      vertex 13 32.8959 2.63697
      vertex 11 32.8959 2.63697
    endloop
  endfacet
  facet normal -0 0.623288 0.781992
    outer loop
      vertex 11 32.2856 3.53209
      vertex 13 32.2076 3.59426
      vertex 13 32.2856 3.53209
    endloop
  endfacet
  facet normal 0 0.623288 0.781992
    outer loop
      vertex 13 32.2076 3.59426
      vertex 11 32.2856 3.53209
      vertex 11 32.2076 3.59426
    endloop
  endfacet
  facet normal -0 0.623288 0.781992
    outer loop
      vertex 16 32.2856 3.53209
      vertex 18 32.2076 3.59426
      vertex 18 32.2856 3.53209
    endloop
  endfacet
  facet normal 0 0.623288 0.781992
    outer loop
      vertex 18 32.2076 3.59426
      vertex 16 32.2856 3.53209
      vertex 16 32.2076 3.59426
    endloop
  endfacet
  facet normal 0 0.878194 -0.478304
    outer loop
      vertex 18 32.732 1
      vertex 16 32.7797 1.08758
      vertex 18 32.7797 1.08758
    endloop
  endfacet
  facet normal 0 0.878194 -0.478304
    outer loop
      vertex 16 32.7797 1.08758
      vertex 18 32.732 1
      vertex 16 32.732 1
    endloop
  endfacet
  facet normal 0 0.878194 -0.478304
    outer loop
      vertex 13 32.732 1
      vertex 11 32.7797 1.08758
      vertex 13 32.7797 1.08758
    endloop
  endfacet
  facet normal 0 0.878194 -0.478304
    outer loop
      vertex 11 32.7797 1.08758
      vertex 13 32.732 1
      vertex 11 32.732 1
    endloop
  endfacet
  facet normal 0 0.853734 -0.52071
    outer loop
      vertex 18 32.6801 0.914907
      vertex 16 32.732 1
      vertex 18 32.732 1
    endloop
  endfacet
  facet normal 0 0.853734 -0.52071
    outer loop
      vertex 16 32.732 1
      vertex 18 32.6801 0.914907
      vertex 16 32.6801 0.914907
    endloop
  endfacet
  facet normal 0 0.853734 -0.52071
    outer loop
      vertex 13 32.6801 0.914907
      vertex 11 32.732 1
      vertex 13 32.732 1
    endloop
  endfacet
  facet normal 0 0.853734 -0.52071
    outer loop
      vertex 11 32.732 1
      vertex 13 32.6801 0.914907
      vertex 11 32.6801 0.914907
    endloop
  endfacet
  facet normal -0 0.124281 0.992247
    outer loop
      vertex 11 31.2981 3.97766
      vertex 13 31.1991 3.99006
      vertex 13 31.2981 3.97766
    endloop
  endfacet
  facet normal 0 0.124281 0.992247
    outer loop
      vertex 13 31.1991 3.99006
      vertex 11 31.2981 3.97766
      vertex 11 31.1991 3.99006
    endloop
  endfacet
  facet normal -0 0.124281 0.992247
    outer loop
      vertex 16 31.2981 3.97766
      vertex 18 31.1991 3.99006
      vertex 18 31.2981 3.97766
    endloop
  endfacet
  facet normal 0 0.124281 0.992247
    outer loop
      vertex 18 31.1991 3.99006
      vertex 16 31.2981 3.97766
      vertex 16 31.1991 3.99006
    endloop
  endfacet
  facet normal 0 0.456371 -0.88979
    outer loop
      vertex 16 31.8678 0.198062
      vertex 18 31.9565 0.243556
      vertex 18 31.8678 0.198062
    endloop
  endfacet
  facet normal 0 0.456371 -0.88979
    outer loop
      vertex 18 31.9565 0.243556
      vertex 16 31.8678 0.198062
      vertex 16 31.9565 0.243556
    endloop
  endfacet
  facet normal 0 0.456371 -0.88979
    outer loop
      vertex 11 31.8678 0.198062
      vertex 13 31.9565 0.243556
      vertex 13 31.8678 0.198062
    endloop
  endfacet
  facet normal 0 0.456371 -0.88979
    outer loop
      vertex 13 31.9565 0.243556
      vertex 11 31.8678 0.198062
      vertex 11 31.9565 0.243556
    endloop
  endfacet
  facet normal 0 0.955835 0.293903
    outer loop
      vertex 18 32.9252 2.54168
      vertex 16 32.8959 2.63697
      vertex 18 32.8959 2.63697
    endloop
  endfacet
  facet normal 0 0.955835 0.293903
    outer loop
      vertex 16 32.8959 2.63697
      vertex 18 32.9252 2.54168
      vertex 16 32.9252 2.54168
    endloop
  endfacet
  facet normal 0 0.955835 0.293903
    outer loop
      vertex 13 32.9252 2.54168
      vertex 11 32.8959 2.63697
      vertex 13 32.8959 2.63697
    endloop
  endfacet
  facet normal 0 0.955835 0.293903
    outer loop
      vertex 11 32.8959 2.63697
      vertex 13 32.9252 2.54168
      vertex 11 32.9252 2.54168
    endloop
  endfacet
  facet normal 0 0.900849 0.434132
    outer loop
      vertex 13 32.823 2.82257
      vertex 11 32.7797 2.91242
      vertex 13 32.7797 2.91242
    endloop
  endfacet
  facet normal 0 0.900849 0.434132
    outer loop
      vertex 11 32.7797 2.91242
      vertex 13 32.823 2.82257
      vertex 11 32.823 2.82257
    endloop
  endfacet
  facet normal 0 0.900849 0.434132
    outer loop
      vertex 18 32.823 2.82257
      vertex 16 32.7797 2.91242
      vertex 18 32.7797 2.91242
    endloop
  endfacet
  facet normal 0 0.900849 0.434132
    outer loop
      vertex 16 32.7797 2.91242
      vertex 18 32.823 2.82257
      vertex 16 32.823 2.82257
    endloop
  endfacet
  facet normal 0 0.826127 -0.563485
    outer loop
      vertex 18 32.6239 0.832512
      vertex 16 32.6801 0.914907
      vertex 18 32.6801 0.914907
    endloop
  endfacet
  facet normal 0 0.826127 -0.563485
    outer loop
      vertex 16 32.6801 0.914907
      vertex 18 32.6239 0.832512
      vertex 16 32.6239 0.832512
    endloop
  endfacet
  facet normal 0 0.826127 -0.563485
    outer loop
      vertex 13 32.6239 0.832512
      vertex 11 32.6801 0.914907
      vertex 13 32.6801 0.914907
    endloop
  endfacet
  facet normal 0 0.826127 -0.563485
    outer loop
      vertex 11 32.6801 0.914907
      vertex 13 32.6239 0.832512
      vertex 11 32.6239 0.832512
    endloop
  endfacet
  facet normal -0 0.0747649 0.997201
    outer loop
      vertex 16 31.1991 3.99006
      vertex 18 31.1 3.99749
      vertex 18 31.1991 3.99006
    endloop
  endfacet
  facet normal 0 0.0747649 0.997201
    outer loop
      vertex 18 31.1 3.99749
      vertex 16 31.1991 3.99006
      vertex 16 31.1 3.99749
    endloop
  endfacet
  facet normal -0 0.0747649 0.997201
    outer loop
      vertex 11 31.1991 3.99006
      vertex 13 31.1 3.99749
      vertex 13 31.1991 3.99006
    endloop
  endfacet
  facet normal 0 0.0747649 0.997201
    outer loop
      vertex 13 31.1 3.99749
      vertex 11 31.1991 3.99006
      vertex 11 31.1 3.99749
    endloop
  endfacet
  facet normal 0 0.853725 0.520723
    outer loop
      vertex 18 32.732 3
      vertex 16 32.6801 3.08509
      vertex 18 32.6801 3.08509
    endloop
  endfacet
  facet normal 0 0.853725 0.520723
    outer loop
      vertex 16 32.6801 3.08509
      vertex 18 32.732 3
      vertex 16 32.732 3
    endloop
  endfacet
  facet normal 0 0.853725 0.520723
    outer loop
      vertex 13 32.732 3
      vertex 11 32.6801 3.08509
      vertex 13 32.6801 3.08509
    endloop
  endfacet
  facet normal 0 0.853725 0.520723
    outer loop
      vertex 11 32.6801 3.08509
      vertex 13 32.732 3
      vertex 11 32.732 3
    endloop
  endfacet
  facet normal 1 0 0
    outer loop
      vertex 18 30.4574 3.06036
      vertex 18 31.1 3.99749
      vertex 18 31.1 4
    endloop
  endfacet
  facet normal 1 0 0
    outer loop
      vertex 18 31.1 3.99749
      vertex 18 30.9464 3.08232
      vertex 18 31.0426 3.06036
    endloop
  endfacet
  facet normal 1 0 0
    outer loop
      vertex 18 31.1 3.99749
      vertex 18 30.8486 3.09557
      vertex 18 30.9464 3.08232
    endloop
  endfacet
  facet normal 1 0 0
    outer loop
      vertex 18 31.1 3.99749
      vertex 18 30.75 3.1
      vertex 18 30.8486 3.09557
    endloop
  endfacet
  facet normal 1 0 0
    outer loop
      vertex 18 31.1 3.99749
      vertex 18 30.6514 3.09557
      vertex 18 30.75 3.1
    endloop
  endfacet
  facet normal 1 0 0
    outer loop
      vertex 18 31.1 3.99749
      vertex 18 30.5536 3.08232
      vertex 18 30.6514 3.09557
    endloop
  endfacet
  facet normal 1 0 0
    outer loop
      vertex 18 31.1 3.99749
      vertex 18 30.4574 3.06036
      vertex 18 30.5536 3.08232
    endloop
  endfacet
  facet normal 1 0 0
    outer loop
      vertex 18 31.1 4
      vertex 18 30.3635 3.02986
      vertex 18 30.4574 3.06036
    endloop
  endfacet
  facet normal 1 0 0
    outer loop
      vertex 18 31.1 4
      vertex 18 30.2727 2.99107
      vertex 18 30.3635 3.02986
    endloop
  endfacet
  facet normal 1 -0 0
    outer loop
      vertex 18 28.4 4
      vertex 18 30.2727 2.99107
      vertex 18 31.1 4
    endloop
  endfacet
  facet normal 1 0 0
    outer loop
      vertex 18 30.2727 2.99107
      vertex 18 28.4 4
      vertex 18 30.1858 2.94429
    endloop
  endfacet
  facet normal 1 0 0
    outer loop
      vertex 18 30.1858 2.94429
      vertex 18 28.4 4
      vertex 18 30.1034 2.88992
    endloop
  endfacet
  facet normal 1 0 0
    outer loop
      vertex 18 30.1034 2.88992
      vertex 18 28.4 4
      vertex 18 30.0263 2.82838
    endloop
  endfacet
  facet normal 1 0 0
    outer loop
      vertex 18 29.6511 2.04935
      vertex 18 28.4 4
      vertex 18 29.6511 1.95065
    endloop
  endfacet
  facet normal 1 0 0
    outer loop
      vertex 18 29.66 2.14766
      vertex 18 28.4 4
      vertex 18 29.6511 2.04935
    endloop
  endfacet
  facet normal 1 0 0
    outer loop
      vertex 18 29.6776 2.24477
      vertex 18 28.4 4
      vertex 18 29.66 2.14766
    endloop
  endfacet
  facet normal 1 0 0
    outer loop
      vertex 18 29.7038 2.33992
      vertex 18 28.4 4
      vertex 18 29.6776 2.24477
    endloop
  endfacet
  facet normal 1 0 0
    outer loop
      vertex 18 29.7385 2.43233
      vertex 18 28.4 4
      vertex 18 29.7038 2.33992
    endloop
  endfacet
  facet normal 1 0 0
    outer loop
      vertex 18 29.7813 2.52126
      vertex 18 28.4 4
      vertex 18 29.7385 2.43233
    endloop
  endfacet
  facet normal 1 0 0
    outer loop
      vertex 18 29.832 2.60599
      vertex 18 28.4 4
      vertex 18 29.7813 2.52126
    endloop
  endfacet
  facet normal 1 0 0
    outer loop
      vertex 18 29.89 2.68584
      vertex 18 28.4 4
      vertex 18 29.832 2.60599
    endloop
  endfacet
  facet normal 1 0 0
    outer loop
      vertex 18 29.9549 2.76017
      vertex 18 28.4 4
      vertex 18 29.89 2.68584
    endloop
  endfacet
  facet normal 1 0 0
    outer loop
      vertex 18 30.0263 2.82838
      vertex 18 28.4 4
      vertex 18 29.9549 2.76017
    endloop
  endfacet
  facet normal 1 0 0
    outer loop
      vertex 18 31.8489 2.04935
      vertex 18 32.9994 2.04986
      vertex 18 32.9944 2.14946
    endloop
  endfacet
  facet normal 1 0 0
    outer loop
      vertex 18 32.9994 2.04986
      vertex 18 31.8489 2.04935
      vertex 18 32.9994 1.95014
    endloop
  endfacet
  facet normal 1 0 0
    outer loop
      vertex 18 31.8489 2.04935
      vertex 18 32.9944 2.14946
      vertex 18 32.9845 2.24869
    endloop
  endfacet
  facet normal 1 -0 0
    outer loop
      vertex 18 31.8489 1.95065
      vertex 18 32.9994 1.95014
      vertex 18 31.8489 2.04935
    endloop
  endfacet
  facet normal 1 0 0
    outer loop
      vertex 18 31.84 2.14766
      vertex 18 32.9845 2.24869
      vertex 18 32.9696 2.3473
    endloop
  endfacet
  facet normal 1 0 0
    outer loop
      vertex 18 32.9994 1.95014
      vertex 18 31.8489 1.95065
      vertex 18 32.9944 1.85054
    endloop
  endfacet
  facet normal 1 0 0
    outer loop
      vertex 18 31.84 2.14766
      vertex 18 32.9696 2.3473
      vertex 18 32.9499 2.44504
    endloop
  endfacet
  facet normal 1 0 0
    outer loop
      vertex 18 32.9944 1.85054
      vertex 18 31.8489 1.95065
      vertex 18 32.9845 1.75131
    endloop
  endfacet
  facet normal 1 0 0
    outer loop
      vertex 18 31.8224 2.24477
      vertex 18 32.9499 2.44504
      vertex 18 32.9252 2.54168
    endloop
  endfacet
  facet normal 1 -0 0
    outer loop
      vertex 18 31.84 1.85234
      vertex 18 32.9845 1.75131
      vertex 18 31.8489 1.95065
    endloop
  endfacet
  facet normal 1 0 0
    outer loop
      vertex 18 31.8224 2.24477
      vertex 18 32.9252 2.54168
      vertex 18 32.8959 2.63697
    endloop
  endfacet
  facet normal 1 0 0
    outer loop
      vertex 18 32.9845 1.75131
      vertex 18 31.84 1.85234
      vertex 18 32.9696 1.6527
    endloop
  endfacet
  facet normal 1 0 0
    outer loop
      vertex 18 31.7962 2.33992
      vertex 18 32.8959 2.63697
      vertex 18 32.8617 2.73068
    endloop
  endfacet
  facet normal 1 0 0
    outer loop
      vertex 18 32.9696 1.6527
      vertex 18 31.84 1.85234
      vertex 18 32.9499 1.55496
    endloop
  endfacet
  facet normal 1 0 0
    outer loop
      vertex 18 31.7962 2.33992
      vertex 18 32.8617 2.73068
      vertex 18 32.823 2.82257
    endloop
  endfacet
  facet normal 1 -0 0
    outer loop
      vertex 18 31.8224 1.75523
      vertex 18 32.9499 1.55496
      vertex 18 31.84 1.85234
    endloop
  endfacet
  facet normal 1 0 0
    outer loop
      vertex 18 31.7615 2.43233
      vertex 18 32.823 2.82257
      vertex 18 32.7797 2.91242
    endloop
  endfacet
  facet normal 1 0 0
    outer loop
      vertex 18 32.9499 1.55496
      vertex 18 31.8224 1.75523
      vertex 18 32.9252 1.45832
    endloop
  endfacet
  facet normal 1 0 0
    outer loop
      vertex 18 31.7615 2.43233
      vertex 18 32.7797 2.91242
      vertex 18 32.732 3
    endloop
  endfacet
  facet normal 1 0 0
    outer loop
      vertex 18 32.9252 1.45832
      vertex 18 31.8224 1.75523
      vertex 18 32.8959 1.36303
    endloop
  endfacet
  facet normal 1 0 0
    outer loop
      vertex 18 31.7187 2.52126
      vertex 18 32.732 3
      vertex 18 32.6801 3.08509
    endloop
  endfacet
  facet normal 1 -0 0
    outer loop
      vertex 18 31.7962 1.66008
      vertex 18 32.8959 1.36303
      vertex 18 31.8224 1.75523
    endloop
  endfacet
  facet normal 1 0 0
    outer loop
      vertex 18 31.7187 2.52126
      vertex 18 32.6801 3.08509
      vertex 18 32.6239 3.16749
    endloop
  endfacet
  facet normal 1 0 0
    outer loop
      vertex 18 32.8959 1.36303
      vertex 18 31.7962 1.66008
      vertex 18 32.8617 1.26932
    endloop
  endfacet
  facet normal 1 0 0
    outer loop
      vertex 18 31.668 2.60599
      vertex 18 32.6239 3.16749
      vertex 18 32.5637 3.24698
    endloop
  endfacet
  facet normal 1 0 0
    outer loop
      vertex 18 32.8617 1.26932
      vertex 18 31.7962 1.66008
      vertex 18 32.823 1.17743
    endloop
  endfacet
  facet normal 1 0 0
    outer loop
      vertex 18 31.668 2.60599
      vertex 18 32.5637 3.24698
      vertex 18 32.4996 3.32337
    endloop
  endfacet
  facet normal 1 -0 0
    outer loop
      vertex 18 31.7615 1.56767
      vertex 18 32.823 1.17743
      vertex 18 31.7962 1.66008
    endloop
  endfacet
  facet normal 1 0 0
    outer loop
      vertex 18 31.61 2.68584
      vertex 18 32.4996 3.32337
      vertex 18 32.4317 3.39647
    endloop
  endfacet
  facet normal 1 0 0
    outer loop
      vertex 18 32.823 1.17743
      vertex 18 31.7615 1.56767
      vertex 18 32.7797 1.08758
    endloop
  endfacet
  facet normal 1 0 0
    outer loop
      vertex 18 31.61 2.68584
      vertex 18 32.4317 3.39647
      vertex 18 32.3603 3.4661
    endloop
  endfacet
  facet normal 1 0 0
    outer loop
      vertex 18 32.7797 1.08758
      vertex 18 31.7615 1.56767
      vertex 18 32.732 1
    endloop
  endfacet
  facet normal 1 0 0
    outer loop
      vertex 18 31.5451 2.76017
      vertex 18 32.3603 3.4661
      vertex 18 32.2856 3.53209
    endloop
  endfacet
  facet normal 1 -0 0
    outer loop
      vertex 18 31.7187 1.47874
      vertex 18 32.732 1
      vertex 18 31.7615 1.56767
    endloop
  endfacet
  facet normal 1 0 0
    outer loop
      vertex 18 31.5451 2.76017
      vertex 18 32.2856 3.53209
      vertex 18 32.2076 3.59426
    endloop
  endfacet
  facet normal 1 0 0
    outer loop
      vertex 18 32.732 1
      vertex 18 31.7187 1.47874
      vertex 18 32.6801 0.914907
    endloop
  endfacet
  facet normal 1 0 0
    outer loop
      vertex 18 31.4737 2.82838
      vertex 18 32.2076 3.59426
      vertex 18 32.1266 3.65248
    endloop
  endfacet
  facet normal 1 0 0
    outer loop
      vertex 18 32.6801 0.914907
      vertex 18 31.7187 1.47874
      vertex 18 32.6239 0.832512
    endloop
  endfacet
  facet normal 1 0 0
    outer loop
      vertex 18 31.4737 2.82838
      vertex 18 32.1266 3.65248
      vertex 18 32.0429 3.70658
    endloop
  endfacet
  facet normal 1 -0 0
    outer loop
      vertex 18 31.668 1.39401
      vertex 18 32.6239 0.832512
      vertex 18 31.7187 1.47874
    endloop
  endfacet
  facet normal 1 0 0
    outer loop
      vertex 18 31.3966 2.88992
      vertex 18 32.0429 3.70658
      vertex 18 31.9565 3.75644
    endloop
  endfacet
  facet normal 1 0 0
    outer loop
      vertex 18 32.6239 0.832512
      vertex 18 31.668 1.39401
      vertex 18 32.5637 0.75302
    endloop
  endfacet
  facet normal 1 0 0
    outer loop
      vertex 18 31.3966 2.88992
      vertex 18 31.9565 3.75644
      vertex 18 31.8678 3.80194
    endloop
  endfacet
  facet normal 1 0 0
    outer loop
      vertex 18 32.5637 0.75302
      vertex 18 31.668 1.39401
      vertex 18 32.4996 0.676628
    endloop
  endfacet
  facet normal 1 -0 0
    outer loop
      vertex 18 31.61 1.31416
      vertex 18 32.4996 0.676628
      vertex 18 31.668 1.39401
    endloop
  endfacet
  facet normal 1 0 0
    outer loop
      vertex 18 32.9845 2.24869
      vertex 18 31.84 2.14766
      vertex 18 31.8489 2.04935
    endloop
  endfacet
  facet normal 1 0 0
    outer loop
      vertex 18 32.9499 2.44504
      vertex 18 31.8224 2.24477
      vertex 18 31.84 2.14766
    endloop
  endfacet
  facet normal 1 0 0
    outer loop
      vertex 18 32.8959 2.63697
      vertex 18 31.7962 2.33992
      vertex 18 31.8224 2.24477
    endloop
  endfacet
  facet normal 1 0 0
    outer loop
      vertex 18 31.3142 2.94429
      vertex 18 31.8678 3.80194
      vertex 18 31.7769 3.84295
    endloop
  endfacet
  facet normal 1 0 0
    outer loop
      vertex 18 32.823 2.82257
      vertex 18 31.7615 2.43233
      vertex 18 31.7962 2.33992
    endloop
  endfacet
  facet normal 1 0 0
    outer loop
      vertex 18 32.732 3
      vertex 18 31.7187 2.52126
      vertex 18 31.7615 2.43233
    endloop
  endfacet
  facet normal 1 0 0
    outer loop
      vertex 18 31.3142 2.94429
      vertex 18 31.7769 3.84295
      vertex 18 31.684 3.87938
    endloop
  endfacet
  facet normal 1 0 0
    outer loop
      vertex 18 32.6239 3.16749
      vertex 18 31.668 2.60599
      vertex 18 31.7187 2.52126
    endloop
  endfacet
  facet normal 1 0 0
    outer loop
      vertex 18 32.4996 3.32337
      vertex 18 31.61 2.68584
      vertex 18 31.668 2.60599
    endloop
  endfacet
  facet normal 1 0 0
    outer loop
      vertex 18 31.2273 2.99107
      vertex 18 31.684 3.87938
      vertex 18 31.5895 3.91115
    endloop
  endfacet
  facet normal 1 0 0
    outer loop
      vertex 18 32.3603 3.4661
      vertex 18 31.5451 2.76017
      vertex 18 31.61 2.68584
    endloop
  endfacet
  facet normal 1 0 0
    outer loop
      vertex 18 31.2273 2.99107
      vertex 18 31.5895 3.91115
      vertex 18 31.4935 3.93815
    endloop
  endfacet
  facet normal 1 0 0
    outer loop
      vertex 18 32.2076 3.59426
      vertex 18 31.4737 2.82838
      vertex 18 31.5451 2.76017
    endloop
  endfacet
  facet normal 1 0 0
    outer loop
      vertex 18 32.0429 3.70658
      vertex 18 31.3966 2.88992
      vertex 18 31.4737 2.82838
    endloop
  endfacet
  facet normal 1 0 0
    outer loop
      vertex 18 31.1365 3.02986
      vertex 18 31.4935 3.93815
      vertex 18 31.3963 3.96034
    endloop
  endfacet
  facet normal 1 0 0
    outer loop
      vertex 18 31.8678 3.80194
      vertex 18 31.3142 2.94429
      vertex 18 31.3966 2.88992
    endloop
  endfacet
  facet normal 1 0 0
    outer loop
      vertex 18 31.1365 3.02986
      vertex 18 31.3963 3.96034
      vertex 18 31.2981 3.97766
    endloop
  endfacet
  facet normal 1 0 0
    outer loop
      vertex 18 31.684 3.87938
      vertex 18 31.2273 2.99107
      vertex 18 31.3142 2.94429
    endloop
  endfacet
  facet normal 1 0 0
    outer loop
      vertex 18 31.0426 3.06036
      vertex 18 31.2981 3.97766
      vertex 18 31.1991 3.99006
    endloop
  endfacet
  facet normal 1 0 0
    outer loop
      vertex 18 31.4935 3.93815
      vertex 18 31.1365 3.02986
      vertex 18 31.2273 2.99107
    endloop
  endfacet
  facet normal 1 0 0
    outer loop
      vertex 18 31.0426 3.06036
      vertex 18 31.1991 3.99006
      vertex 18 31.1 3.99749
    endloop
  endfacet
  facet normal 1 0 0
    outer loop
      vertex 18 31.2981 3.97766
      vertex 18 31.0426 3.06036
      vertex 18 31.1365 3.02986
    endloop
  endfacet
  facet normal 1 0 0
    outer loop
      vertex 18 32.4996 0.676628
      vertex 18 31.61 1.31416
      vertex 18 32.4317 0.603526
    endloop
  endfacet
  facet normal 1 0 0
    outer loop
      vertex 18 32.4317 0.603526
      vertex 18 31.61 1.31416
      vertex 18 32.3603 0.533895
    endloop
  endfacet
  facet normal 1 -0 0
    outer loop
      vertex 18 31.5451 1.23983
      vertex 18 32.3603 0.533895
      vertex 18 31.61 1.31416
    endloop
  endfacet
  facet normal 1 0 0
    outer loop
      vertex 18 32.3603 0.533895
      vertex 18 31.5451 1.23983
      vertex 18 32.2856 0.467911
    endloop
  endfacet
  facet normal 1 0 0
    outer loop
      vertex 18 32.2856 0.467911
      vertex 18 31.5451 1.23983
      vertex 18 32.2076 0.405735
    endloop
  endfacet
  facet normal 1 -0 0
    outer loop
      vertex 18 31.4737 1.17162
      vertex 18 32.2076 0.405735
      vertex 18 31.5451 1.23983
    endloop
  endfacet
  facet normal 1 0 0
    outer loop
      vertex 18 32.2076 0.405735
      vertex 18 31.4737 1.17162
      vertex 18 32.1266 0.347522
    endloop
  endfacet
  facet normal 1 0 0
    outer loop
      vertex 18 32.1266 0.347522
      vertex 18 31.4737 1.17162
      vertex 18 32.0429 0.293418
    endloop
  endfacet
  facet normal 1 -0 0
    outer loop
      vertex 18 31.3966 1.11008
      vertex 18 32.0429 0.293418
      vertex 18 31.4737 1.17162
    endloop
  endfacet
  facet normal 1 0 0
    outer loop
      vertex 18 32.0429 0.293418
      vertex 18 31.3966 1.11008
      vertex 18 31.9565 0.243556
    endloop
  endfacet
  facet normal 1 0 0
    outer loop
      vertex 18 31.9565 0.243556
      vertex 18 31.3966 1.11008
      vertex 18 31.8678 0.198062
    endloop
  endfacet
  facet normal 1 -0 0
    outer loop
      vertex 18 31.3142 1.05571
      vertex 18 31.8678 0.198062
      vertex 18 31.3966 1.11008
    endloop
  endfacet
  facet normal 1 0 0
    outer loop
      vertex 18 31.8678 0.198062
      vertex 18 31.3142 1.05571
      vertex 18 31.7769 0.157047
    endloop
  endfacet
  facet normal 1 0 0
    outer loop
      vertex 18 31.7769 0.157047
      vertex 18 31.3142 1.05571
      vertex 18 31.684 0.120614
    endloop
  endfacet
  facet normal 1 -0 0
    outer loop
      vertex 18 31.2273 1.00893
      vertex 18 31.684 0.120614
      vertex 18 31.3142 1.05571
    endloop
  endfacet
  facet normal 1 0 0
    outer loop
      vertex 18 31.684 0.120614
      vertex 18 31.2273 1.00893
      vertex 18 31.5895 0.0888538
    endloop
  endfacet
  facet normal 1 0 0
    outer loop
      vertex 18 31.5895 0.0888538
      vertex 18 31.2273 1.00893
      vertex 18 31.4935 0.0618448
    endloop
  endfacet
  facet normal 1 -0 0
    outer loop
      vertex 18 31.1365 0.970141
      vertex 18 31.4935 0.0618448
      vertex 18 31.2273 1.00893
    endloop
  endfacet
  facet normal 1 0 0
    outer loop
      vertex 18 31.4935 0.0618448
      vertex 18 31.1365 0.970141
      vertex 18 31.3963 0.0396547
    endloop
  endfacet
  facet normal 1 0 0
    outer loop
      vertex 18 31.3963 0.0396547
      vertex 18 31.1365 0.970141
      vertex 18 31.2981 0.0223379
    endloop
  endfacet
  facet normal 1 -0 0
    outer loop
      vertex 18 31.0426 0.93964
      vertex 18 31.2981 0.0223379
      vertex 18 31.1365 0.970141
    endloop
  endfacet
  facet normal 1 0 0
    outer loop
      vertex 18 31.2981 0.0223379
      vertex 18 31.0426 0.93964
      vertex 18 31.1991 0.00993824
    endloop
  endfacet
  facet normal 1 0 0
    outer loop
      vertex 18 31.1991 0.00993824
      vertex 18 31.0426 0.93964
      vertex 18 31.1 0.00250836
    endloop
  endfacet
  facet normal 1 -0 0
    outer loop
      vertex 18 30.9464 0.917677
      vertex 18 31.1 0.00250836
      vertex 18 31.0426 0.93964
    endloop
  endfacet
  facet normal 1 -0 0
    outer loop
      vertex 18 30.8486 0.904428
      vertex 18 31.1 0.00250836
      vertex 18 30.9464 0.917677
    endloop
  endfacet
  facet normal 1 -0 0
    outer loop
      vertex 18 30.75 0.9
      vertex 18 31.1 0.00250836
      vertex 18 30.8486 0.904428
    endloop
  endfacet
  facet normal 1 0 0
    outer loop
      vertex 18 30.6514 0.904428
      vertex 18 31.1 0.00250836
      vertex 18 30.75 0.9
    endloop
  endfacet
  facet normal 1 0 0
    outer loop
      vertex 18 30.5536 0.917677
      vertex 18 31.1 0.00250836
      vertex 18 30.6514 0.904428
    endloop
  endfacet
  facet normal 1 0 0
    outer loop
      vertex 18 30.4574 0.93964
      vertex 18 31.1 0.00250836
      vertex 18 30.5536 0.917677
    endloop
  endfacet
  facet normal 1 0 0
    outer loop
      vertex 18 31.1 0.00250836
      vertex 18 30.4574 0.93964
      vertex 18 31.1 0
    endloop
  endfacet
  facet normal 1 0 0
    outer loop
      vertex 18 30.3635 0.970141
      vertex 18 31.1 0
      vertex 18 30.4574 0.93964
    endloop
  endfacet
  facet normal 1 0 0
    outer loop
      vertex 18 30.2727 1.00893
      vertex 18 31.1 0
      vertex 18 30.3635 0.970141
    endloop
  endfacet
  facet normal 1 0 0
    outer loop
      vertex 18 28.4 0
      vertex 18 30.2727 1.00893
      vertex 18 30.1858 1.05571
    endloop
  endfacet
  facet normal 1 0 0
    outer loop
      vertex 18 28.4 0
      vertex 18 30.1858 1.05571
      vertex 18 30.1034 1.11008
    endloop
  endfacet
  facet normal 1 0 0
    outer loop
      vertex 18 28.4 0
      vertex 18 30.1034 1.11008
      vertex 18 30.0263 1.17162
    endloop
  endfacet
  facet normal 1 0 0
    outer loop
      vertex 18 28.4 0
      vertex 18 30.0263 1.17162
      vertex 18 29.9549 1.23983
    endloop
  endfacet
  facet normal 1 0 0
    outer loop
      vertex 18 28.4 0
      vertex 18 29.6511 1.95065
      vertex 18 28.4 4
    endloop
  endfacet
  facet normal 1 0 0
    outer loop
      vertex 18 29.6511 1.95065
      vertex 18 28.4 0
      vertex 18 29.66 1.85234
    endloop
  endfacet
  facet normal 1 0 0
    outer loop
      vertex 18 29.66 1.85234
      vertex 18 28.4 0
      vertex 18 29.6776 1.75523
    endloop
  endfacet
  facet normal 1 0 0
    outer loop
      vertex 18 29.6776 1.75523
      vertex 18 28.4 0
      vertex 18 29.7038 1.66008
    endloop
  endfacet
  facet normal 1 0 0
    outer loop
      vertex 18 29.7038 1.66008
      vertex 18 28.4 0
      vertex 18 29.7385 1.56767
    endloop
  endfacet
  facet normal 1 0 0
    outer loop
      vertex 18 30.2727 1.00893
      vertex 18 28.4 0
      vertex 18 31.1 0
    endloop
  endfacet
  facet normal 1 0 0
    outer loop
      vertex 18 29.89 1.31416
      vertex 18 28.4 0
      vertex 18 29.9549 1.23983
    endloop
  endfacet
  facet normal 1 0 0
    outer loop
      vertex 18 29.832 1.39401
      vertex 18 28.4 0
      vertex 18 29.89 1.31416
    endloop
  endfacet
  facet normal 1 0 0
    outer loop
      vertex 18 29.7813 1.47874
      vertex 18 28.4 0
      vertex 18 29.832 1.39401
    endloop
  endfacet
  facet normal 1 0 0
    outer loop
      vertex 18 29.7385 1.56767
      vertex 18 28.4 0
      vertex 18 29.7813 1.47874
    endloop
  endfacet
  facet normal -0 0.222566 0.974918
    outer loop
      vertex 16 31.4935 3.93815
      vertex 18 31.3963 3.96034
      vertex 18 31.4935 3.93815
    endloop
  endfacet
  facet normal 0 0.222566 0.974918
    outer loop
      vertex 18 31.3963 3.96034
      vertex 16 31.4935 3.93815
      vertex 16 31.3963 3.96034
    endloop
  endfacet
  facet normal -0 0.222566 0.974918
    outer loop
      vertex 11 31.4935 3.93815
      vertex 13 31.3963 3.96034
      vertex 13 31.4935 3.93815
    endloop
  endfacet
  facet normal 0 0.222566 0.974918
    outer loop
      vertex 13 31.3963 3.96034
      vertex 11 31.4935 3.93815
      vertex 11 31.3963 3.96034
    endloop
  endfacet
  facet normal -1 0 0
    outer loop
      vertex 11 30.4574 0.93964
      vertex 11 31.1 0.00250836
      vertex 11 31.1 0
    endloop
  endfacet
  facet normal -1 0 0
    outer loop
      vertex 11 31.1 0.00250836
      vertex 11 30.9464 0.917677
      vertex 11 31.0426 0.93964
    endloop
  endfacet
  facet normal -1 0 0
    outer loop
      vertex 11 31.1 0.00250836
      vertex 11 30.8486 0.904428
      vertex 11 30.9464 0.917677
    endloop
  endfacet
  facet normal -1 0 0
    outer loop
      vertex 11 31.1 0.00250836
      vertex 11 30.75 0.9
      vertex 11 30.8486 0.904428
    endloop
  endfacet
  facet normal -1 0 0
    outer loop
      vertex 11 31.1 0.00250836
      vertex 11 30.6514 0.904428
      vertex 11 30.75 0.9
    endloop
  endfacet
  facet normal -1 0 0
    outer loop
      vertex 11 31.1 0.00250836
      vertex 11 30.5536 0.917677
      vertex 11 30.6514 0.904428
    endloop
  endfacet
  facet normal -1 0 0
    outer loop
      vertex 11 31.1 0.00250836
      vertex 11 30.4574 0.93964
      vertex 11 30.5536 0.917677
    endloop
  endfacet
  facet normal -1 0 0
    outer loop
      vertex 11 31.1 0
      vertex 11 30.3635 0.970141
      vertex 11 30.4574 0.93964
    endloop
  endfacet
  facet normal -1 0 0
    outer loop
      vertex 11 31.1 0
      vertex 11 30.2727 1.00893
      vertex 11 30.3635 0.970141
    endloop
  endfacet
  facet normal -1 0 0
    outer loop
      vertex 11 28.4 0
      vertex 11 30.2727 1.00893
      vertex 11 31.1 0
    endloop
  endfacet
  facet normal -1 -0 0
    outer loop
      vertex 11 30.2727 1.00893
      vertex 11 28.4 0
      vertex 11 30.1858 1.05571
    endloop
  endfacet
  facet normal -1 -0 0
    outer loop
      vertex 11 30.1858 1.05571
      vertex 11 28.4 0
      vertex 11 30.1034 1.11008
    endloop
  endfacet
  facet normal -1 -0 0
    outer loop
      vertex 11 30.1034 1.11008
      vertex 11 28.4 0
      vertex 11 30.0263 1.17162
    endloop
  endfacet
  facet normal -1 -0 0
    outer loop
      vertex 11 29.6511 1.95065
      vertex 11 28.4 0
      vertex 11 29.6511 2.04935
    endloop
  endfacet
  facet normal -1 -0 0
    outer loop
      vertex 11 29.66 1.85234
      vertex 11 28.4 0
      vertex 11 29.6511 1.95065
    endloop
  endfacet
  facet normal -1 -0 0
    outer loop
      vertex 11 29.6776 1.75523
      vertex 11 28.4 0
      vertex 11 29.66 1.85234
    endloop
  endfacet
  facet normal -1 -0 0
    outer loop
      vertex 11 29.7038 1.66008
      vertex 11 28.4 0
      vertex 11 29.6776 1.75523
    endloop
  endfacet
  facet normal -1 -0 0
    outer loop
      vertex 11 29.7385 1.56767
      vertex 11 28.4 0
      vertex 11 29.7038 1.66008
    endloop
  endfacet
  facet normal -1 -0 0
    outer loop
      vertex 11 29.7813 1.47874
      vertex 11 28.4 0
      vertex 11 29.7385 1.56767
    endloop
  endfacet
  facet normal -1 -0 0
    outer loop
      vertex 11 29.832 1.39401
      vertex 11 28.4 0
      vertex 11 29.7813 1.47874
    endloop
  endfacet
  facet normal -1 -0 0
    outer loop
      vertex 11 29.89 1.31416
      vertex 11 28.4 0
      vertex 11 29.832 1.39401
    endloop
  endfacet
  facet normal -1 -0 0
    outer loop
      vertex 11 29.9549 1.23983
      vertex 11 28.4 0
      vertex 11 29.89 1.31416
    endloop
  endfacet
  facet normal -1 -0 0
    outer loop
      vertex 11 30.0263 1.17162
      vertex 11 28.4 0
      vertex 11 29.9549 1.23983
    endloop
  endfacet
  facet normal -1 0 0
    outer loop
      vertex 11 31.8489 1.95065
      vertex 11 32.9994 1.95014
      vertex 11 32.9944 1.85054
    endloop
  endfacet
  facet normal -1 0 0
    outer loop
      vertex 11 32.9994 1.95014
      vertex 11 31.8489 1.95065
      vertex 11 32.9994 2.04986
    endloop
  endfacet
  facet normal -1 0 0
    outer loop
      vertex 11 31.8489 1.95065
      vertex 11 32.9944 1.85054
      vertex 11 32.9845 1.75131
    endloop
  endfacet
  facet normal -1 0 0
    outer loop
      vertex 11 31.8489 2.04935
      vertex 11 32.9994 2.04986
      vertex 11 31.8489 1.95065
    endloop
  endfacet
  facet normal -1 0 0
    outer loop
      vertex 11 31.84 1.85234
      vertex 11 32.9845 1.75131
      vertex 11 32.9696 1.6527
    endloop
  endfacet
  facet normal -1 -0 0
    outer loop
      vertex 11 32.9994 2.04986
      vertex 11 31.8489 2.04935
      vertex 11 32.9944 2.14946
    endloop
  endfacet
  facet normal -1 0 0
    outer loop
      vertex 11 31.84 1.85234
      vertex 11 32.9696 1.6527
      vertex 11 32.9499 1.55496
    endloop
  endfacet
  facet normal -1 -0 0
    outer loop
      vertex 11 32.9944 2.14946
      vertex 11 31.8489 2.04935
      vertex 11 32.9845 2.24869
    endloop
  endfacet
  facet normal -1 0 0
    outer loop
      vertex 11 31.8224 1.75523
      vertex 11 32.9499 1.55496
      vertex 11 32.9252 1.45832
    endloop
  endfacet
  facet normal -1 0 0
    outer loop
      vertex 11 31.84 2.14766
      vertex 11 32.9845 2.24869
      vertex 11 31.8489 2.04935
    endloop
  endfacet
  facet normal -1 0 0
    outer loop
      vertex 11 31.8224 1.75523
      vertex 11 32.9252 1.45832
      vertex 11 32.8959 1.36303
    endloop
  endfacet
  facet normal -1 -0 0
    outer loop
      vertex 11 32.9845 2.24869
      vertex 11 31.84 2.14766
      vertex 11 32.9696 2.3473
    endloop
  endfacet
  facet normal -1 0 0
    outer loop
      vertex 11 31.7962 1.66008
      vertex 11 32.8959 1.36303
      vertex 11 32.8617 1.26932
    endloop
  endfacet
  facet normal -1 -0 0
    outer loop
      vertex 11 32.9696 2.3473
      vertex 11 31.84 2.14766
      vertex 11 32.9499 2.44504
    endloop
  endfacet
  facet normal -1 0 0
    outer loop
      vertex 11 31.7962 1.66008
      vertex 11 32.8617 1.26932
      vertex 11 32.823 1.17743
    endloop
  endfacet
  facet normal -1 0 0
    outer loop
      vertex 11 31.8224 2.24477
      vertex 11 32.9499 2.44504
      vertex 11 31.84 2.14766
    endloop
  endfacet
  facet normal -1 0 0
    outer loop
      vertex 11 31.7615 1.56767
      vertex 11 32.823 1.17743
      vertex 11 32.7797 1.08758
    endloop
  endfacet
  facet normal -1 -0 0
    outer loop
      vertex 11 32.9499 2.44504
      vertex 11 31.8224 2.24477
      vertex 11 32.9252 2.54168
    endloop
  endfacet
  facet normal -1 0 0
    outer loop
      vertex 11 31.7615 1.56767
      vertex 11 32.7797 1.08758
      vertex 11 32.732 1
    endloop
  endfacet
  facet normal -1 -0 0
    outer loop
      vertex 11 32.9252 2.54168
      vertex 11 31.8224 2.24477
      vertex 11 32.8959 2.63697
    endloop
  endfacet
  facet normal -1 0 0
    outer loop
      vertex 11 31.7187 1.47874
      vertex 11 32.732 1
      vertex 11 32.6801 0.914907
    endloop
  endfacet
  facet normal -1 0 0
    outer loop
      vertex 11 31.7962 2.33992
      vertex 11 32.8959 2.63697
      vertex 11 31.8224 2.24477
    endloop
  endfacet
  facet normal -1 0 0
    outer loop
      vertex 11 31.7187 1.47874
      vertex 11 32.6801 0.914907
      vertex 11 32.6239 0.832512
    endloop
  endfacet
  facet normal -1 -0 0
    outer loop
      vertex 11 32.8959 2.63697
      vertex 11 31.7962 2.33992
      vertex 11 32.8617 2.73068
    endloop
  endfacet
  facet normal -1 0 0
    outer loop
      vertex 11 31.668 1.39401
      vertex 11 32.6239 0.832512
      vertex 11 32.5637 0.75302
    endloop
  endfacet
  facet normal -1 -0 0
    outer loop
      vertex 11 32.8617 2.73068
      vertex 11 31.7962 2.33992
      vertex 11 32.823 2.82257
    endloop
  endfacet
  facet normal -1 0 0
    outer loop
      vertex 11 31.668 1.39401
      vertex 11 32.5637 0.75302
      vertex 11 32.4996 0.676628
    endloop
  endfacet
  facet normal -1 0 0
    outer loop
      vertex 11 31.7615 2.43233
      vertex 11 32.823 2.82257
      vertex 11 31.7962 2.33992
    endloop
  endfacet
  facet normal -1 0 0
    outer loop
      vertex 11 31.61 1.31416
      vertex 11 32.4996 0.676628
      vertex 11 32.4317 0.603526
    endloop
  endfacet
  facet normal -1 -0 0
    outer loop
      vertex 11 32.823 2.82257
      vertex 11 31.7615 2.43233
      vertex 11 32.7797 2.91242
    endloop
  endfacet
  facet normal -1 0 0
    outer loop
      vertex 11 31.61 1.31416
      vertex 11 32.4317 0.603526
      vertex 11 32.3603 0.533895
    endloop
  endfacet
  facet normal -1 -0 0
    outer loop
      vertex 11 32.7797 2.91242
      vertex 11 31.7615 2.43233
      vertex 11 32.732 3
    endloop
  endfacet
  facet normal -1 0 0
    outer loop
      vertex 11 31.5451 1.23983
      vertex 11 32.3603 0.533895
      vertex 11 32.2856 0.467911
    endloop
  endfacet
  facet normal -1 0 0
    outer loop
      vertex 11 31.7187 2.52126
      vertex 11 32.732 3
      vertex 11 31.7615 2.43233
    endloop
  endfacet
  facet normal -1 0 0
    outer loop
      vertex 11 31.5451 1.23983
      vertex 11 32.2856 0.467911
      vertex 11 32.2076 0.405735
    endloop
  endfacet
  facet normal -1 -0 0
    outer loop
      vertex 11 32.732 3
      vertex 11 31.7187 2.52126
      vertex 11 32.6801 3.08509
    endloop
  endfacet
  facet normal -1 0 0
    outer loop
      vertex 11 31.4737 1.17162
      vertex 11 32.2076 0.405735
      vertex 11 32.1266 0.347522
    endloop
  endfacet
  facet normal -1 -0 0
    outer loop
      vertex 11 32.6801 3.08509
      vertex 11 31.7187 2.52126
      vertex 11 32.6239 3.16749
    endloop
  endfacet
  facet normal -1 0 0
    outer loop
      vertex 11 31.4737 1.17162
      vertex 11 32.1266 0.347522
      vertex 11 32.0429 0.293418
    endloop
  endfacet
  facet normal -1 0 0
    outer loop
      vertex 11 31.668 2.60599
      vertex 11 32.6239 3.16749
      vertex 11 31.7187 2.52126
    endloop
  endfacet
  facet normal -1 0 0
    outer loop
      vertex 11 31.3966 1.11008
      vertex 11 32.0429 0.293418
      vertex 11 31.9565 0.243556
    endloop
  endfacet
  facet normal -1 -0 0
    outer loop
      vertex 11 32.6239 3.16749
      vertex 11 31.668 2.60599
      vertex 11 32.5637 3.24698
    endloop
  endfacet
  facet normal -1 0 0
    outer loop
      vertex 11 31.3966 1.11008
      vertex 11 31.9565 0.243556
      vertex 11 31.8678 0.198062
    endloop
  endfacet
  facet normal -1 -0 0
    outer loop
      vertex 11 32.5637 3.24698
      vertex 11 31.668 2.60599
      vertex 11 32.4996 3.32337
    endloop
  endfacet
  facet normal -1 0 0
    outer loop
      vertex 11 31.61 2.68584
      vertex 11 32.4996 3.32337
      vertex 11 31.668 2.60599
    endloop
  endfacet
  facet normal -1 0 0
    outer loop
      vertex 11 32.9845 1.75131
      vertex 11 31.84 1.85234
      vertex 11 31.8489 1.95065
    endloop
  endfacet
  facet normal -1 0 0
    outer loop
      vertex 11 32.9499 1.55496
      vertex 11 31.8224 1.75523
      vertex 11 31.84 1.85234
    endloop
  endfacet
  facet normal -1 0 0
    outer loop
      vertex 11 32.8959 1.36303
      vertex 11 31.7962 1.66008
      vertex 11 31.8224 1.75523
    endloop
  endfacet
  facet normal -1 0 0
    outer loop
      vertex 11 31.3142 1.05571
      vertex 11 31.8678 0.198062
      vertex 11 31.7769 0.157047
    endloop
  endfacet
  facet normal -1 0 0
    outer loop
      vertex 11 32.823 1.17743
      vertex 11 31.7615 1.56767
      vertex 11 31.7962 1.66008
    endloop
  endfacet
  facet normal -1 0 0
    outer loop
      vertex 11 32.732 1
      vertex 11 31.7187 1.47874
      vertex 11 31.7615 1.56767
    endloop
  endfacet
  facet normal -1 0 0
    outer loop
      vertex 11 31.3142 1.05571
      vertex 11 31.7769 0.157047
      vertex 11 31.684 0.120614
    endloop
  endfacet
  facet normal -1 0 0
    outer loop
      vertex 11 32.6239 0.832512
      vertex 11 31.668 1.39401
      vertex 11 31.7187 1.47874
    endloop
  endfacet
  facet normal -1 0 0
    outer loop
      vertex 11 32.4996 0.676628
      vertex 11 31.61 1.31416
      vertex 11 31.668 1.39401
    endloop
  endfacet
  facet normal -1 0 0
    outer loop
      vertex 11 31.2273 1.00893
      vertex 11 31.684 0.120614
      vertex 11 31.5895 0.0888538
    endloop
  endfacet
  facet normal -1 0 0
    outer loop
      vertex 11 32.3603 0.533895
      vertex 11 31.5451 1.23983
      vertex 11 31.61 1.31416
    endloop
  endfacet
  facet normal -1 0 0
    outer loop
      vertex 11 31.2273 1.00893
      vertex 11 31.5895 0.0888538
      vertex 11 31.4935 0.0618448
    endloop
  endfacet
  facet normal -1 0 0
    outer loop
      vertex 11 32.2076 0.405735
      vertex 11 31.4737 1.17162
      vertex 11 31.5451 1.23983
    endloop
  endfacet
  facet normal -1 0 0
    outer loop
      vertex 11 32.0429 0.293418
      vertex 11 31.3966 1.11008
      vertex 11 31.4737 1.17162
    endloop
  endfacet
  facet normal -1 0 0
    outer loop
      vertex 11 31.1365 0.970141
      vertex 11 31.4935 0.0618448
      vertex 11 31.3963 0.0396547
    endloop
  endfacet
  facet normal -1 0 0
    outer loop
      vertex 11 31.8678 0.198062
      vertex 11 31.3142 1.05571
      vertex 11 31.3966 1.11008
    endloop
  endfacet
  facet normal -1 0 0
    outer loop
      vertex 11 31.1365 0.970141
      vertex 11 31.3963 0.0396547
      vertex 11 31.2981 0.0223379
    endloop
  endfacet
  facet normal -1 0 0
    outer loop
      vertex 11 31.684 0.120614
      vertex 11 31.2273 1.00893
      vertex 11 31.3142 1.05571
    endloop
  endfacet
  facet normal -1 0 0
    outer loop
      vertex 11 31.0426 0.93964
      vertex 11 31.2981 0.0223379
      vertex 11 31.1991 0.00993824
    endloop
  endfacet
  facet normal -1 0 0
    outer loop
      vertex 11 31.4935 0.0618448
      vertex 11 31.1365 0.970141
      vertex 11 31.2273 1.00893
    endloop
  endfacet
  facet normal -1 0 0
    outer loop
      vertex 11 31.0426 0.93964
      vertex 11 31.1991 0.00993824
      vertex 11 31.1 0.00250836
    endloop
  endfacet
  facet normal -1 0 0
    outer loop
      vertex 11 31.2981 0.0223379
      vertex 11 31.0426 0.93964
      vertex 11 31.1365 0.970141
    endloop
  endfacet
  facet normal -1 -0 0
    outer loop
      vertex 11 32.4996 3.32337
      vertex 11 31.61 2.68584
      vertex 11 32.4317 3.39647
    endloop
  endfacet
  facet normal -1 -0 0
    outer loop
      vertex 11 32.4317 3.39647
      vertex 11 31.61 2.68584
      vertex 11 32.3603 3.4661
    endloop
  endfacet
  facet normal -1 0 0
    outer loop
      vertex 11 31.5451 2.76017
      vertex 11 32.3603 3.4661
      vertex 11 31.61 2.68584
    endloop
  endfacet
  facet normal -1 -0 0
    outer loop
      vertex 11 32.3603 3.4661
      vertex 11 31.5451 2.76017
      vertex 11 32.2856 3.53209
    endloop
  endfacet
  facet normal -1 -0 0
    outer loop
      vertex 11 32.2856 3.53209
      vertex 11 31.5451 2.76017
      vertex 11 32.2076 3.59426
    endloop
  endfacet
  facet normal -1 0 0
    outer loop
      vertex 11 31.4737 2.82838
      vertex 11 32.2076 3.59426
      vertex 11 31.5451 2.76017
    endloop
  endfacet
  facet normal -1 -0 0
    outer loop
      vertex 11 32.2076 3.59426
      vertex 11 31.4737 2.82838
      vertex 11 32.1266 3.65248
    endloop
  endfacet
  facet normal -1 -0 0
    outer loop
      vertex 11 32.1266 3.65248
      vertex 11 31.4737 2.82838
      vertex 11 32.0429 3.70658
    endloop
  endfacet
  facet normal -1 0 0
    outer loop
      vertex 11 31.3966 2.88992
      vertex 11 32.0429 3.70658
      vertex 11 31.4737 2.82838
    endloop
  endfacet
  facet normal -1 -0 0
    outer loop
      vertex 11 32.0429 3.70658
      vertex 11 31.3966 2.88992
      vertex 11 31.9565 3.75644
    endloop
  endfacet
  facet normal -1 -0 0
    outer loop
      vertex 11 31.9565 3.75644
      vertex 11 31.3966 2.88992
      vertex 11 31.8678 3.80194
    endloop
  endfacet
  facet normal -1 0 0
    outer loop
      vertex 11 31.3142 2.94429
      vertex 11 31.8678 3.80194
      vertex 11 31.3966 2.88992
    endloop
  endfacet
  facet normal -1 -0 0
    outer loop
      vertex 11 31.8678 3.80194
      vertex 11 31.3142 2.94429
      vertex 11 31.7769 3.84295
    endloop
  endfacet
  facet normal -1 -0 0
    outer loop
      vertex 11 31.7769 3.84295
      vertex 11 31.3142 2.94429
      vertex 11 31.684 3.87938
    endloop
  endfacet
  facet normal -1 0 0
    outer loop
      vertex 11 31.2273 2.99107
      vertex 11 31.684 3.87938
      vertex 11 31.3142 2.94429
    endloop
  endfacet
  facet normal -1 -0 0
    outer loop
      vertex 11 31.684 3.87938
      vertex 11 31.2273 2.99107
      vertex 11 31.5895 3.91115
    endloop
  endfacet
  facet normal -1 -0 0
    outer loop
      vertex 11 31.5895 3.91115
      vertex 11 31.2273 2.99107
      vertex 11 31.4935 3.93815
    endloop
  endfacet
  facet normal -1 0 0
    outer loop
      vertex 11 31.1365 3.02986
      vertex 11 31.4935 3.93815
      vertex 11 31.2273 2.99107
    endloop
  endfacet
  facet normal -1 -0 0
    outer loop
      vertex 11 31.4935 3.93815
      vertex 11 31.1365 3.02986
      vertex 11 31.3963 3.96034
    endloop
  endfacet
  facet normal -1 -0 0
    outer loop
      vertex 11 31.3963 3.96034
      vertex 11 31.1365 3.02986
      vertex 11 31.2981 3.97766
    endloop
  endfacet
  facet normal -1 0 0
    outer loop
      vertex 11 31.0426 3.06036
      vertex 11 31.2981 3.97766
      vertex 11 31.1365 3.02986
    endloop
  endfacet
  facet normal -1 -0 0
    outer loop
      vertex 11 31.2981 3.97766
      vertex 11 31.0426 3.06036
      vertex 11 31.1991 3.99006
    endloop
  endfacet
  facet normal -1 -0 0
    outer loop
      vertex 11 31.1991 3.99006
      vertex 11 31.0426 3.06036
      vertex 11 31.1 3.99749
    endloop
  endfacet
  facet normal -1 0 0
    outer loop
      vertex 11 30.9464 3.08232
      vertex 11 31.1 3.99749
      vertex 11 31.0426 3.06036
    endloop
  endfacet
  facet normal -1 0 0
    outer loop
      vertex 11 30.8486 3.09557
      vertex 11 31.1 3.99749
      vertex 11 30.9464 3.08232
    endloop
  endfacet
  facet normal -1 0 0
    outer loop
      vertex 11 30.75 3.1
      vertex 11 31.1 3.99749
      vertex 11 30.8486 3.09557
    endloop
  endfacet
  facet normal -1 0 0
    outer loop
      vertex 11 30.6514 3.09557
      vertex 11 31.1 3.99749
      vertex 11 30.75 3.1
    endloop
  endfacet
  facet normal -1 0 0
    outer loop
      vertex 11 30.5536 3.08232
      vertex 11 31.1 3.99749
      vertex 11 30.6514 3.09557
    endloop
  endfacet
  facet normal -1 0 0
    outer loop
      vertex 11 30.4574 3.06036
      vertex 11 31.1 3.99749
      vertex 11 30.5536 3.08232
    endloop
  endfacet
  facet normal -1 -0 0
    outer loop
      vertex 11 31.1 3.99749
      vertex 11 30.4574 3.06036
      vertex 11 31.1 4
    endloop
  endfacet
  facet normal -1 0 0
    outer loop
      vertex 11 30.3635 3.02986
      vertex 11 31.1 4
      vertex 11 30.4574 3.06036
    endloop
  endfacet
  facet normal -1 0 0
    outer loop
      vertex 11 30.2727 2.99107
      vertex 11 31.1 4
      vertex 11 30.3635 3.02986
    endloop
  endfacet
  facet normal -1 0 0
    outer loop
      vertex 11 28.4 4
      vertex 11 30.2727 2.99107
      vertex 11 30.1858 2.94429
    endloop
  endfacet
  facet normal -1 0 0
    outer loop
      vertex 11 28.4 4
      vertex 11 30.1858 2.94429
      vertex 11 30.1034 2.88992
    endloop
  endfacet
  facet normal -1 0 0
    outer loop
      vertex 11 28.4 4
      vertex 11 30.1034 2.88992
      vertex 11 30.0263 2.82838
    endloop
  endfacet
  facet normal -1 0 0
    outer loop
      vertex 11 28.4 4
      vertex 11 30.0263 2.82838
      vertex 11 29.9549 2.76017
    endloop
  endfacet
  facet normal -1 0 0
    outer loop
      vertex 11 28.4 4
      vertex 11 29.6511 2.04935
      vertex 11 28.4 0
    endloop
  endfacet
  facet normal -1 0 0
    outer loop
      vertex 11 29.6511 2.04935
      vertex 11 28.4 4
      vertex 11 29.66 2.14766
    endloop
  endfacet
  facet normal -1 0 0
    outer loop
      vertex 11 29.66 2.14766
      vertex 11 28.4 4
      vertex 11 29.6776 2.24477
    endloop
  endfacet
  facet normal -1 0 0
    outer loop
      vertex 11 29.6776 2.24477
      vertex 11 28.4 4
      vertex 11 29.7038 2.33992
    endloop
  endfacet
  facet normal -1 0 0
    outer loop
      vertex 11 29.7038 2.33992
      vertex 11 28.4 4
      vertex 11 29.7385 2.43233
    endloop
  endfacet
  facet normal -1 0 0
    outer loop
      vertex 11 30.2727 2.99107
      vertex 11 28.4 4
      vertex 11 31.1 4
    endloop
  endfacet
  facet normal -1 0 0
    outer loop
      vertex 11 29.89 2.68584
      vertex 11 28.4 4
      vertex 11 29.9549 2.76017
    endloop
  endfacet
  facet normal -1 0 0
    outer loop
      vertex 11 29.832 2.60599
      vertex 11 28.4 4
      vertex 11 29.89 2.68584
    endloop
  endfacet
  facet normal -1 0 0
    outer loop
      vertex 11 29.7813 2.52126
      vertex 11 28.4 4
      vertex 11 29.832 2.60599
    endloop
  endfacet
  facet normal -1 0 0
    outer loop
      vertex 11 29.7385 2.43233
      vertex 11 28.4 4
      vertex 11 29.7813 2.52126
    endloop
  endfacet
  facet normal -0 0.542835 0.839839
    outer loop
      vertex 16 32.1266 3.65248
      vertex 18 32.0429 3.70658
      vertex 18 32.1266 3.65248
    endloop
  endfacet
  facet normal 0 0.542835 0.839839
    outer loop
      vertex 18 32.0429 3.70658
      vertex 16 32.1266 3.65248
      vertex 16 32.0429 3.70658
    endloop
  endfacet
  facet normal -0 0.542835 0.839839
    outer loop
      vertex 11 32.1266 3.65248
      vertex 13 32.0429 3.70658
      vertex 13 32.1266 3.65248
    endloop
  endfacet
  facet normal 0 0.542835 0.839839
    outer loop
      vertex 13 32.0429 3.70658
      vertex 11 32.1266 3.65248
      vertex 11 32.0429 3.70658
    endloop
  endfacet
  facet normal 0 1 -0
    outer loop
      vertex 13 31.1 3.99749
      vertex 11 31.1 4
      vertex 13 31.1 4
    endloop
  endfacet
  facet normal 0 1 0
    outer loop
      vertex 11 31.1 4
      vertex 13 31.1 3.99749
      vertex 11 31.1 3.99749
    endloop
  endfacet
  facet normal 0 1 -0
    outer loop
      vertex 18 31.1 3.99749
      vertex 16 31.1 4
      vertex 18 31.1 4
    endloop
  endfacet
  facet normal 0 1 0
    outer loop
      vertex 16 31.1 4
      vertex 18 31.1 3.99749
      vertex 16 31.1 3.99749
    endloop
  endfacet
  facet normal 0 1 -0
    outer loop
      vertex 18 31.1 0
      vertex 16 31.1 0.00250836
      vertex 18 31.1 0.00250836
    endloop
  endfacet
  facet normal 0 1 0
    outer loop
      vertex 16 31.1 0.00250836
      vertex 18 31.1 0
      vertex 16 31.1 0
    endloop
  endfacet
  facet normal 0 1 -0
    outer loop
      vertex 13 31.1 0
      vertex 11 31.1 0.00250836
      vertex 13 31.1 0.00250836
    endloop
  endfacet
  facet normal 0 1 0
    outer loop
      vertex 11 31.1 0.00250836
      vertex 13 31.1 0
      vertex 11 31.1 0
    endloop
  endfacet
  facet normal -1 0 0
    outer loop
      vertex 16 30.4574 0.93964
      vertex 16 31.1 0.00250836
      vertex 16 31.1 0
    endloop
  endfacet
  facet normal -1 0 0
    outer loop
      vertex 16 31.1 0.00250836
      vertex 16 30.9464 0.917677
      vertex 16 31.0426 0.93964
    endloop
  endfacet
  facet normal -1 0 0
    outer loop
      vertex 16 31.1 0.00250836
      vertex 16 30.8486 0.904428
      vertex 16 30.9464 0.917677
    endloop
  endfacet
  facet normal -1 0 0
    outer loop
      vertex 16 31.1 0.00250836
      vertex 16 30.75 0.9
      vertex 16 30.8486 0.904428
    endloop
  endfacet
  facet normal -1 0 0
    outer loop
      vertex 16 31.1 0.00250836
      vertex 16 30.6514 0.904428
      vertex 16 30.75 0.9
    endloop
  endfacet
  facet normal -1 0 0
    outer loop
      vertex 16 31.1 0.00250836
      vertex 16 30.5536 0.917677
      vertex 16 30.6514 0.904428
    endloop
  endfacet
  facet normal -1 0 0
    outer loop
      vertex 16 31.1 0.00250836
      vertex 16 30.4574 0.93964
      vertex 16 30.5536 0.917677
    endloop
  endfacet
  facet normal -1 0 0
    outer loop
      vertex 16 31.1 0
      vertex 16 30.3635 0.970141
      vertex 16 30.4574 0.93964
    endloop
  endfacet
  facet normal -1 0 0
    outer loop
      vertex 16 31.1 0
      vertex 16 30.2727 1.00893
      vertex 16 30.3635 0.970141
    endloop
  endfacet
  facet normal -1 0 0
    outer loop
      vertex 16 28.4 0
      vertex 16 30.2727 1.00893
      vertex 16 31.1 0
    endloop
  endfacet
  facet normal -1 -0 0
    outer loop
      vertex 16 30.2727 1.00893
      vertex 16 28.4 0
      vertex 16 30.1858 1.05571
    endloop
  endfacet
  facet normal -1 -0 0
    outer loop
      vertex 16 30.1858 1.05571
      vertex 16 28.4 0
      vertex 16 30.1034 1.11008
    endloop
  endfacet
  facet normal -1 -0 0
    outer loop
      vertex 16 30.1034 1.11008
      vertex 16 28.4 0
      vertex 16 30.0263 1.17162
    endloop
  endfacet
  facet normal -1 -0 0
    outer loop
      vertex 16 29.6511 1.95065
      vertex 16 28.4 0
      vertex 16 29.6511 2.04935
    endloop
  endfacet
  facet normal -1 -0 0
    outer loop
      vertex 16 29.66 1.85234
      vertex 16 28.4 0
      vertex 16 29.6511 1.95065
    endloop
  endfacet
  facet normal -1 -0 0
    outer loop
      vertex 16 29.6776 1.75523
      vertex 16 28.4 0
      vertex 16 29.66 1.85234
    endloop
  endfacet
  facet normal -1 -0 0
    outer loop
      vertex 16 29.7038 1.66008
      vertex 16 28.4 0
      vertex 16 29.6776 1.75523
    endloop
  endfacet
  facet normal -1 -0 0
    outer loop
      vertex 16 29.7385 1.56767
      vertex 16 28.4 0
      vertex 16 29.7038 1.66008
    endloop
  endfacet
  facet normal -1 -0 0
    outer loop
      vertex 16 29.7813 1.47874
      vertex 16 28.4 0
      vertex 16 29.7385 1.56767
    endloop
  endfacet
  facet normal -1 -0 0
    outer loop
      vertex 16 29.832 1.39401
      vertex 16 28.4 0
      vertex 16 29.7813 1.47874
    endloop
  endfacet
  facet normal -1 -0 0
    outer loop
      vertex 16 29.89 1.31416
      vertex 16 28.4 0
      vertex 16 29.832 1.39401
    endloop
  endfacet
  facet normal -1 -0 0
    outer loop
      vertex 16 29.9549 1.23983
      vertex 16 28.4 0
      vertex 16 29.89 1.31416
    endloop
  endfacet
  facet normal -1 -0 0
    outer loop
      vertex 16 30.0263 1.17162
      vertex 16 28.4 0
      vertex 16 29.9549 1.23983
    endloop
  endfacet
  facet normal -1 0 0
    outer loop
      vertex 16 31.8489 1.95065
      vertex 16 32.9994 1.95014
      vertex 16 32.9944 1.85054
    endloop
  endfacet
  facet normal -1 0 0
    outer loop
      vertex 16 32.9994 1.95014
      vertex 16 31.8489 1.95065
      vertex 16 32.9994 2.04986
    endloop
  endfacet
  facet normal -1 0 0
    outer loop
      vertex 16 31.8489 1.95065
      vertex 16 32.9944 1.85054
      vertex 16 32.9845 1.75131
    endloop
  endfacet
  facet normal -1 0 0
    outer loop
      vertex 16 31.8489 2.04935
      vertex 16 32.9994 2.04986
      vertex 16 31.8489 1.95065
    endloop
  endfacet
  facet normal -1 0 0
    outer loop
      vertex 16 31.84 1.85234
      vertex 16 32.9845 1.75131
      vertex 16 32.9696 1.6527
    endloop
  endfacet
  facet normal -1 -0 0
    outer loop
      vertex 16 32.9994 2.04986
      vertex 16 31.8489 2.04935
      vertex 16 32.9944 2.14946
    endloop
  endfacet
  facet normal -1 0 0
    outer loop
      vertex 16 31.84 1.85234
      vertex 16 32.9696 1.6527
      vertex 16 32.9499 1.55496
    endloop
  endfacet
  facet normal -1 -0 0
    outer loop
      vertex 16 32.9944 2.14946
      vertex 16 31.8489 2.04935
      vertex 16 32.9845 2.24869
    endloop
  endfacet
  facet normal -1 0 0
    outer loop
      vertex 16 31.8224 1.75523
      vertex 16 32.9499 1.55496
      vertex 16 32.9252 1.45832
    endloop
  endfacet
  facet normal -1 0 0
    outer loop
      vertex 16 31.84 2.14766
      vertex 16 32.9845 2.24869
      vertex 16 31.8489 2.04935
    endloop
  endfacet
  facet normal -1 0 0
    outer loop
      vertex 16 31.8224 1.75523
      vertex 16 32.9252 1.45832
      vertex 16 32.8959 1.36303
    endloop
  endfacet
  facet normal -1 -0 0
    outer loop
      vertex 16 32.9845 2.24869
      vertex 16 31.84 2.14766
      vertex 16 32.9696 2.3473
    endloop
  endfacet
  facet normal -1 0 0
    outer loop
      vertex 16 31.7962 1.66008
      vertex 16 32.8959 1.36303
      vertex 16 32.8617 1.26932
    endloop
  endfacet
  facet normal -1 -0 0
    outer loop
      vertex 16 32.9696 2.3473
      vertex 16 31.84 2.14766
      vertex 16 32.9499 2.44504
    endloop
  endfacet
  facet normal -1 0 0
    outer loop
      vertex 16 31.7962 1.66008
      vertex 16 32.8617 1.26932
      vertex 16 32.823 1.17743
    endloop
  endfacet
  facet normal -1 0 0
    outer loop
      vertex 16 31.8224 2.24477
      vertex 16 32.9499 2.44504
      vertex 16 31.84 2.14766
    endloop
  endfacet
  facet normal -1 0 0
    outer loop
      vertex 16 31.7615 1.56767
      vertex 16 32.823 1.17743
      vertex 16 32.7797 1.08758
    endloop
  endfacet
  facet normal -1 -0 0
    outer loop
      vertex 16 32.9499 2.44504
      vertex 16 31.8224 2.24477
      vertex 16 32.9252 2.54168
    endloop
  endfacet
  facet normal -1 0 0
    outer loop
      vertex 16 31.7615 1.56767
      vertex 16 32.7797 1.08758
      vertex 16 32.732 1
    endloop
  endfacet
  facet normal -1 -0 0
    outer loop
      vertex 16 32.9252 2.54168
      vertex 16 31.8224 2.24477
      vertex 16 32.8959 2.63697
    endloop
  endfacet
  facet normal -1 0 0
    outer loop
      vertex 16 31.7187 1.47874
      vertex 16 32.732 1
      vertex 16 32.6801 0.914907
    endloop
  endfacet
  facet normal -1 0 0
    outer loop
      vertex 16 31.7962 2.33992
      vertex 16 32.8959 2.63697
      vertex 16 31.8224 2.24477
    endloop
  endfacet
  facet normal -1 0 0
    outer loop
      vertex 16 31.7187 1.47874
      vertex 16 32.6801 0.914907
      vertex 16 32.6239 0.832512
    endloop
  endfacet
  facet normal -1 -0 0
    outer loop
      vertex 16 32.8959 2.63697
      vertex 16 31.7962 2.33992
      vertex 16 32.8617 2.73068
    endloop
  endfacet
  facet normal -1 0 0
    outer loop
      vertex 16 31.668 1.39401
      vertex 16 32.6239 0.832512
      vertex 16 32.5637 0.75302
    endloop
  endfacet
  facet normal -1 -0 0
    outer loop
      vertex 16 32.8617 2.73068
      vertex 16 31.7962 2.33992
      vertex 16 32.823 2.82257
    endloop
  endfacet
  facet normal -1 0 0
    outer loop
      vertex 16 31.668 1.39401
      vertex 16 32.5637 0.75302
      vertex 16 32.4996 0.676628
    endloop
  endfacet
  facet normal -1 0 0
    outer loop
      vertex 16 31.7615 2.43233
      vertex 16 32.823 2.82257
      vertex 16 31.7962 2.33992
    endloop
  endfacet
  facet normal -1 0 0
    outer loop
      vertex 16 31.61 1.31416
      vertex 16 32.4996 0.676628
      vertex 16 32.4317 0.603526
    endloop
  endfacet
  facet normal -1 -0 0
    outer loop
      vertex 16 32.823 2.82257
      vertex 16 31.7615 2.43233
      vertex 16 32.7797 2.91242
    endloop
  endfacet
  facet normal -1 0 0
    outer loop
      vertex 16 31.61 1.31416
      vertex 16 32.4317 0.603526
      vertex 16 32.3603 0.533895
    endloop
  endfacet
  facet normal -1 -0 0
    outer loop
      vertex 16 32.7797 2.91242
      vertex 16 31.7615 2.43233
      vertex 16 32.732 3
    endloop
  endfacet
  facet normal -1 0 0
    outer loop
      vertex 16 31.5451 1.23983
      vertex 16 32.3603 0.533895
      vertex 16 32.2856 0.467911
    endloop
  endfacet
  facet normal -1 0 0
    outer loop
      vertex 16 31.7187 2.52126
      vertex 16 32.732 3
      vertex 16 31.7615 2.43233
    endloop
  endfacet
  facet normal -1 0 0
    outer loop
      vertex 16 31.5451 1.23983
      vertex 16 32.2856 0.467911
      vertex 16 32.2076 0.405735
    endloop
  endfacet
  facet normal -1 -0 0
    outer loop
      vertex 16 32.732 3
      vertex 16 31.7187 2.52126
      vertex 16 32.6801 3.08509
    endloop
  endfacet
  facet normal -1 0 0
    outer loop
      vertex 16 31.4737 1.17162
      vertex 16 32.2076 0.405735
      vertex 16 32.1266 0.347522
    endloop
  endfacet
  facet normal -1 -0 0
    outer loop
      vertex 16 32.6801 3.08509
      vertex 16 31.7187 2.52126
      vertex 16 32.6239 3.16749
    endloop
  endfacet
  facet normal -1 0 0
    outer loop
      vertex 16 31.4737 1.17162
      vertex 16 32.1266 0.347522
      vertex 16 32.0429 0.293418
    endloop
  endfacet
  facet normal -1 0 0
    outer loop
      vertex 16 31.668 2.60599
      vertex 16 32.6239 3.16749
      vertex 16 31.7187 2.52126
    endloop
  endfacet
  facet normal -1 0 0
    outer loop
      vertex 16 31.3966 1.11008
      vertex 16 32.0429 0.293418
      vertex 16 31.9565 0.243556
    endloop
  endfacet
  facet normal -1 -0 0
    outer loop
      vertex 16 32.6239 3.16749
      vertex 16 31.668 2.60599
      vertex 16 32.5637 3.24698
    endloop
  endfacet
  facet normal -1 0 0
    outer loop
      vertex 16 31.3966 1.11008
      vertex 16 31.9565 0.243556
      vertex 16 31.8678 0.198062
    endloop
  endfacet
  facet normal -1 -0 0
    outer loop
      vertex 16 32.5637 3.24698
      vertex 16 31.668 2.60599
      vertex 16 32.4996 3.32337
    endloop
  endfacet
  facet normal -1 0 0
    outer loop
      vertex 16 31.61 2.68584
      vertex 16 32.4996 3.32337
      vertex 16 31.668 2.60599
    endloop
  endfacet
  facet normal -1 0 0
    outer loop
      vertex 16 32.9845 1.75131
      vertex 16 31.84 1.85234
      vertex 16 31.8489 1.95065
    endloop
  endfacet
  facet normal -1 0 0
    outer loop
      vertex 16 32.9499 1.55496
      vertex 16 31.8224 1.75523
      vertex 16 31.84 1.85234
    endloop
  endfacet
  facet normal -1 0 0
    outer loop
      vertex 16 32.8959 1.36303
      vertex 16 31.7962 1.66008
      vertex 16 31.8224 1.75523
    endloop
  endfacet
  facet normal -1 0 0
    outer loop
      vertex 16 31.3142 1.05571
      vertex 16 31.8678 0.198062
      vertex 16 31.7769 0.157047
    endloop
  endfacet
  facet normal -1 0 0
    outer loop
      vertex 16 32.823 1.17743
      vertex 16 31.7615 1.56767
      vertex 16 31.7962 1.66008
    endloop
  endfacet
  facet normal -1 0 0
    outer loop
      vertex 16 32.732 1
      vertex 16 31.7187 1.47874
      vertex 16 31.7615 1.56767
    endloop
  endfacet
  facet normal -1 0 0
    outer loop
      vertex 16 31.3142 1.05571
      vertex 16 31.7769 0.157047
      vertex 16 31.684 0.120614
    endloop
  endfacet
  facet normal -1 0 0
    outer loop
      vertex 16 32.6239 0.832512
      vertex 16 31.668 1.39401
      vertex 16 31.7187 1.47874
    endloop
  endfacet
  facet normal -1 0 0
    outer loop
      vertex 16 32.4996 0.676628
      vertex 16 31.61 1.31416
      vertex 16 31.668 1.39401
    endloop
  endfacet
  facet normal -1 0 0
    outer loop
      vertex 16 31.2273 1.00893
      vertex 16 31.684 0.120614
      vertex 16 31.5895 0.0888538
    endloop
  endfacet
  facet normal -1 0 0
    outer loop
      vertex 16 32.3603 0.533895
      vertex 16 31.5451 1.23983
      vertex 16 31.61 1.31416
    endloop
  endfacet
  facet normal -1 0 0
    outer loop
      vertex 16 31.2273 1.00893
      vertex 16 31.5895 0.0888538
      vertex 16 31.4935 0.0618448
    endloop
  endfacet
  facet normal -1 0 0
    outer loop
      vertex 16 32.2076 0.405735
      vertex 16 31.4737 1.17162
      vertex 16 31.5451 1.23983
    endloop
  endfacet
  facet normal -1 0 0
    outer loop
      vertex 16 32.0429 0.293418
      vertex 16 31.3966 1.11008
      vertex 16 31.4737 1.17162
    endloop
  endfacet
  facet normal -1 0 0
    outer loop
      vertex 16 31.1365 0.970141
      vertex 16 31.4935 0.0618448
      vertex 16 31.3963 0.0396547
    endloop
  endfacet
  facet normal -1 0 0
    outer loop
      vertex 16 31.8678 0.198062
      vertex 16 31.3142 1.05571
      vertex 16 31.3966 1.11008
    endloop
  endfacet
  facet normal -1 0 0
    outer loop
      vertex 16 31.1365 0.970141
      vertex 16 31.3963 0.0396547
      vertex 16 31.2981 0.0223379
    endloop
  endfacet
  facet normal -1 0 0
    outer loop
      vertex 16 31.684 0.120614
      vertex 16 31.2273 1.00893
      vertex 16 31.3142 1.05571
    endloop
  endfacet
  facet normal -1 0 0
    outer loop
      vertex 16 31.0426 0.93964
      vertex 16 31.2981 0.0223379
      vertex 16 31.1991 0.00993824
    endloop
  endfacet
  facet normal -1 0 0
    outer loop
      vertex 16 31.4935 0.0618448
      vertex 16 31.1365 0.970141
      vertex 16 31.2273 1.00893
    endloop
  endfacet
  facet normal -1 0 0
    outer loop
      vertex 16 31.0426 0.93964
      vertex 16 31.1991 0.00993824
      vertex 16 31.1 0.00250836
    endloop
  endfacet
  facet normal -1 0 0
    outer loop
      vertex 16 31.2981 0.0223379
      vertex 16 31.0426 0.93964
      vertex 16 31.1365 0.970141
    endloop
  endfacet
  facet normal -1 -0 0
    outer loop
      vertex 16 32.4996 3.32337
      vertex 16 31.61 2.68584
      vertex 16 32.4317 3.39647
    endloop
  endfacet
  facet normal -1 -0 0
    outer loop
      vertex 16 32.4317 3.39647
      vertex 16 31.61 2.68584
      vertex 16 32.3603 3.4661
    endloop
  endfacet
  facet normal -1 0 0
    outer loop
      vertex 16 31.5451 2.76017
      vertex 16 32.3603 3.4661
      vertex 16 31.61 2.68584
    endloop
  endfacet
  facet normal -1 -0 0
    outer loop
      vertex 16 32.3603 3.4661
      vertex 16 31.5451 2.76017
      vertex 16 32.2856 3.53209
    endloop
  endfacet
  facet normal -1 -0 0
    outer loop
      vertex 16 32.2856 3.53209
      vertex 16 31.5451 2.76017
      vertex 16 32.2076 3.59426
    endloop
  endfacet
  facet normal -1 0 0
    outer loop
      vertex 16 31.4737 2.82838
      vertex 16 32.2076 3.59426
      vertex 16 31.5451 2.76017
    endloop
  endfacet
  facet normal -1 -0 0
    outer loop
      vertex 16 32.2076 3.59426
      vertex 16 31.4737 2.82838
      vertex 16 32.1266 3.65248
    endloop
  endfacet
  facet normal -1 -0 0
    outer loop
      vertex 16 32.1266 3.65248
      vertex 16 31.4737 2.82838
      vertex 16 32.0429 3.70658
    endloop
  endfacet
  facet normal -1 0 0
    outer loop
      vertex 16 31.3966 2.88992
      vertex 16 32.0429 3.70658
      vertex 16 31.4737 2.82838
    endloop
  endfacet
  facet normal -1 -0 0
    outer loop
      vertex 16 32.0429 3.70658
      vertex 16 31.3966 2.88992
      vertex 16 31.9565 3.75644
    endloop
  endfacet
  facet normal -1 -0 0
    outer loop
      vertex 16 31.9565 3.75644
      vertex 16 31.3966 2.88992
      vertex 16 31.8678 3.80194
    endloop
  endfacet
  facet normal -1 0 0
    outer loop
      vertex 16 31.3142 2.94429
      vertex 16 31.8678 3.80194
      vertex 16 31.3966 2.88992
    endloop
  endfacet
  facet normal -1 -0 0
    outer loop
      vertex 16 31.8678 3.80194
      vertex 16 31.3142 2.94429
      vertex 16 31.7769 3.84295
    endloop
  endfacet
  facet normal -1 -0 0
    outer loop
      vertex 16 31.7769 3.84295
      vertex 16 31.3142 2.94429
      vertex 16 31.684 3.87938
    endloop
  endfacet
  facet normal -1 0 0
    outer loop
      vertex 16 31.2273 2.99107
      vertex 16 31.684 3.87938
      vertex 16 31.3142 2.94429
    endloop
  endfacet
  facet normal -1 -0 0
    outer loop
      vertex 16 31.684 3.87938
      vertex 16 31.2273 2.99107
      vertex 16 31.5895 3.91115
    endloop
  endfacet
  facet normal -1 -0 0
    outer loop
      vertex 16 31.5895 3.91115
      vertex 16 31.2273 2.99107
      vertex 16 31.4935 3.93815
    endloop
  endfacet
  facet normal -1 0 0
    outer loop
      vertex 16 31.1365 3.02986
      vertex 16 31.4935 3.93815
      vertex 16 31.2273 2.99107
    endloop
  endfacet
  facet normal -1 -0 0
    outer loop
      vertex 16 31.4935 3.93815
      vertex 16 31.1365 3.02986
      vertex 16 31.3963 3.96034
    endloop
  endfacet
  facet normal -1 -0 0
    outer loop
      vertex 16 31.3963 3.96034
      vertex 16 31.1365 3.02986
      vertex 16 31.2981 3.97766
    endloop
  endfacet
  facet normal -1 0 0
    outer loop
      vertex 16 31.0426 3.06036
      vertex 16 31.2981 3.97766
      vertex 16 31.1365 3.02986
    endloop
  endfacet
  facet normal -1 -0 0
    outer loop
      vertex 16 31.2981 3.97766
      vertex 16 31.0426 3.06036
      vertex 16 31.1991 3.99006
    endloop
  endfacet
  facet normal -1 -0 0
    outer loop
      vertex 16 31.1991 3.99006
      vertex 16 31.0426 3.06036
      vertex 16 31.1 3.99749
    endloop
  endfacet
  facet normal -1 0 0
    outer loop
      vertex 16 30.9464 3.08232
      vertex 16 31.1 3.99749
      vertex 16 31.0426 3.06036
    endloop
  endfacet
  facet normal -1 0 0
    outer loop
      vertex 16 30.8486 3.09557
      vertex 16 31.1 3.99749
      vertex 16 30.9464 3.08232
    endloop
  endfacet
  facet normal -1 0 0
    outer loop
      vertex 16 30.75 3.1
      vertex 16 31.1 3.99749
      vertex 16 30.8486 3.09557
    endloop
  endfacet
  facet normal -1 0 0
    outer loop
      vertex 16 30.6514 3.09557
      vertex 16 31.1 3.99749
      vertex 16 30.75 3.1
    endloop
  endfacet
  facet normal -1 0 0
    outer loop
      vertex 16 30.5536 3.08232
      vertex 16 31.1 3.99749
      vertex 16 30.6514 3.09557
    endloop
  endfacet
  facet normal -1 0 0
    outer loop
      vertex 16 30.4574 3.06036
      vertex 16 31.1 3.99749
      vertex 16 30.5536 3.08232
    endloop
  endfacet
  facet normal -1 -0 0
    outer loop
      vertex 16 31.1 3.99749
      vertex 16 30.4574 3.06036
      vertex 16 31.1 4
    endloop
  endfacet
  facet normal -1 0 0
    outer loop
      vertex 16 30.3635 3.02986
      vertex 16 31.1 4
      vertex 16 30.4574 3.06036
    endloop
  endfacet
  facet normal -1 0 0
    outer loop
      vertex 16 30.2727 2.99107
      vertex 16 31.1 4
      vertex 16 30.3635 3.02986
    endloop
  endfacet
  facet normal -1 0 0
    outer loop
      vertex 16 28.4 4
      vertex 16 30.2727 2.99107
      vertex 16 30.1858 2.94429
    endloop
  endfacet
  facet normal -1 0 0
    outer loop
      vertex 16 28.4 4
      vertex 16 30.1858 2.94429
      vertex 16 30.1034 2.88992
    endloop
  endfacet
  facet normal -1 0 0
    outer loop
      vertex 16 28.4 4
      vertex 16 30.1034 2.88992
      vertex 16 30.0263 2.82838
    endloop
  endfacet
  facet normal -1 0 0
    outer loop
      vertex 16 28.4 4
      vertex 16 30.0263 2.82838
      vertex 16 29.9549 2.76017
    endloop
  endfacet
  facet normal -1 0 0
    outer loop
      vertex 16 28.4 4
      vertex 16 29.6511 2.04935
      vertex 16 28.4 0
    endloop
  endfacet
  facet normal -1 0 0
    outer loop
      vertex 16 29.6511 2.04935
      vertex 16 28.4 4
      vertex 16 29.66 2.14766
    endloop
  endfacet
  facet normal -1 0 0
    outer loop
      vertex 16 29.66 2.14766
      vertex 16 28.4 4
      vertex 16 29.6776 2.24477
    endloop
  endfacet
  facet normal -1 0 0
    outer loop
      vertex 16 29.6776 2.24477
      vertex 16 28.4 4
      vertex 16 29.7038 2.33992
    endloop
  endfacet
  facet normal -1 0 0
    outer loop
      vertex 16 29.7038 2.33992
      vertex 16 28.4 4
      vertex 16 29.7385 2.43233
    endloop
  endfacet
  facet normal -1 0 0
    outer loop
      vertex 16 30.2727 2.99107
      vertex 16 28.4 4
      vertex 16 31.1 4
    endloop
  endfacet
  facet normal -1 0 0
    outer loop
      vertex 16 29.89 2.68584
      vertex 16 28.4 4
      vertex 16 29.9549 2.76017
    endloop
  endfacet
  facet normal -1 0 0
    outer loop
      vertex 16 29.832 2.60599
      vertex 16 28.4 4
      vertex 16 29.89 2.68584
    endloop
  endfacet
  facet normal -1 0 0
    outer loop
      vertex 16 29.7813 2.52126
      vertex 16 28.4 4
      vertex 16 29.832 2.60599
    endloop
  endfacet
  facet normal -1 0 0
    outer loop
      vertex 16 29.7385 2.43233
      vertex 16 28.4 4
      vertex 16 29.7813 2.52126
    endloop
  endfacet
  facet normal 1 0 0
    outer loop
      vertex 13 30.4574 3.06036
      vertex 13 31.1 3.99749
      vertex 13 31.1 4
    endloop
  endfacet
  facet normal 1 0 0
    outer loop
      vertex 13 31.1 3.99749
      vertex 13 30.9464 3.08232
      vertex 13 31.0426 3.06036
    endloop
  endfacet
  facet normal 1 0 0
    outer loop
      vertex 13 31.1 3.99749
      vertex 13 30.8486 3.09557
      vertex 13 30.9464 3.08232
    endloop
  endfacet
  facet normal 1 0 0
    outer loop
      vertex 13 31.1 3.99749
      vertex 13 30.75 3.1
      vertex 13 30.8486 3.09557
    endloop
  endfacet
  facet normal 1 0 0
    outer loop
      vertex 13 31.1 3.99749
      vertex 13 30.6514 3.09557
      vertex 13 30.75 3.1
    endloop
  endfacet
  facet normal 1 0 0
    outer loop
      vertex 13 31.1 3.99749
      vertex 13 30.5536 3.08232
      vertex 13 30.6514 3.09557
    endloop
  endfacet
  facet normal 1 0 0
    outer loop
      vertex 13 31.1 3.99749
      vertex 13 30.4574 3.06036
      vertex 13 30.5536 3.08232
    endloop
  endfacet
  facet normal 1 0 0
    outer loop
      vertex 13 31.1 4
      vertex 13 30.3635 3.02986
      vertex 13 30.4574 3.06036
    endloop
  endfacet
  facet normal 1 0 0
    outer loop
      vertex 13 31.1 4
      vertex 13 30.2727 2.99107
      vertex 13 30.3635 3.02986
    endloop
  endfacet
  facet normal 1 -0 0
    outer loop
      vertex 13 28.4 4
      vertex 13 30.2727 2.99107
      vertex 13 31.1 4
    endloop
  endfacet
  facet normal 1 0 0
    outer loop
      vertex 13 30.2727 2.99107
      vertex 13 28.4 4
      vertex 13 30.1858 2.94429
    endloop
  endfacet
  facet normal 1 0 0
    outer loop
      vertex 13 30.1858 2.94429
      vertex 13 28.4 4
      vertex 13 30.1034 2.88992
    endloop
  endfacet
  facet normal 1 0 0
    outer loop
      vertex 13 30.1034 2.88992
      vertex 13 28.4 4
      vertex 13 30.0263 2.82838
    endloop
  endfacet
  facet normal 1 0 0
    outer loop
      vertex 13 29.6511 2.04935
      vertex 13 28.4 4
      vertex 13 29.6511 1.95065
    endloop
  endfacet
  facet normal 1 0 0
    outer loop
      vertex 13 29.66 2.14766
      vertex 13 28.4 4
      vertex 13 29.6511 2.04935
    endloop
  endfacet
  facet normal 1 0 0
    outer loop
      vertex 13 29.6776 2.24477
      vertex 13 28.4 4
      vertex 13 29.66 2.14766
    endloop
  endfacet
  facet normal 1 0 0
    outer loop
      vertex 13 29.7038 2.33992
      vertex 13 28.4 4
      vertex 13 29.6776 2.24477
    endloop
  endfacet
  facet normal 1 0 0
    outer loop
      vertex 13 29.7385 2.43233
      vertex 13 28.4 4
      vertex 13 29.7038 2.33992
    endloop
  endfacet
  facet normal 1 0 0
    outer loop
      vertex 13 29.7813 2.52126
      vertex 13 28.4 4
      vertex 13 29.7385 2.43233
    endloop
  endfacet
  facet normal 1 0 0
    outer loop
      vertex 13 29.832 2.60599
      vertex 13 28.4 4
      vertex 13 29.7813 2.52126
    endloop
  endfacet
  facet normal 1 0 0
    outer loop
      vertex 13 29.89 2.68584
      vertex 13 28.4 4
      vertex 13 29.832 2.60599
    endloop
  endfacet
  facet normal 1 0 0
    outer loop
      vertex 13 29.9549 2.76017
      vertex 13 28.4 4
      vertex 13 29.89 2.68584
    endloop
  endfacet
  facet normal 1 0 0
    outer loop
      vertex 13 30.0263 2.82838
      vertex 13 28.4 4
      vertex 13 29.9549 2.76017
    endloop
  endfacet
  facet normal 1 0 0
    outer loop
      vertex 13 31.8489 2.04935
      vertex 13 32.9994 2.04986
      vertex 13 32.9944 2.14946
    endloop
  endfacet
  facet normal 1 0 0
    outer loop
      vertex 13 32.9994 2.04986
      vertex 13 31.8489 2.04935
      vertex 13 32.9994 1.95014
    endloop
  endfacet
  facet normal 1 0 0
    outer loop
      vertex 13 31.8489 2.04935
      vertex 13 32.9944 2.14946
      vertex 13 32.9845 2.24869
    endloop
  endfacet
  facet normal 1 -0 0
    outer loop
      vertex 13 31.8489 1.95065
      vertex 13 32.9994 1.95014
      vertex 13 31.8489 2.04935
    endloop
  endfacet
  facet normal 1 0 0
    outer loop
      vertex 13 31.84 2.14766
      vertex 13 32.9845 2.24869
      vertex 13 32.9696 2.3473
    endloop
  endfacet
  facet normal 1 0 0
    outer loop
      vertex 13 32.9994 1.95014
      vertex 13 31.8489 1.95065
      vertex 13 32.9944 1.85054
    endloop
  endfacet
  facet normal 1 0 0
    outer loop
      vertex 13 31.84 2.14766
      vertex 13 32.9696 2.3473
      vertex 13 32.9499 2.44504
    endloop
  endfacet
  facet normal 1 0 0
    outer loop
      vertex 13 32.9944 1.85054
      vertex 13 31.8489 1.95065
      vertex 13 32.9845 1.75131
    endloop
  endfacet
  facet normal 1 0 0
    outer loop
      vertex 13 31.8224 2.24477
      vertex 13 32.9499 2.44504
      vertex 13 32.9252 2.54168
    endloop
  endfacet
  facet normal 1 -0 0
    outer loop
      vertex 13 31.84 1.85234
      vertex 13 32.9845 1.75131
      vertex 13 31.8489 1.95065
    endloop
  endfacet
  facet normal 1 0 0
    outer loop
      vertex 13 31.8224 2.24477
      vertex 13 32.9252 2.54168
      vertex 13 32.8959 2.63697
    endloop
  endfacet
  facet normal 1 0 0
    outer loop
      vertex 13 32.9845 1.75131
      vertex 13 31.84 1.85234
      vertex 13 32.9696 1.6527
    endloop
  endfacet
  facet normal 1 0 0
    outer loop
      vertex 13 31.7962 2.33992
      vertex 13 32.8959 2.63697
      vertex 13 32.8617 2.73068
    endloop
  endfacet
  facet normal 1 0 0
    outer loop
      vertex 13 32.9696 1.6527
      vertex 13 31.84 1.85234
      vertex 13 32.9499 1.55496
    endloop
  endfacet
  facet normal 1 0 0
    outer loop
      vertex 13 31.7962 2.33992
      vertex 13 32.8617 2.73068
      vertex 13 32.823 2.82257
    endloop
  endfacet
  facet normal 1 -0 0
    outer loop
      vertex 13 31.8224 1.75523
      vertex 13 32.9499 1.55496
      vertex 13 31.84 1.85234
    endloop
  endfacet
  facet normal 1 0 0
    outer loop
      vertex 13 31.7615 2.43233
      vertex 13 32.823 2.82257
      vertex 13 32.7797 2.91242
    endloop
  endfacet
  facet normal 1 0 0
    outer loop
      vertex 13 32.9499 1.55496
      vertex 13 31.8224 1.75523
      vertex 13 32.9252 1.45832
    endloop
  endfacet
  facet normal 1 0 0
    outer loop
      vertex 13 31.7615 2.43233
      vertex 13 32.7797 2.91242
      vertex 13 32.732 3
    endloop
  endfacet
  facet normal 1 0 0
    outer loop
      vertex 13 32.9252 1.45832
      vertex 13 31.8224 1.75523
      vertex 13 32.8959 1.36303
    endloop
  endfacet
  facet normal 1 0 0
    outer loop
      vertex 13 31.7187 2.52126
      vertex 13 32.732 3
      vertex 13 32.6801 3.08509
    endloop
  endfacet
  facet normal 1 -0 0
    outer loop
      vertex 13 31.7962 1.66008
      vertex 13 32.8959 1.36303
      vertex 13 31.8224 1.75523
    endloop
  endfacet
  facet normal 1 0 0
    outer loop
      vertex 13 31.7187 2.52126
      vertex 13 32.6801 3.08509
      vertex 13 32.6239 3.16749
    endloop
  endfacet
  facet normal 1 0 0
    outer loop
      vertex 13 32.8959 1.36303
      vertex 13 31.7962 1.66008
      vertex 13 32.8617 1.26932
    endloop
  endfacet
  facet normal 1 0 0
    outer loop
      vertex 13 31.668 2.60599
      vertex 13 32.6239 3.16749
      vertex 13 32.5637 3.24698
    endloop
  endfacet
  facet normal 1 0 0
    outer loop
      vertex 13 32.8617 1.26932
      vertex 13 31.7962 1.66008
      vertex 13 32.823 1.17743
    endloop
  endfacet
  facet normal 1 0 0
    outer loop
      vertex 13 31.668 2.60599
      vertex 13 32.5637 3.24698
      vertex 13 32.4996 3.32337
    endloop
  endfacet
  facet normal 1 -0 0
    outer loop
      vertex 13 31.7615 1.56767
      vertex 13 32.823 1.17743
      vertex 13 31.7962 1.66008
    endloop
  endfacet
  facet normal 1 0 0
    outer loop
      vertex 13 31.61 2.68584
      vertex 13 32.4996 3.32337
      vertex 13 32.4317 3.39647
    endloop
  endfacet
  facet normal 1 0 0
    outer loop
      vertex 13 32.823 1.17743
      vertex 13 31.7615 1.56767
      vertex 13 32.7797 1.08758
    endloop
  endfacet
  facet normal 1 0 0
    outer loop
      vertex 13 31.61 2.68584
      vertex 13 32.4317 3.39647
      vertex 13 32.3603 3.4661
    endloop
  endfacet
  facet normal 1 0 0
    outer loop
      vertex 13 32.7797 1.08758
      vertex 13 31.7615 1.56767
      vertex 13 32.732 1
    endloop
  endfacet
  facet normal 1 0 0
    outer loop
      vertex 13 31.5451 2.76017
      vertex 13 32.3603 3.4661
      vertex 13 32.2856 3.53209
    endloop
  endfacet
  facet normal 1 -0 0
    outer loop
      vertex 13 31.7187 1.47874
      vertex 13 32.732 1
      vertex 13 31.7615 1.56767
    endloop
  endfacet
  facet normal 1 0 0
    outer loop
      vertex 13 31.5451 2.76017
      vertex 13 32.2856 3.53209
      vertex 13 32.2076 3.59426
    endloop
  endfacet
  facet normal 1 0 0
    outer loop
      vertex 13 32.732 1
      vertex 13 31.7187 1.47874
      vertex 13 32.6801 0.914907
    endloop
  endfacet
  facet normal 1 0 0
    outer loop
      vertex 13 31.4737 2.82838
      vertex 13 32.2076 3.59426
      vertex 13 32.1266 3.65248
    endloop
  endfacet
  facet normal 1 0 0
    outer loop
      vertex 13 32.6801 0.914907
      vertex 13 31.7187 1.47874
      vertex 13 32.6239 0.832512
    endloop
  endfacet
  facet normal 1 0 0
    outer loop
      vertex 13 31.4737 2.82838
      vertex 13 32.1266 3.65248
      vertex 13 32.0429 3.70658
    endloop
  endfacet
  facet normal 1 -0 0
    outer loop
      vertex 13 31.668 1.39401
      vertex 13 32.6239 0.832512
      vertex 13 31.7187 1.47874
    endloop
  endfacet
  facet normal 1 0 0
    outer loop
      vertex 13 31.3966 2.88992
      vertex 13 32.0429 3.70658
      vertex 13 31.9565 3.75644
    endloop
  endfacet
  facet normal 1 0 0
    outer loop
      vertex 13 32.6239 0.832512
      vertex 13 31.668 1.39401
      vertex 13 32.5637 0.75302
    endloop
  endfacet
  facet normal 1 0 0
    outer loop
      vertex 13 31.3966 2.88992
      vertex 13 31.9565 3.75644
      vertex 13 31.8678 3.80194
    endloop
  endfacet
  facet normal 1 0 0
    outer loop
      vertex 13 32.5637 0.75302
      vertex 13 31.668 1.39401
      vertex 13 32.4996 0.676628
    endloop
  endfacet
  facet normal 1 -0 0
    outer loop
      vertex 13 31.61 1.31416
      vertex 13 32.4996 0.676628
      vertex 13 31.668 1.39401
    endloop
  endfacet
  facet normal 1 0 0
    outer loop
      vertex 13 32.9845 2.24869
      vertex 13 31.84 2.14766
      vertex 13 31.8489 2.04935
    endloop
  endfacet
  facet normal 1 0 0
    outer loop
      vertex 13 32.9499 2.44504
      vertex 13 31.8224 2.24477
      vertex 13 31.84 2.14766
    endloop
  endfacet
  facet normal 1 0 0
    outer loop
      vertex 13 32.8959 2.63697
      vertex 13 31.7962 2.33992
      vertex 13 31.8224 2.24477
    endloop
  endfacet
  facet normal 1 0 0
    outer loop
      vertex 13 31.3142 2.94429
      vertex 13 31.8678 3.80194
      vertex 13 31.7769 3.84295
    endloop
  endfacet
  facet normal 1 0 0
    outer loop
      vertex 13 32.823 2.82257
      vertex 13 31.7615 2.43233
      vertex 13 31.7962 2.33992
    endloop
  endfacet
  facet normal 1 0 0
    outer loop
      vertex 13 32.732 3
      vertex 13 31.7187 2.52126
      vertex 13 31.7615 2.43233
    endloop
  endfacet
  facet normal 1 0 0
    outer loop
      vertex 13 31.3142 2.94429
      vertex 13 31.7769 3.84295
      vertex 13 31.684 3.87938
    endloop
  endfacet
  facet normal 1 0 0
    outer loop
      vertex 13 32.6239 3.16749
      vertex 13 31.668 2.60599
      vertex 13 31.7187 2.52126
    endloop
  endfacet
  facet normal 1 0 0
    outer loop
      vertex 13 32.4996 3.32337
      vertex 13 31.61 2.68584
      vertex 13 31.668 2.60599
    endloop
  endfacet
  facet normal 1 0 0
    outer loop
      vertex 13 31.2273 2.99107
      vertex 13 31.684 3.87938
      vertex 13 31.5895 3.91115
    endloop
  endfacet
  facet normal 1 0 0
    outer loop
      vertex 13 32.3603 3.4661
      vertex 13 31.5451 2.76017
      vertex 13 31.61 2.68584
    endloop
  endfacet
  facet normal 1 0 0
    outer loop
      vertex 13 31.2273 2.99107
      vertex 13 31.5895 3.91115
      vertex 13 31.4935 3.93815
    endloop
  endfacet
  facet normal 1 0 0
    outer loop
      vertex 13 32.2076 3.59426
      vertex 13 31.4737 2.82838
      vertex 13 31.5451 2.76017
    endloop
  endfacet
  facet normal 1 0 0
    outer loop
      vertex 13 32.0429 3.70658
      vertex 13 31.3966 2.88992
      vertex 13 31.4737 2.82838
    endloop
  endfacet
  facet normal 1 0 0
    outer loop
      vertex 13 31.1365 3.02986
      vertex 13 31.4935 3.93815
      vertex 13 31.3963 3.96034
    endloop
  endfacet
  facet normal 1 0 0
    outer loop
      vertex 13 31.8678 3.80194
      vertex 13 31.3142 2.94429
      vertex 13 31.3966 2.88992
    endloop
  endfacet
  facet normal 1 0 0
    outer loop
      vertex 13 31.1365 3.02986
      vertex 13 31.3963 3.96034
      vertex 13 31.2981 3.97766
    endloop
  endfacet
  facet normal 1 0 0
    outer loop
      vertex 13 31.684 3.87938
      vertex 13 31.2273 2.99107
      vertex 13 31.3142 2.94429
    endloop
  endfacet
  facet normal 1 0 0
    outer loop
      vertex 13 31.0426 3.06036
      vertex 13 31.2981 3.97766
      vertex 13 31.1991 3.99006
    endloop
  endfacet
  facet normal 1 0 0
    outer loop
      vertex 13 31.4935 3.93815
      vertex 13 31.1365 3.02986
      vertex 13 31.2273 2.99107
    endloop
  endfacet
  facet normal 1 0 0
    outer loop
      vertex 13 31.0426 3.06036
      vertex 13 31.1991 3.99006
      vertex 13 31.1 3.99749
    endloop
  endfacet
  facet normal 1 0 0
    outer loop
      vertex 13 31.2981 3.97766
      vertex 13 31.0426 3.06036
      vertex 13 31.1365 3.02986
    endloop
  endfacet
  facet normal 1 0 0
    outer loop
      vertex 13 32.4996 0.676628
      vertex 13 31.61 1.31416
      vertex 13 32.4317 0.603526
    endloop
  endfacet
  facet normal 1 0 0
    outer loop
      vertex 13 32.4317 0.603526
      vertex 13 31.61 1.31416
      vertex 13 32.3603 0.533895
    endloop
  endfacet
  facet normal 1 -0 0
    outer loop
      vertex 13 31.5451 1.23983
      vertex 13 32.3603 0.533895
      vertex 13 31.61 1.31416
    endloop
  endfacet
  facet normal 1 0 0
    outer loop
      vertex 13 32.3603 0.533895
      vertex 13 31.5451 1.23983
      vertex 13 32.2856 0.467911
    endloop
  endfacet
  facet normal 1 0 0
    outer loop
      vertex 13 32.2856 0.467911
      vertex 13 31.5451 1.23983
      vertex 13 32.2076 0.405735
    endloop
  endfacet
  facet normal 1 -0 0
    outer loop
      vertex 13 31.4737 1.17162
      vertex 13 32.2076 0.405735
      vertex 13 31.5451 1.23983
    endloop
  endfacet
  facet normal 1 0 0
    outer loop
      vertex 13 32.2076 0.405735
      vertex 13 31.4737 1.17162
      vertex 13 32.1266 0.347522
    endloop
  endfacet
  facet normal 1 0 0
    outer loop
      vertex 13 32.1266 0.347522
      vertex 13 31.4737 1.17162
      vertex 13 32.0429 0.293418
    endloop
  endfacet
  facet normal 1 -0 0
    outer loop
      vertex 13 31.3966 1.11008
      vertex 13 32.0429 0.293418
      vertex 13 31.4737 1.17162
    endloop
  endfacet
  facet normal 1 0 0
    outer loop
      vertex 13 32.0429 0.293418
      vertex 13 31.3966 1.11008
      vertex 13 31.9565 0.243556
    endloop
  endfacet
  facet normal 1 0 0
    outer loop
      vertex 13 31.9565 0.243556
      vertex 13 31.3966 1.11008
      vertex 13 31.8678 0.198062
    endloop
  endfacet
  facet normal 1 -0 0
    outer loop
      vertex 13 31.3142 1.05571
      vertex 13 31.8678 0.198062
      vertex 13 31.3966 1.11008
    endloop
  endfacet
  facet normal 1 0 0
    outer loop
      vertex 13 31.8678 0.198062
      vertex 13 31.3142 1.05571
      vertex 13 31.7769 0.157047
    endloop
  endfacet
  facet normal 1 0 0
    outer loop
      vertex 13 31.7769 0.157047
      vertex 13 31.3142 1.05571
      vertex 13 31.684 0.120614
    endloop
  endfacet
  facet normal 1 -0 0
    outer loop
      vertex 13 31.2273 1.00893
      vertex 13 31.684 0.120614
      vertex 13 31.3142 1.05571
    endloop
  endfacet
  facet normal 1 0 0
    outer loop
      vertex 13 31.684 0.120614
      vertex 13 31.2273 1.00893
      vertex 13 31.5895 0.0888538
    endloop
  endfacet
  facet normal 1 0 0
    outer loop
      vertex 13 31.5895 0.0888538
      vertex 13 31.2273 1.00893
      vertex 13 31.4935 0.0618448
    endloop
  endfacet
  facet normal 1 -0 0
    outer loop
      vertex 13 31.1365 0.970141
      vertex 13 31.4935 0.0618448
      vertex 13 31.2273 1.00893
    endloop
  endfacet
  facet normal 1 0 0
    outer loop
      vertex 13 31.4935 0.0618448
      vertex 13 31.1365 0.970141
      vertex 13 31.3963 0.0396547
    endloop
  endfacet
  facet normal 1 0 0
    outer loop
      vertex 13 31.3963 0.0396547
      vertex 13 31.1365 0.970141
      vertex 13 31.2981 0.0223379
    endloop
  endfacet
  facet normal 1 -0 0
    outer loop
      vertex 13 31.0426 0.93964
      vertex 13 31.2981 0.0223379
      vertex 13 31.1365 0.970141
    endloop
  endfacet
  facet normal 1 0 0
    outer loop
      vertex 13 31.2981 0.0223379
      vertex 13 31.0426 0.93964
      vertex 13 31.1991 0.00993824
    endloop
  endfacet
  facet normal 1 0 0
    outer loop
      vertex 13 31.1991 0.00993824
      vertex 13 31.0426 0.93964
      vertex 13 31.1 0.00250836
    endloop
  endfacet
  facet normal 1 -0 0
    outer loop
      vertex 13 30.9464 0.917677
      vertex 13 31.1 0.00250836
      vertex 13 31.0426 0.93964
    endloop
  endfacet
  facet normal 1 -0 0
    outer loop
      vertex 13 30.8486 0.904428
      vertex 13 31.1 0.00250836
      vertex 13 30.9464 0.917677
    endloop
  endfacet
  facet normal 1 -0 0
    outer loop
      vertex 13 30.75 0.9
      vertex 13 31.1 0.00250836
      vertex 13 30.8486 0.904428
    endloop
  endfacet
  facet normal 1 0 0
    outer loop
      vertex 13 30.6514 0.904428
      vertex 13 31.1 0.00250836
      vertex 13 30.75 0.9
    endloop
  endfacet
  facet normal 1 0 0
    outer loop
      vertex 13 30.5536 0.917677
      vertex 13 31.1 0.00250836
      vertex 13 30.6514 0.904428
    endloop
  endfacet
  facet normal 1 0 0
    outer loop
      vertex 13 30.4574 0.93964
      vertex 13 31.1 0.00250836
      vertex 13 30.5536 0.917677
    endloop
  endfacet
  facet normal 1 0 0
    outer loop
      vertex 13 31.1 0.00250836
      vertex 13 30.4574 0.93964
      vertex 13 31.1 0
    endloop
  endfacet
  facet normal 1 0 0
    outer loop
      vertex 13 30.3635 0.970141
      vertex 13 31.1 0
      vertex 13 30.4574 0.93964
    endloop
  endfacet
  facet normal 1 0 0
    outer loop
      vertex 13 30.2727 1.00893
      vertex 13 31.1 0
      vertex 13 30.3635 0.970141
    endloop
  endfacet
  facet normal 1 0 0
    outer loop
      vertex 13 28.4 0
      vertex 13 30.2727 1.00893
      vertex 13 30.1858 1.05571
    endloop
  endfacet
  facet normal 1 0 0
    outer loop
      vertex 13 28.4 0
      vertex 13 30.1858 1.05571
      vertex 13 30.1034 1.11008
    endloop
  endfacet
  facet normal 1 0 0
    outer loop
      vertex 13 28.4 0
      vertex 13 30.1034 1.11008
      vertex 13 30.0263 1.17162
    endloop
  endfacet
  facet normal 1 0 0
    outer loop
      vertex 13 28.4 0
      vertex 13 30.0263 1.17162
      vertex 13 29.9549 1.23983
    endloop
  endfacet
  facet normal 1 0 0
    outer loop
      vertex 13 28.4 0
      vertex 13 29.6511 1.95065
      vertex 13 28.4 4
    endloop
  endfacet
  facet normal 1 0 0
    outer loop
      vertex 13 29.6511 1.95065
      vertex 13 28.4 0
      vertex 13 29.66 1.85234
    endloop
  endfacet
  facet normal 1 0 0
    outer loop
      vertex 13 29.66 1.85234
      vertex 13 28.4 0
      vertex 13 29.6776 1.75523
    endloop
  endfacet
  facet normal 1 0 0
    outer loop
      vertex 13 29.6776 1.75523
      vertex 13 28.4 0
      vertex 13 29.7038 1.66008
    endloop
  endfacet
  facet normal 1 0 0
    outer loop
      vertex 13 29.7038 1.66008
      vertex 13 28.4 0
      vertex 13 29.7385 1.56767
    endloop
  endfacet
  facet normal 1 0 0
    outer loop
      vertex 13 30.2727 1.00893
      vertex 13 28.4 0
      vertex 13 31.1 0
    endloop
  endfacet
  facet normal 1 0 0
    outer loop
      vertex 13 29.89 1.31416
      vertex 13 28.4 0
      vertex 13 29.9549 1.23983
    endloop
  endfacet
  facet normal 1 0 0
    outer loop
      vertex 13 29.832 1.39401
      vertex 13 28.4 0
      vertex 13 29.89 1.31416
    endloop
  endfacet
  facet normal 1 0 0
    outer loop
      vertex 13 29.7813 1.47874
      vertex 13 28.4 0
      vertex 13 29.832 1.39401
    endloop
  endfacet
  facet normal 1 0 0
    outer loop
      vertex 13 29.7385 1.56767
      vertex 13 28.4 0
      vertex 13 29.7813 1.47874
    endloop
  endfacet
  facet normal 0 -0.69077 0.723075
    outer loop
      vertex 11 31.5451 1.23983
      vertex 13 31.4737 1.17162
      vertex 13 31.5451 1.23983
    endloop
  endfacet
  facet normal 0 -0.69077 0.723075
    outer loop
      vertex 13 31.4737 1.17162
      vertex 11 31.5451 1.23983
      vertex 11 31.4737 1.17162
    endloop
  endfacet
  facet normal 0 -0.69077 0.723075
    outer loop
      vertex 16 31.5451 1.23983
      vertex 18 31.4737 1.17162
      vertex 18 31.5451 1.23983
    endloop
  endfacet
  facet normal 0 -0.69077 0.723075
    outer loop
      vertex 18 31.4737 1.17162
      vertex 16 31.5451 1.23983
      vertex 16 31.4737 1.17162
    endloop
  endfacet
  facet normal 0 -0.222579 0.974915
    outer loop
      vertex 11 31.0426 0.93964
      vertex 13 30.9464 0.917677
      vertex 13 31.0426 0.93964
    endloop
  endfacet
  facet normal 0 -0.222579 0.974915
    outer loop
      vertex 13 30.9464 0.917677
      vertex 11 31.0426 0.93964
      vertex 11 30.9464 0.917677
    endloop
  endfacet
  facet normal 0 -0.222579 0.974915
    outer loop
      vertex 16 31.0426 0.93964
      vertex 18 30.9464 0.917677
      vertex 18 31.0426 0.93964
    endloop
  endfacet
  facet normal 0 -0.222579 0.974915
    outer loop
      vertex 18 30.9464 0.917677
      vertex 16 31.0426 0.93964
      vertex 16 30.9464 0.917677
    endloop
  endfacet
  facet normal 0 -0.98397 -0.178333
    outer loop
      vertex 11 31.84 2.14766
      vertex 13 31.8224 2.24477
      vertex 11 31.8224 2.24477
    endloop
  endfacet
  facet normal 0 -0.98397 -0.178333
    outer loop
      vertex 13 31.8224 2.24477
      vertex 11 31.84 2.14766
      vertex 13 31.84 2.14766
    endloop
  endfacet
  facet normal 0 -0.98397 -0.178333
    outer loop
      vertex 16 31.84 2.14766
      vertex 18 31.8224 2.24477
      vertex 16 31.8224 2.24477
    endloop
  endfacet
  facet normal 0 -0.98397 -0.178333
    outer loop
      vertex 18 31.8224 2.24477
      vertex 16 31.84 2.14766
      vertex 18 31.84 2.14766
    endloop
  endfacet
  facet normal 0 -0.550743 0.834675
    outer loop
      vertex 11 31.3966 1.11008
      vertex 13 31.3142 1.05571
      vertex 13 31.3966 1.11008
    endloop
  endfacet
  facet normal 0 -0.550743 0.834675
    outer loop
      vertex 13 31.3142 1.05571
      vertex 11 31.3966 1.11008
      vertex 11 31.3142 1.05571
    endloop
  endfacet
  facet normal 0 -0.550743 0.834675
    outer loop
      vertex 16 31.3966 1.11008
      vertex 18 31.3142 1.05571
      vertex 18 31.3966 1.11008
    endloop
  endfacet
  facet normal 0 -0.550743 0.834675
    outer loop
      vertex 18 31.3142 1.05571
      vertex 16 31.3966 1.11008
      vertex 16 31.3142 1.05571
    endloop
  endfacet
  facet normal 0 -0.0448635 0.998993
    outer loop
      vertex 11 30.8486 0.904428
      vertex 13 30.75 0.9
      vertex 13 30.8486 0.904428
    endloop
  endfacet
  facet normal 0 -0.0448635 0.998993
    outer loop
      vertex 13 30.75 0.9
      vertex 11 30.8486 0.904428
      vertex 11 30.75 0.9
    endloop
  endfacet
  facet normal 0 -0.0448635 0.998993
    outer loop
      vertex 16 30.8486 0.904428
      vertex 18 30.75 0.9
      vertex 18 30.8486 0.904428
    endloop
  endfacet
  facet normal 0 -0.0448635 0.998993
    outer loop
      vertex 18 30.75 0.9
      vertex 16 30.8486 0.904428
      vertex 16 30.75 0.9
    endloop
  endfacet
  facet normal 0 0.901074 0.433666
    outer loop
      vertex 13 29.7813 1.47874
      vertex 11 29.7385 1.56767
      vertex 13 29.7385 1.56767
    endloop
  endfacet
  facet normal 0 0.901074 0.433666
    outer loop
      vertex 11 29.7385 1.56767
      vertex 13 29.7813 1.47874
      vertex 11 29.7813 1.47874
    endloop
  endfacet
  facet normal 0 0.901074 0.433666
    outer loop
      vertex 18 29.7813 1.47874
      vertex 16 29.7385 1.56767
      vertex 18 29.7385 1.56767
    endloop
  endfacet
  facet normal 0 0.901074 0.433666
    outer loop
      vertex 16 29.7385 1.56767
      vertex 18 29.7813 1.47874
      vertex 16 29.7813 1.47874
    endloop
  endfacet
  facet normal 0 0.550743 -0.834675
    outer loop
      vertex 11 30.1034 2.88992
      vertex 13 30.1858 2.94429
      vertex 13 30.1034 2.88992
    endloop
  endfacet
  facet normal 0 0.550743 -0.834675
    outer loop
      vertex 13 30.1858 2.94429
      vertex 11 30.1034 2.88992
      vertex 11 30.1858 2.94429
    endloop
  endfacet
  facet normal 0 0.550743 -0.834675
    outer loop
      vertex 16 30.1034 2.88992
      vertex 18 30.1858 2.94429
      vertex 18 30.1034 2.88992
    endloop
  endfacet
  facet normal 0 0.550743 -0.834675
    outer loop
      vertex 18 30.1858 2.94429
      vertex 16 30.1034 2.88992
      vertex 16 30.1858 2.94429
    endloop
  endfacet
  facet normal 0 0.964118 0.265474
    outer loop
      vertex 13 29.7038 1.66008
      vertex 11 29.6776 1.75523
      vertex 13 29.6776 1.75523
    endloop
  endfacet
  facet normal 0 0.964118 0.265474
    outer loop
      vertex 11 29.6776 1.75523
      vertex 13 29.7038 1.66008
      vertex 11 29.7038 1.66008
    endloop
  endfacet
  facet normal 0 0.964118 0.265474
    outer loop
      vertex 18 29.7038 1.66008
      vertex 16 29.6776 1.75523
      vertex 18 29.6776 1.75523
    endloop
  endfacet
  facet normal 0 0.964118 0.265474
    outer loop
      vertex 16 29.6776 1.75523
      vertex 18 29.7038 1.66008
      vertex 16 29.7038 1.66008
    endloop
  endfacet
  facet normal 0 0.809086 -0.58769
    outer loop
      vertex 13 29.832 2.60599
      vertex 11 29.89 2.68584
      vertex 13 29.89 2.68584
    endloop
  endfacet
  facet normal 0 0.809086 -0.58769
    outer loop
      vertex 11 29.89 2.68584
      vertex 13 29.832 2.60599
      vertex 11 29.832 2.60599
    endloop
  endfacet
  facet normal 0 0.809086 -0.58769
    outer loop
      vertex 18 29.832 2.60599
      vertex 16 29.89 2.68584
      vertex 18 29.89 2.68584
    endloop
  endfacet
  facet normal 0 0.809086 -0.58769
    outer loop
      vertex 16 29.89 2.68584
      vertex 18 29.832 2.60599
      vertex 16 29.832 2.60599
    endloop
  endfacet
  facet normal 0 -0.995927 0.0901612
    outer loop
      vertex 11 31.84 1.85234
      vertex 13 31.8489 1.95065
      vertex 11 31.8489 1.95065
    endloop
  endfacet
  facet normal 0 -0.995927 0.0901612
    outer loop
      vertex 13 31.8489 1.95065
      vertex 11 31.84 1.85234
      vertex 13 31.84 1.85234
    endloop
  endfacet
  facet normal 0 -0.995927 0.0901612
    outer loop
      vertex 16 31.84 1.85234
      vertex 18 31.8489 1.95065
      vertex 16 31.8489 1.95065
    endloop
  endfacet
  facet normal 0 -0.995927 0.0901612
    outer loop
      vertex 18 31.8489 1.95065
      vertex 16 31.84 1.85234
      vertex 18 31.84 1.85234
    endloop
  endfacet
  facet normal 0 -0.753273 -0.657708
    outer loop
      vertex 11 31.61 2.68584
      vertex 13 31.5451 2.76017
      vertex 11 31.5451 2.76017
    endloop
  endfacet
  facet normal 0 -0.753273 -0.657708
    outer loop
      vertex 13 31.5451 2.76017
      vertex 11 31.61 2.68584
      vertex 13 31.61 2.68584
    endloop
  endfacet
  facet normal 0 -0.753273 -0.657708
    outer loop
      vertex 16 31.61 2.68584
      vertex 18 31.5451 2.76017
      vertex 16 31.5451 2.76017
    endloop
  endfacet
  facet normal 0 -0.753273 -0.657708
    outer loop
      vertex 18 31.5451 2.76017
      vertex 16 31.61 2.68584
      vertex 18 31.61 2.68584
    endloop
  endfacet
  facet normal 0 -0.901074 -0.433666
    outer loop
      vertex 11 31.7615 2.43233
      vertex 13 31.7187 2.52126
      vertex 11 31.7187 2.52126
    endloop
  endfacet
  facet normal 0 -0.901074 -0.433666
    outer loop
      vertex 13 31.7187 2.52126
      vertex 11 31.7615 2.43233
      vertex 13 31.7615 2.43233
    endloop
  endfacet
  facet normal 0 -0.901074 -0.433666
    outer loop
      vertex 16 31.7615 2.43233
      vertex 18 31.7187 2.52126
      vertex 16 31.7187 2.52126
    endloop
  endfacet
  facet normal 0 -0.901074 -0.433666
    outer loop
      vertex 18 31.7187 2.52126
      vertex 16 31.7615 2.43233
      vertex 18 31.7615 2.43233
    endloop
  endfacet
  facet normal 0 0.98397 0.178333
    outer loop
      vertex 13 29.6776 1.75523
      vertex 11 29.66 1.85234
      vertex 13 29.66 1.85234
    endloop
  endfacet
  facet normal 0 0.98397 0.178333
    outer loop
      vertex 11 29.66 1.85234
      vertex 13 29.6776 1.75523
      vertex 11 29.6776 1.75523
    endloop
  endfacet
  facet normal 0 0.98397 0.178333
    outer loop
      vertex 18 29.6776 1.75523
      vertex 16 29.66 1.85234
      vertex 18 29.66 1.85234
    endloop
  endfacet
  facet normal 0 0.98397 0.178333
    outer loop
      vertex 16 29.66 1.85234
      vertex 18 29.6776 1.75523
      vertex 16 29.6776 1.75523
    endloop
  endfacet
  facet normal 0 -0.134254 -0.990947
    outer loop
      vertex 11 30.8486 3.09557
      vertex 13 30.9464 3.08232
      vertex 13 30.8486 3.09557
    endloop
  endfacet
  facet normal -0 -0.134254 -0.990947
    outer loop
      vertex 13 30.9464 3.08232
      vertex 11 30.8486 3.09557
      vertex 11 30.9464 3.08232
    endloop
  endfacet
  facet normal 0 -0.134254 -0.990947
    outer loop
      vertex 16 30.8486 3.09557
      vertex 18 30.9464 3.08232
      vertex 18 30.8486 3.09557
    endloop
  endfacet
  facet normal -0 -0.134254 -0.990947
    outer loop
      vertex 18 30.9464 3.08232
      vertex 16 30.8486 3.09557
      vertex 16 30.9464 3.08232
    endloop
  endfacet
  facet normal 0 -0.623829 0.781561
    outer loop
      vertex 11 31.4737 1.17162
      vertex 13 31.3966 1.11008
      vertex 13 31.4737 1.17162
    endloop
  endfacet
  facet normal 0 -0.623829 0.781561
    outer loop
      vertex 13 31.3966 1.11008
      vertex 11 31.4737 1.17162
      vertex 11 31.3966 1.11008
    endloop
  endfacet
  facet normal 0 -0.623829 0.781561
    outer loop
      vertex 16 31.4737 1.17162
      vertex 18 31.3966 1.11008
      vertex 18 31.4737 1.17162
    endloop
  endfacet
  facet normal 0 -0.623829 0.781561
    outer loop
      vertex 18 31.3966 1.11008
      vertex 16 31.4737 1.17162
      vertex 16 31.3966 1.11008
    endloop
  endfacet
  facet normal 0 0.474003 -0.880523
    outer loop
      vertex 11 30.1858 2.94429
      vertex 13 30.2727 2.99107
      vertex 13 30.1858 2.94429
    endloop
  endfacet
  facet normal 0 0.474003 -0.880523
    outer loop
      vertex 13 30.2727 2.99107
      vertex 11 30.1858 2.94429
      vertex 11 30.2727 2.99107
    endloop
  endfacet
  facet normal 0 0.474003 -0.880523
    outer loop
      vertex 16 30.1858 2.94429
      vertex 18 30.2727 2.99107
      vertex 18 30.1858 2.94429
    endloop
  endfacet
  facet normal 0 0.474003 -0.880523
    outer loop
      vertex 18 30.2727 2.99107
      vertex 16 30.1858 2.94429
      vertex 16 30.2727 2.99107
    endloop
  endfacet
  facet normal 0 -0.858109 -0.513468
    outer loop
      vertex 11 31.7187 2.52126
      vertex 13 31.668 2.60599
      vertex 11 31.668 2.60599
    endloop
  endfacet
  facet normal 0 -0.858109 -0.513468
    outer loop
      vertex 13 31.668 2.60599
      vertex 11 31.7187 2.52126
      vertex 13 31.7187 2.52126
    endloop
  endfacet
  facet normal 0 -0.858109 -0.513468
    outer loop
      vertex 16 31.7187 2.52126
      vertex 18 31.668 2.60599
      vertex 16 31.668 2.60599
    endloop
  endfacet
  facet normal 0 -0.858109 -0.513468
    outer loop
      vertex 18 31.668 2.60599
      vertex 16 31.7187 2.52126
      vertex 18 31.7187 2.52126
    endloop
  endfacet
  facet normal 0 -0.964118 0.265474
    outer loop
      vertex 11 31.7962 1.66008
      vertex 13 31.8224 1.75523
      vertex 11 31.8224 1.75523
    endloop
  endfacet
  facet normal 0 -0.964118 0.265474
    outer loop
      vertex 13 31.8224 1.75523
      vertex 11 31.7962 1.66008
      vertex 13 31.7962 1.66008
    endloop
  endfacet
  facet normal 0 -0.964118 0.265474
    outer loop
      vertex 16 31.7962 1.66008
      vertex 18 31.8224 1.75523
      vertex 16 31.8224 1.75523
    endloop
  endfacet
  facet normal 0 -0.964118 0.265474
    outer loop
      vertex 18 31.8224 1.75523
      vertex 16 31.7962 1.66008
      vertex 18 31.7962 1.66008
    endloop
  endfacet
  facet normal -0 0.623829 0.781561
    outer loop
      vertex 11 30.1034 1.11008
      vertex 13 30.0263 1.17162
      vertex 13 30.1034 1.11008
    endloop
  endfacet
  facet normal 0 0.623829 0.781561
    outer loop
      vertex 13 30.0263 1.17162
      vertex 11 30.1034 1.11008
      vertex 11 30.0263 1.17162
    endloop
  endfacet
  facet normal -0 0.623829 0.781561
    outer loop
      vertex 16 30.1034 1.11008
      vertex 18 30.0263 1.17162
      vertex 18 30.1034 1.11008
    endloop
  endfacet
  facet normal 0 0.623829 0.781561
    outer loop
      vertex 18 30.0263 1.17162
      vertex 16 30.1034 1.11008
      vertex 16 30.0263 1.17162
    endloop
  endfacet
  facet normal 0 -0.936175 0.351534
    outer loop
      vertex 11 31.7615 1.56767
      vertex 13 31.7962 1.66008
      vertex 11 31.7962 1.66008
    endloop
  endfacet
  facet normal 0 -0.936175 0.351534
    outer loop
      vertex 13 31.7962 1.66008
      vertex 11 31.7615 1.56767
      vertex 13 31.7615 1.56767
    endloop
  endfacet
  facet normal 0 -0.936175 0.351534
    outer loop
      vertex 16 31.7615 1.56767
      vertex 18 31.7962 1.66008
      vertex 16 31.7962 1.66008
    endloop
  endfacet
  facet normal 0 -0.936175 0.351534
    outer loop
      vertex 18 31.7962 1.66008
      vertex 16 31.7615 1.56767
      vertex 18 31.7615 1.56767
    endloop
  endfacet
  facet normal 0 -0.392847 0.919604
    outer loop
      vertex 11 31.2273 1.00893
      vertex 13 31.1365 0.970141
      vertex 13 31.2273 1.00893
    endloop
  endfacet
  facet normal 0 -0.392847 0.919604
    outer loop
      vertex 13 31.1365 0.970141
      vertex 11 31.2273 1.00893
      vertex 11 31.1365 0.970141
    endloop
  endfacet
  facet normal 0 -0.392847 0.919604
    outer loop
      vertex 16 31.2273 1.00893
      vertex 18 31.1365 0.970141
      vertex 18 31.2273 1.00893
    endloop
  endfacet
  facet normal 0 -0.392847 0.919604
    outer loop
      vertex 18 31.1365 0.970141
      vertex 16 31.2273 1.00893
      vertex 16 31.1365 0.970141
    endloop
  endfacet
  facet normal 0 -0.809086 0.58769
    outer loop
      vertex 11 31.61 1.31416
      vertex 13 31.668 1.39401
      vertex 11 31.668 1.39401
    endloop
  endfacet
  facet normal 0 -0.809086 0.58769
    outer loop
      vertex 13 31.668 1.39401
      vertex 11 31.61 1.31416
      vertex 13 31.61 1.31416
    endloop
  endfacet
  facet normal 0 -0.809086 0.58769
    outer loop
      vertex 16 31.61 1.31416
      vertex 18 31.668 1.39401
      vertex 16 31.668 1.39401
    endloop
  endfacet
  facet normal 0 -0.809086 0.58769
    outer loop
      vertex 18 31.668 1.39401
      vertex 16 31.61 1.31416
      vertex 18 31.61 1.31416
    endloop
  endfacet
  facet normal 0 -0.550743 -0.834675
    outer loop
      vertex 11 31.3142 2.94429
      vertex 13 31.3966 2.88992
      vertex 13 31.3142 2.94429
    endloop
  endfacet
  facet normal -0 -0.550743 -0.834675
    outer loop
      vertex 13 31.3966 2.88992
      vertex 11 31.3142 2.94429
      vertex 11 31.3966 2.88992
    endloop
  endfacet
  facet normal 0 -0.550743 -0.834675
    outer loop
      vertex 16 31.3142 2.94429
      vertex 18 31.3966 2.88992
      vertex 18 31.3142 2.94429
    endloop
  endfacet
  facet normal -0 -0.550743 -0.834675
    outer loop
      vertex 18 31.3966 2.88992
      vertex 16 31.3142 2.94429
      vertex 16 31.3966 2.88992
    endloop
  endfacet
  facet normal 0 0.809086 0.58769
    outer loop
      vertex 13 29.89 1.31416
      vertex 11 29.832 1.39401
      vertex 13 29.832 1.39401
    endloop
  endfacet
  facet normal 0 0.809086 0.58769
    outer loop
      vertex 11 29.832 1.39401
      vertex 13 29.89 1.31416
      vertex 11 29.89 1.31416
    endloop
  endfacet
  facet normal 0 0.809086 0.58769
    outer loop
      vertex 18 29.89 1.31416
      vertex 16 29.832 1.39401
      vertex 18 29.832 1.39401
    endloop
  endfacet
  facet normal 0 0.809086 0.58769
    outer loop
      vertex 16 29.832 1.39401
      vertex 18 29.89 1.31416
      vertex 16 29.89 1.31416
    endloop
  endfacet
  facet normal 0 -0.995927 -0.0901612
    outer loop
      vertex 11 31.8489 2.04935
      vertex 13 31.84 2.14766
      vertex 11 31.84 2.14766
    endloop
  endfacet
  facet normal 0 -0.995927 -0.0901612
    outer loop
      vertex 13 31.84 2.14766
      vertex 11 31.8489 2.04935
      vertex 13 31.8489 2.04935
    endloop
  endfacet
  facet normal 0 -0.995927 -0.0901612
    outer loop
      vertex 16 31.8489 2.04935
      vertex 18 31.84 2.14766
      vertex 16 31.84 2.14766
    endloop
  endfacet
  facet normal 0 -0.995927 -0.0901612
    outer loop
      vertex 18 31.84 2.14766
      vertex 16 31.8489 2.04935
      vertex 18 31.8489 2.04935
    endloop
  endfacet
  facet normal 0 0.995927 -0.0901612
    outer loop
      vertex 13 29.6511 2.04935
      vertex 11 29.66 2.14766
      vertex 13 29.66 2.14766
    endloop
  endfacet
  facet normal 0 0.995927 -0.0901612
    outer loop
      vertex 11 29.66 2.14766
      vertex 13 29.6511 2.04935
      vertex 11 29.6511 2.04935
    endloop
  endfacet
  facet normal 0 0.995927 -0.0901612
    outer loop
      vertex 18 29.6511 2.04935
      vertex 16 29.66 2.14766
      vertex 18 29.66 2.14766
    endloop
  endfacet
  facet normal 0 0.995927 -0.0901612
    outer loop
      vertex 16 29.66 2.14766
      vertex 18 29.6511 2.04935
      vertex 16 29.6511 2.04935
    endloop
  endfacet
  facet normal 0 -0.858109 0.513468
    outer loop
      vertex 11 31.668 1.39401
      vertex 13 31.7187 1.47874
      vertex 11 31.7187 1.47874
    endloop
  endfacet
  facet normal 0 -0.858109 0.513468
    outer loop
      vertex 13 31.7187 1.47874
      vertex 11 31.668 1.39401
      vertex 13 31.668 1.39401
    endloop
  endfacet
  facet normal 0 -0.858109 0.513468
    outer loop
      vertex 16 31.668 1.39401
      vertex 18 31.7187 1.47874
      vertex 16 31.7187 1.47874
    endloop
  endfacet
  facet normal 0 -0.858109 0.513468
    outer loop
      vertex 18 31.7187 1.47874
      vertex 16 31.668 1.39401
      vertex 18 31.668 1.39401
    endloop
  endfacet
  facet normal 0 0.308926 -0.951086
    outer loop
      vertex 11 30.3635 3.02986
      vertex 13 30.4574 3.06036
      vertex 13 30.3635 3.02986
    endloop
  endfacet
  facet normal 0 0.308926 -0.951086
    outer loop
      vertex 13 30.4574 3.06036
      vertex 11 30.3635 3.02986
      vertex 11 30.4574 3.06036
    endloop
  endfacet
  facet normal 0 0.308926 -0.951086
    outer loop
      vertex 16 30.3635 3.02986
      vertex 18 30.4574 3.06036
      vertex 18 30.3635 3.02986
    endloop
  endfacet
  facet normal 0 0.308926 -0.951086
    outer loop
      vertex 18 30.4574 3.06036
      vertex 16 30.3635 3.02986
      vertex 16 30.4574 3.06036
    endloop
  endfacet
  facet normal 0 0.901074 -0.433666
    outer loop
      vertex 13 29.7385 2.43233
      vertex 11 29.7813 2.52126
      vertex 13 29.7813 2.52126
    endloop
  endfacet
  facet normal 0 0.901074 -0.433666
    outer loop
      vertex 11 29.7813 2.52126
      vertex 13 29.7385 2.43233
      vertex 11 29.7385 2.43233
    endloop
  endfacet
  facet normal 0 0.901074 -0.433666
    outer loop
      vertex 18 29.7385 2.43233
      vertex 16 29.7813 2.52126
      vertex 18 29.7813 2.52126
    endloop
  endfacet
  facet normal 0 0.901074 -0.433666
    outer loop
      vertex 16 29.7813 2.52126
      vertex 18 29.7385 2.43233
      vertex 16 29.7385 2.43233
    endloop
  endfacet
  facet normal -0 0.0448635 0.998993
    outer loop
      vertex 11 30.75 0.9
      vertex 13 30.6514 0.904428
      vertex 13 30.75 0.9
    endloop
  endfacet
  facet normal 0 0.0448635 0.998993
    outer loop
      vertex 13 30.6514 0.904428
      vertex 11 30.75 0.9
      vertex 11 30.6514 0.904428
    endloop
  endfacet
  facet normal -0 0.0448635 0.998993
    outer loop
      vertex 16 30.75 0.9
      vertex 18 30.6514 0.904428
      vertex 18 30.75 0.9
    endloop
  endfacet
  facet normal 0 0.0448635 0.998993
    outer loop
      vertex 18 30.6514 0.904428
      vertex 16 30.75 0.9
      vertex 16 30.6514 0.904428
    endloop
  endfacet
  facet normal 0 -0.936175 -0.351534
    outer loop
      vertex 11 31.7962 2.33992
      vertex 13 31.7615 2.43233
      vertex 11 31.7615 2.43233
    endloop
  endfacet
  facet normal 0 -0.936175 -0.351534
    outer loop
      vertex 13 31.7615 2.43233
      vertex 11 31.7962 2.33992
      vertex 13 31.7962 2.33992
    endloop
  endfacet
  facet normal 0 -0.936175 -0.351534
    outer loop
      vertex 16 31.7962 2.33992
      vertex 18 31.7615 2.43233
      vertex 16 31.7615 2.43233
    endloop
  endfacet
  facet normal 0 -0.936175 -0.351534
    outer loop
      vertex 18 31.7615 2.43233
      vertex 16 31.7962 2.33992
      vertex 18 31.7962 2.33992
    endloop
  endfacet
  facet normal 0 -0.753273 0.657708
    outer loop
      vertex 11 31.5451 1.23983
      vertex 13 31.61 1.31416
      vertex 11 31.61 1.31416
    endloop
  endfacet
  facet normal 0 -0.753273 0.657708
    outer loop
      vertex 13 31.61 1.31416
      vertex 11 31.5451 1.23983
      vertex 13 31.5451 1.23983
    endloop
  endfacet
  facet normal 0 -0.753273 0.657708
    outer loop
      vertex 16 31.5451 1.23983
      vertex 18 31.61 1.31416
      vertex 16 31.61 1.31416
    endloop
  endfacet
  facet normal 0 -0.753273 0.657708
    outer loop
      vertex 18 31.61 1.31416
      vertex 16 31.5451 1.23983
      vertex 18 31.5451 1.23983
    endloop
  endfacet
  facet normal 0 0.392856 -0.9196
    outer loop
      vertex 11 30.2727 2.99107
      vertex 13 30.3635 3.02986
      vertex 13 30.2727 2.99107
    endloop
  endfacet
  facet normal 0 0.392856 -0.9196
    outer loop
      vertex 13 30.3635 3.02986
      vertex 11 30.2727 2.99107
      vertex 11 30.3635 3.02986
    endloop
  endfacet
  facet normal 0 0.392856 -0.9196
    outer loop
      vertex 16 30.2727 2.99107
      vertex 18 30.3635 3.02986
      vertex 18 30.2727 2.99107
    endloop
  endfacet
  facet normal 0 0.392856 -0.9196
    outer loop
      vertex 18 30.3635 3.02986
      vertex 16 30.2727 2.99107
      vertex 16 30.3635 3.02986
    endloop
  endfacet
  facet normal 0 -0.134244 0.990948
    outer loop
      vertex 11 30.9464 0.917677
      vertex 13 30.8486 0.904428
      vertex 13 30.9464 0.917677
    endloop
  endfacet
  facet normal 0 -0.134244 0.990948
    outer loop
      vertex 13 30.8486 0.904428
      vertex 11 30.9464 0.917677
      vertex 11 30.8486 0.904428
    endloop
  endfacet
  facet normal 0 -0.134244 0.990948
    outer loop
      vertex 16 30.9464 0.917677
      vertex 18 30.8486 0.904428
      vertex 18 30.9464 0.917677
    endloop
  endfacet
  facet normal 0 -0.134244 0.990948
    outer loop
      vertex 18 30.8486 0.904428
      vertex 16 30.9464 0.917677
      vertex 16 30.8486 0.904428
    endloop
  endfacet
  facet normal 0 -0.308935 0.951083
    outer loop
      vertex 11 31.1365 0.970141
      vertex 13 31.0426 0.93964
      vertex 13 31.1365 0.970141
    endloop
  endfacet
  facet normal 0 -0.308935 0.951083
    outer loop
      vertex 13 31.0426 0.93964
      vertex 11 31.1365 0.970141
      vertex 11 31.0426 0.93964
    endloop
  endfacet
  facet normal 0 -0.308935 0.951083
    outer loop
      vertex 16 31.1365 0.970141
      vertex 18 31.0426 0.93964
      vertex 18 31.1365 0.970141
    endloop
  endfacet
  facet normal 0 -0.308935 0.951083
    outer loop
      vertex 18 31.0426 0.93964
      vertex 16 31.1365 0.970141
      vertex 16 31.0426 0.93964
    endloop
  endfacet
  facet normal 0 0.69077 -0.723075
    outer loop
      vertex 11 29.9549 2.76017
      vertex 13 30.0263 2.82838
      vertex 13 29.9549 2.76017
    endloop
  endfacet
  facet normal 0 0.69077 -0.723075
    outer loop
      vertex 13 30.0263 2.82838
      vertex 11 29.9549 2.76017
      vertex 11 30.0263 2.82838
    endloop
  endfacet
  facet normal 0 0.69077 -0.723075
    outer loop
      vertex 16 29.9549 2.76017
      vertex 18 30.0263 2.82838
      vertex 18 29.9549 2.76017
    endloop
  endfacet
  facet normal 0 0.69077 -0.723075
    outer loop
      vertex 18 30.0263 2.82838
      vertex 16 29.9549 2.76017
      vertex 16 30.0263 2.82838
    endloop
  endfacet
  facet normal -0 0.222579 0.974915
    outer loop
      vertex 11 30.5536 0.917677
      vertex 13 30.4574 0.93964
      vertex 13 30.5536 0.917677
    endloop
  endfacet
  facet normal 0 0.222579 0.974915
    outer loop
      vertex 13 30.4574 0.93964
      vertex 11 30.5536 0.917677
      vertex 11 30.4574 0.93964
    endloop
  endfacet
  facet normal -0 0.222579 0.974915
    outer loop
      vertex 16 30.5536 0.917677
      vertex 18 30.4574 0.93964
      vertex 18 30.5536 0.917677
    endloop
  endfacet
  facet normal 0 0.222579 0.974915
    outer loop
      vertex 18 30.4574 0.93964
      vertex 16 30.5536 0.917677
      vertex 16 30.4574 0.93964
    endloop
  endfacet
  facet normal -0 0.134244 0.990948
    outer loop
      vertex 11 30.6514 0.904428
      vertex 13 30.5536 0.917677
      vertex 13 30.6514 0.904428
    endloop
  endfacet
  facet normal 0 0.134244 0.990948
    outer loop
      vertex 13 30.5536 0.917677
      vertex 11 30.6514 0.904428
      vertex 11 30.5536 0.917677
    endloop
  endfacet
  facet normal -0 0.134244 0.990948
    outer loop
      vertex 16 30.6514 0.904428
      vertex 18 30.5536 0.917677
      vertex 18 30.6514 0.904428
    endloop
  endfacet
  facet normal 0 0.134244 0.990948
    outer loop
      vertex 18 30.5536 0.917677
      vertex 16 30.6514 0.904428
      vertex 16 30.5536 0.917677
    endloop
  endfacet
  facet normal 0 -0.809086 -0.58769
    outer loop
      vertex 11 31.668 2.60599
      vertex 13 31.61 2.68584
      vertex 11 31.61 2.68584
    endloop
  endfacet
  facet normal 0 -0.809086 -0.58769
    outer loop
      vertex 13 31.61 2.68584
      vertex 11 31.668 2.60599
      vertex 13 31.668 2.60599
    endloop
  endfacet
  facet normal 0 -0.809086 -0.58769
    outer loop
      vertex 16 31.668 2.60599
      vertex 18 31.61 2.68584
      vertex 16 31.61 2.68584
    endloop
  endfacet
  facet normal 0 -0.809086 -0.58769
    outer loop
      vertex 18 31.61 2.68584
      vertex 16 31.668 2.60599
      vertex 18 31.668 2.60599
    endloop
  endfacet
  facet normal 0 -0.964118 -0.265474
    outer loop
      vertex 11 31.8224 2.24477
      vertex 13 31.7962 2.33992
      vertex 11 31.7962 2.33992
    endloop
  endfacet
  facet normal 0 -0.964118 -0.265474
    outer loop
      vertex 13 31.7962 2.33992
      vertex 11 31.8224 2.24477
      vertex 13 31.8224 2.24477
    endloop
  endfacet
  facet normal 0 -0.964118 -0.265474
    outer loop
      vertex 16 31.8224 2.24477
      vertex 18 31.7962 2.33992
      vertex 16 31.7962 2.33992
    endloop
  endfacet
  facet normal 0 -0.964118 -0.265474
    outer loop
      vertex 18 31.7962 2.33992
      vertex 16 31.8224 2.24477
      vertex 18 31.8224 2.24477
    endloop
  endfacet
  facet normal 0 0.995927 0.0901612
    outer loop
      vertex 13 29.66 1.85234
      vertex 11 29.6511 1.95065
      vertex 13 29.6511 1.95065
    endloop
  endfacet
  facet normal 0 0.995927 0.0901612
    outer loop
      vertex 11 29.6511 1.95065
      vertex 13 29.66 1.85234
      vertex 11 29.66 1.85234
    endloop
  endfacet
  facet normal 0 0.995927 0.0901612
    outer loop
      vertex 18 29.66 1.85234
      vertex 16 29.6511 1.95065
      vertex 18 29.6511 1.95065
    endloop
  endfacet
  facet normal 0 0.995927 0.0901612
    outer loop
      vertex 16 29.6511 1.95065
      vertex 18 29.66 1.85234
      vertex 16 29.66 1.85234
    endloop
  endfacet
  facet normal -0 0.550743 0.834675
    outer loop
      vertex 11 30.1858 1.05571
      vertex 13 30.1034 1.11008
      vertex 13 30.1858 1.05571
    endloop
  endfacet
  facet normal 0 0.550743 0.834675
    outer loop
      vertex 13 30.1034 1.11008
      vertex 11 30.1858 1.05571
      vertex 11 30.1034 1.11008
    endloop
  endfacet
  facet normal -0 0.550743 0.834675
    outer loop
      vertex 16 30.1858 1.05571
      vertex 18 30.1034 1.11008
      vertex 18 30.1858 1.05571
    endloop
  endfacet
  facet normal 0 0.550743 0.834675
    outer loop
      vertex 18 30.1034 1.11008
      vertex 16 30.1858 1.05571
      vertex 16 30.1034 1.11008
    endloop
  endfacet
  facet normal 0 -0.623829 -0.781561
    outer loop
      vertex 11 31.3966 2.88992
      vertex 13 31.4737 2.82838
      vertex 13 31.3966 2.88992
    endloop
  endfacet
  facet normal -0 -0.623829 -0.781561
    outer loop
      vertex 13 31.4737 2.82838
      vertex 11 31.3966 2.88992
      vertex 11 31.4737 2.82838
    endloop
  endfacet
  facet normal 0 -0.623829 -0.781561
    outer loop
      vertex 16 31.3966 2.88992
      vertex 18 31.4737 2.82838
      vertex 18 31.3966 2.88992
    endloop
  endfacet
  facet normal -0 -0.623829 -0.781561
    outer loop
      vertex 18 31.4737 2.82838
      vertex 16 31.3966 2.88992
      vertex 16 31.4737 2.82838
    endloop
  endfacet
  facet normal 0 -0.901074 0.433666
    outer loop
      vertex 11 31.7187 1.47874
      vertex 13 31.7615 1.56767
      vertex 11 31.7615 1.56767
    endloop
  endfacet
  facet normal 0 -0.901074 0.433666
    outer loop
      vertex 13 31.7615 1.56767
      vertex 11 31.7187 1.47874
      vertex 13 31.7187 1.47874
    endloop
  endfacet
  facet normal 0 -0.901074 0.433666
    outer loop
      vertex 16 31.7187 1.47874
      vertex 18 31.7615 1.56767
      vertex 16 31.7615 1.56767
    endloop
  endfacet
  facet normal 0 -0.901074 0.433666
    outer loop
      vertex 18 31.7615 1.56767
      vertex 16 31.7187 1.47874
      vertex 18 31.7187 1.47874
    endloop
  endfacet
  facet normal 0 -0.474003 0.880523
    outer loop
      vertex 11 31.3142 1.05571
      vertex 13 31.2273 1.00893
      vertex 13 31.3142 1.05571
    endloop
  endfacet
  facet normal 0 -0.474003 0.880523
    outer loop
      vertex 13 31.2273 1.00893
      vertex 11 31.3142 1.05571
      vertex 11 31.2273 1.00893
    endloop
  endfacet
  facet normal 0 -0.474003 0.880523
    outer loop
      vertex 16 31.3142 1.05571
      vertex 18 31.2273 1.00893
      vertex 18 31.3142 1.05571
    endloop
  endfacet
  facet normal 0 -0.474003 0.880523
    outer loop
      vertex 18 31.2273 1.00893
      vertex 16 31.3142 1.05571
      vertex 16 31.2273 1.00893
    endloop
  endfacet
  facet normal 0 0.753273 0.657708
    outer loop
      vertex 13 29.9549 1.23983
      vertex 11 29.89 1.31416
      vertex 13 29.89 1.31416
    endloop
  endfacet
  facet normal 0 0.753273 0.657708
    outer loop
      vertex 11 29.89 1.31416
      vertex 13 29.9549 1.23983
      vertex 11 29.9549 1.23983
    endloop
  endfacet
  facet normal 0 0.753273 0.657708
    outer loop
      vertex 18 29.9549 1.23983
      vertex 16 29.89 1.31416
      vertex 18 29.89 1.31416
    endloop
  endfacet
  facet normal 0 0.753273 0.657708
    outer loop
      vertex 16 29.89 1.31416
      vertex 18 29.9549 1.23983
      vertex 16 29.9549 1.23983
    endloop
  endfacet
  facet normal 0 0.98397 -0.178333
    outer loop
      vertex 13 29.66 2.14766
      vertex 11 29.6776 2.24477
      vertex 13 29.6776 2.24477
    endloop
  endfacet
  facet normal 0 0.98397 -0.178333
    outer loop
      vertex 11 29.6776 2.24477
      vertex 13 29.66 2.14766
      vertex 11 29.66 2.14766
    endloop
  endfacet
  facet normal 0 0.98397 -0.178333
    outer loop
      vertex 18 29.66 2.14766
      vertex 16 29.6776 2.24477
      vertex 18 29.6776 2.24477
    endloop
  endfacet
  facet normal 0 0.98397 -0.178333
    outer loop
      vertex 16 29.6776 2.24477
      vertex 18 29.66 2.14766
      vertex 16 29.66 2.14766
    endloop
  endfacet
  facet normal 0 -1 0
    outer loop
      vertex 11 31.8489 1.95065
      vertex 13 31.8489 2.04935
      vertex 11 31.8489 2.04935
    endloop
  endfacet
  facet normal 0 -1 -0
    outer loop
      vertex 13 31.8489 2.04935
      vertex 11 31.8489 1.95065
      vertex 13 31.8489 1.95065
    endloop
  endfacet
  facet normal 0 -1 0
    outer loop
      vertex 16 31.8489 1.95065
      vertex 18 31.8489 2.04935
      vertex 16 31.8489 2.04935
    endloop
  endfacet
  facet normal 0 -1 -0
    outer loop
      vertex 18 31.8489 2.04935
      vertex 16 31.8489 1.95065
      vertex 18 31.8489 1.95065
    endloop
  endfacet
  facet normal -0 0.474003 0.880523
    outer loop
      vertex 11 30.2727 1.00893
      vertex 13 30.1858 1.05571
      vertex 13 30.2727 1.00893
    endloop
  endfacet
  facet normal 0 0.474003 0.880523
    outer loop
      vertex 13 30.1858 1.05571
      vertex 11 30.2727 1.00893
      vertex 11 30.1858 1.05571
    endloop
  endfacet
  facet normal -0 0.474003 0.880523
    outer loop
      vertex 16 30.2727 1.00893
      vertex 18 30.1858 1.05571
      vertex 18 30.2727 1.00893
    endloop
  endfacet
  facet normal 0 0.474003 0.880523
    outer loop
      vertex 18 30.1858 1.05571
      vertex 16 30.2727 1.00893
      vertex 16 30.1858 1.05571
    endloop
  endfacet
  facet normal 0 -0.69077 -0.723075
    outer loop
      vertex 11 31.4737 2.82838
      vertex 13 31.5451 2.76017
      vertex 13 31.4737 2.82838
    endloop
  endfacet
  facet normal -0 -0.69077 -0.723075
    outer loop
      vertex 13 31.5451 2.76017
      vertex 11 31.4737 2.82838
      vertex 11 31.5451 2.76017
    endloop
  endfacet
  facet normal 0 -0.69077 -0.723075
    outer loop
      vertex 16 31.4737 2.82838
      vertex 18 31.5451 2.76017
      vertex 18 31.4737 2.82838
    endloop
  endfacet
  facet normal -0 -0.69077 -0.723075
    outer loop
      vertex 18 31.5451 2.76017
      vertex 16 31.4737 2.82838
      vertex 16 31.5451 2.76017
    endloop
  endfacet
  facet normal 0 0.753273 -0.657708
    outer loop
      vertex 13 29.89 2.68584
      vertex 11 29.9549 2.76017
      vertex 13 29.9549 2.76017
    endloop
  endfacet
  facet normal 0 0.753273 -0.657708
    outer loop
      vertex 11 29.9549 2.76017
      vertex 13 29.89 2.68584
      vertex 11 29.89 2.68584
    endloop
  endfacet
  facet normal 0 0.753273 -0.657708
    outer loop
      vertex 18 29.89 2.68584
      vertex 16 29.9549 2.76017
      vertex 18 29.9549 2.76017
    endloop
  endfacet
  facet normal 0 0.753273 -0.657708
    outer loop
      vertex 16 29.9549 2.76017
      vertex 18 29.89 2.68584
      vertex 16 29.89 2.68584
    endloop
  endfacet
  facet normal 0 -0.22255 -0.974921
    outer loop
      vertex 11 30.9464 3.08232
      vertex 13 31.0426 3.06036
      vertex 13 30.9464 3.08232
    endloop
  endfacet
  facet normal -0 -0.22255 -0.974921
    outer loop
      vertex 13 31.0426 3.06036
      vertex 11 30.9464 3.08232
      vertex 11 31.0426 3.06036
    endloop
  endfacet
  facet normal 0 -0.22255 -0.974921
    outer loop
      vertex 16 30.9464 3.08232
      vertex 18 31.0426 3.06036
      vertex 18 30.9464 3.08232
    endloop
  endfacet
  facet normal -0 -0.22255 -0.974921
    outer loop
      vertex 18 31.0426 3.06036
      vertex 16 30.9464 3.08232
      vertex 16 31.0426 3.06036
    endloop
  endfacet
  facet normal 0 0.22255 -0.974921
    outer loop
      vertex 11 30.4574 3.06036
      vertex 13 30.5536 3.08232
      vertex 13 30.4574 3.06036
    endloop
  endfacet
  facet normal 0 0.22255 -0.974921
    outer loop
      vertex 13 30.5536 3.08232
      vertex 11 30.4574 3.06036
      vertex 11 30.5536 3.08232
    endloop
  endfacet
  facet normal 0 0.22255 -0.974921
    outer loop
      vertex 16 30.4574 3.06036
      vertex 18 30.5536 3.08232
      vertex 18 30.4574 3.06036
    endloop
  endfacet
  facet normal 0 0.22255 -0.974921
    outer loop
      vertex 18 30.5536 3.08232
      vertex 16 30.4574 3.06036
      vertex 16 30.5536 3.08232
    endloop
  endfacet
  facet normal 0 -0.0448837 -0.998992
    outer loop
      vertex 11 30.75 3.1
      vertex 13 30.8486 3.09557
      vertex 13 30.75 3.1
    endloop
  endfacet
  facet normal -0 -0.0448837 -0.998992
    outer loop
      vertex 13 30.8486 3.09557
      vertex 11 30.75 3.1
      vertex 11 30.8486 3.09557
    endloop
  endfacet
  facet normal 0 -0.0448837 -0.998992
    outer loop
      vertex 16 30.75 3.1
      vertex 18 30.8486 3.09557
      vertex 18 30.75 3.1
    endloop
  endfacet
  facet normal -0 -0.0448837 -0.998992
    outer loop
      vertex 18 30.8486 3.09557
      vertex 16 30.75 3.1
      vertex 16 30.8486 3.09557
    endloop
  endfacet
  facet normal 0 0.623829 -0.781561
    outer loop
      vertex 11 30.0263 2.82838
      vertex 13 30.1034 2.88992
      vertex 13 30.0263 2.82838
    endloop
  endfacet
  facet normal 0 0.623829 -0.781561
    outer loop
      vertex 13 30.1034 2.88992
      vertex 11 30.0263 2.82838
      vertex 11 30.1034 2.88992
    endloop
  endfacet
  facet normal 0 0.623829 -0.781561
    outer loop
      vertex 16 30.0263 2.82838
      vertex 18 30.1034 2.88992
      vertex 18 30.0263 2.82838
    endloop
  endfacet
  facet normal 0 0.623829 -0.781561
    outer loop
      vertex 18 30.1034 2.88992
      vertex 16 30.0263 2.82838
      vertex 16 30.1034 2.88992
    endloop
  endfacet
  facet normal 0 0.858109 0.513468
    outer loop
      vertex 13 29.832 1.39401
      vertex 11 29.7813 1.47874
      vertex 13 29.7813 1.47874
    endloop
  endfacet
  facet normal 0 0.858109 0.513468
    outer loop
      vertex 11 29.7813 1.47874
      vertex 13 29.832 1.39401
      vertex 11 29.832 1.39401
    endloop
  endfacet
  facet normal 0 0.858109 0.513468
    outer loop
      vertex 18 29.832 1.39401
      vertex 16 29.7813 1.47874
      vertex 18 29.7813 1.47874
    endloop
  endfacet
  facet normal 0 0.858109 0.513468
    outer loop
      vertex 16 29.7813 1.47874
      vertex 18 29.832 1.39401
      vertex 16 29.832 1.39401
    endloop
  endfacet
  facet normal 0 -0.98397 0.178333
    outer loop
      vertex 11 31.8224 1.75523
      vertex 13 31.84 1.85234
      vertex 11 31.84 1.85234
    endloop
  endfacet
  facet normal 0 -0.98397 0.178333
    outer loop
      vertex 13 31.84 1.85234
      vertex 11 31.8224 1.75523
      vertex 13 31.8224 1.75523
    endloop
  endfacet
  facet normal 0 -0.98397 0.178333
    outer loop
      vertex 16 31.8224 1.75523
      vertex 18 31.84 1.85234
      vertex 16 31.84 1.85234
    endloop
  endfacet
  facet normal 0 -0.98397 0.178333
    outer loop
      vertex 18 31.84 1.85234
      vertex 16 31.8224 1.75523
      vertex 18 31.8224 1.75523
    endloop
  endfacet
  facet normal 0 0.858109 -0.513468
    outer loop
      vertex 13 29.7813 2.52126
      vertex 11 29.832 2.60599
      vertex 13 29.832 2.60599
    endloop
  endfacet
  facet normal 0 0.858109 -0.513468
    outer loop
      vertex 11 29.832 2.60599
      vertex 13 29.7813 2.52126
      vertex 11 29.7813 2.52126
    endloop
  endfacet
  facet normal 0 0.858109 -0.513468
    outer loop
      vertex 18 29.7813 2.52126
      vertex 16 29.832 2.60599
      vertex 18 29.832 2.60599
    endloop
  endfacet
  facet normal 0 0.858109 -0.513468
    outer loop
      vertex 16 29.832 2.60599
      vertex 18 29.7813 2.52126
      vertex 16 29.7813 2.52126
    endloop
  endfacet
  facet normal 0 0.936175 0.351534
    outer loop
      vertex 13 29.7385 1.56767
      vertex 11 29.7038 1.66008
      vertex 13 29.7038 1.66008
    endloop
  endfacet
  facet normal 0 0.936175 0.351534
    outer loop
      vertex 11 29.7038 1.66008
      vertex 13 29.7385 1.56767
      vertex 11 29.7385 1.56767
    endloop
  endfacet
  facet normal 0 0.936175 0.351534
    outer loop
      vertex 18 29.7385 1.56767
      vertex 16 29.7038 1.66008
      vertex 18 29.7038 1.66008
    endloop
  endfacet
  facet normal 0 0.936175 0.351534
    outer loop
      vertex 16 29.7038 1.66008
      vertex 18 29.7385 1.56767
      vertex 16 29.7385 1.56767
    endloop
  endfacet
  facet normal 0 0.134254 -0.990947
    outer loop
      vertex 11 30.5536 3.08232
      vertex 13 30.6514 3.09557
      vertex 13 30.5536 3.08232
    endloop
  endfacet
  facet normal 0 0.134254 -0.990947
    outer loop
      vertex 13 30.6514 3.09557
      vertex 11 30.5536 3.08232
      vertex 11 30.6514 3.09557
    endloop
  endfacet
  facet normal 0 0.134254 -0.990947
    outer loop
      vertex 16 30.5536 3.08232
      vertex 18 30.6514 3.09557
      vertex 18 30.5536 3.08232
    endloop
  endfacet
  facet normal 0 0.134254 -0.990947
    outer loop
      vertex 18 30.6514 3.09557
      vertex 16 30.5536 3.08232
      vertex 16 30.6514 3.09557
    endloop
  endfacet
  facet normal 0 -0.392856 -0.9196
    outer loop
      vertex 11 31.1365 3.02986
      vertex 13 31.2273 2.99107
      vertex 13 31.1365 3.02986
    endloop
  endfacet
  facet normal -0 -0.392856 -0.9196
    outer loop
      vertex 13 31.2273 2.99107
      vertex 11 31.1365 3.02986
      vertex 11 31.2273 2.99107
    endloop
  endfacet
  facet normal 0 -0.392856 -0.9196
    outer loop
      vertex 16 31.1365 3.02986
      vertex 18 31.2273 2.99107
      vertex 18 31.1365 3.02986
    endloop
  endfacet
  facet normal -0 -0.392856 -0.9196
    outer loop
      vertex 18 31.2273 2.99107
      vertex 16 31.1365 3.02986
      vertex 16 31.2273 2.99107
    endloop
  endfacet
  facet normal 0 1 -0
    outer loop
      vertex 13 29.6511 1.95065
      vertex 11 29.6511 2.04935
      vertex 13 29.6511 2.04935
    endloop
  endfacet
  facet normal 0 1 0
    outer loop
      vertex 11 29.6511 2.04935
      vertex 13 29.6511 1.95065
      vertex 11 29.6511 1.95065
    endloop
  endfacet
  facet normal 0 1 -0
    outer loop
      vertex 18 29.6511 1.95065
      vertex 16 29.6511 2.04935
      vertex 18 29.6511 2.04935
    endloop
  endfacet
  facet normal 0 1 0
    outer loop
      vertex 16 29.6511 2.04935
      vertex 18 29.6511 1.95065
      vertex 16 29.6511 1.95065
    endloop
  endfacet
  facet normal -0 0.308935 0.951083
    outer loop
      vertex 11 30.4574 0.93964
      vertex 13 30.3635 0.970141
      vertex 13 30.4574 0.93964
    endloop
  endfacet
  facet normal 0 0.308935 0.951083
    outer loop
      vertex 13 30.3635 0.970141
      vertex 11 30.4574 0.93964
      vertex 11 30.3635 0.970141
    endloop
  endfacet
  facet normal -0 0.308935 0.951083
    outer loop
      vertex 16 30.4574 0.93964
      vertex 18 30.3635 0.970141
      vertex 18 30.4574 0.93964
    endloop
  endfacet
  facet normal 0 0.308935 0.951083
    outer loop
      vertex 18 30.3635 0.970141
      vertex 16 30.4574 0.93964
      vertex 16 30.3635 0.970141
    endloop
  endfacet
  facet normal -0 0.392847 0.919604
    outer loop
      vertex 11 30.3635 0.970141
      vertex 13 30.2727 1.00893
      vertex 13 30.3635 0.970141
    endloop
  endfacet
  facet normal 0 0.392847 0.919604
    outer loop
      vertex 13 30.2727 1.00893
      vertex 11 30.3635 0.970141
      vertex 11 30.2727 1.00893
    endloop
  endfacet
  facet normal -0 0.392847 0.919604
    outer loop
      vertex 16 30.3635 0.970141
      vertex 18 30.2727 1.00893
      vertex 18 30.3635 0.970141
    endloop
  endfacet
  facet normal 0 0.392847 0.919604
    outer loop
      vertex 18 30.2727 1.00893
      vertex 16 30.3635 0.970141
      vertex 16 30.2727 1.00893
    endloop
  endfacet
  facet normal 0 -0.308926 -0.951086
    outer loop
      vertex 11 31.0426 3.06036
      vertex 13 31.1365 3.02986
      vertex 13 31.0426 3.06036
    endloop
  endfacet
  facet normal -0 -0.308926 -0.951086
    outer loop
      vertex 13 31.1365 3.02986
      vertex 11 31.0426 3.06036
      vertex 11 31.1365 3.02986
    endloop
  endfacet
  facet normal 0 -0.308926 -0.951086
    outer loop
      vertex 16 31.0426 3.06036
      vertex 18 31.1365 3.02986
      vertex 18 31.0426 3.06036
    endloop
  endfacet
  facet normal -0 -0.308926 -0.951086
    outer loop
      vertex 18 31.1365 3.02986
      vertex 16 31.0426 3.06036
      vertex 16 31.1365 3.02986
    endloop
  endfacet
  facet normal 0 0.0448837 -0.998992
    outer loop
      vertex 11 30.6514 3.09557
      vertex 13 30.75 3.1
      vertex 13 30.6514 3.09557
    endloop
  endfacet
  facet normal 0 0.0448837 -0.998992
    outer loop
      vertex 13 30.75 3.1
      vertex 11 30.6514 3.09557
      vertex 11 30.75 3.1
    endloop
  endfacet
  facet normal 0 0.0448837 -0.998992
    outer loop
      vertex 16 30.6514 3.09557
      vertex 18 30.75 3.1
      vertex 18 30.6514 3.09557
    endloop
  endfacet
  facet normal 0 0.0448837 -0.998992
    outer loop
      vertex 18 30.75 3.1
      vertex 16 30.6514 3.09557
      vertex 16 30.75 3.1
    endloop
  endfacet
  facet normal 0 0.964118 -0.265474
    outer loop
      vertex 13 29.6776 2.24477
      vertex 11 29.7038 2.33992
      vertex 13 29.7038 2.33992
    endloop
  endfacet
  facet normal 0 0.964118 -0.265474
    outer loop
      vertex 11 29.7038 2.33992
      vertex 13 29.6776 2.24477
      vertex 11 29.6776 2.24477
    endloop
  endfacet
  facet normal 0 0.964118 -0.265474
    outer loop
      vertex 18 29.6776 2.24477
      vertex 16 29.7038 2.33992
      vertex 18 29.7038 2.33992
    endloop
  endfacet
  facet normal 0 0.964118 -0.265474
    outer loop
      vertex 16 29.7038 2.33992
      vertex 18 29.6776 2.24477
      vertex 16 29.6776 2.24477
    endloop
  endfacet
  facet normal -0 0.69077 0.723075
    outer loop
      vertex 11 30.0263 1.17162
      vertex 13 29.9549 1.23983
      vertex 13 30.0263 1.17162
    endloop
  endfacet
  facet normal 0 0.69077 0.723075
    outer loop
      vertex 13 29.9549 1.23983
      vertex 11 30.0263 1.17162
      vertex 11 29.9549 1.23983
    endloop
  endfacet
  facet normal -0 0.69077 0.723075
    outer loop
      vertex 16 30.0263 1.17162
      vertex 18 29.9549 1.23983
      vertex 18 30.0263 1.17162
    endloop
  endfacet
  facet normal 0 0.69077 0.723075
    outer loop
      vertex 18 29.9549 1.23983
      vertex 16 30.0263 1.17162
      vertex 16 29.9549 1.23983
    endloop
  endfacet
  facet normal 0 0.936175 -0.351534
    outer loop
      vertex 13 29.7038 2.33992
      vertex 11 29.7385 2.43233
      vertex 13 29.7385 2.43233
    endloop
  endfacet
  facet normal 0 0.936175 -0.351534
    outer loop
      vertex 11 29.7385 2.43233
      vertex 13 29.7038 2.33992
      vertex 11 29.7038 2.33992
    endloop
  endfacet
  facet normal 0 0.936175 -0.351534
    outer loop
      vertex 18 29.7038 2.33992
      vertex 16 29.7385 2.43233
      vertex 18 29.7385 2.43233
    endloop
  endfacet
  facet normal 0 0.936175 -0.351534
    outer loop
      vertex 16 29.7385 2.43233
      vertex 18 29.7038 2.33992
      vertex 16 29.7038 2.33992
    endloop
  endfacet
  facet normal 0 -0.474003 -0.880523
    outer loop
      vertex 11 31.2273 2.99107
      vertex 13 31.3142 2.94429
      vertex 13 31.2273 2.99107
    endloop
  endfacet
  facet normal -0 -0.474003 -0.880523
    outer loop
      vertex 13 31.3142 2.94429
      vertex 11 31.2273 2.99107
      vertex 11 31.3142 2.94429
    endloop
  endfacet
  facet normal 0 -0.474003 -0.880523
    outer loop
      vertex 16 31.2273 2.99107
      vertex 18 31.3142 2.94429
      vertex 18 31.2273 2.99107
    endloop
  endfacet
  facet normal -0 -0.474003 -0.880523
    outer loop
      vertex 18 31.3142 2.94429
      vertex 16 31.2273 2.99107
      vertex 16 31.3142 2.94429
    endloop
  endfacet
  facet normal 1 -0 0
    outer loop
      vertex 5.5 22.5 4.2
      vertex 5.5 26.5 4
      vertex 5.5 26.5 4.2
    endloop
  endfacet
  facet normal 1 0 0
    outer loop
      vertex 5.5 22.5 1.5
      vertex 5.5 26.5 4
      vertex 5.5 22.5 4.2
    endloop
  endfacet
  facet normal 1 0 0
    outer loop
      vertex 5.5 26.5 4
      vertex 5.5 22.5 1.5
      vertex 5.5 26.5 1.5
    endloop
  endfacet
  facet normal -0 0 1
    outer loop
      vertex 1.5 26.5 4.2
      vertex 5.5 22.5 4.2
      vertex 5.5 26.5 4.2
    endloop
  endfacet
  facet normal 0 0 1
    outer loop
      vertex 5.5 22.5 4.2
      vertex 1.5 26.5 4.2
      vertex 1.5 22.5 4.2
    endloop
  endfacet
  facet normal 0 -1 0
    outer loop
      vertex 1.5 22.5 1.5
      vertex 5.5 22.5 4.2
      vertex 1.5 22.5 4.2
    endloop
  endfacet
  facet normal 0 -1 -0
    outer loop
      vertex 5.5 22.5 4.2
      vertex 1.5 22.5 1.5
      vertex 5.5 22.5 1.5
    endloop
  endfacet
  facet normal -0 0 1
    outer loop
      vertex 23.5 26.5 4.2
      vertex 27.5 22.5 4.2
      vertex 27.5 26.5 4.2
    endloop
  endfacet
  facet normal 0 0 1
    outer loop
      vertex 27.5 22.5 4.2
      vertex 23.5 26.5 4.2
      vertex 23.5 22.5 4.2
    endloop
  endfacet
  facet normal -1 0 0
    outer loop
      vertex 23.5 22.5 1.5
      vertex 23.5 26.5 4
      vertex 23.5 26.5 1.5
    endloop
  endfacet
  facet normal -1 0 0
    outer loop
      vertex 23.5 22.5 4.2
      vertex 23.5 26.5 4
      vertex 23.5 22.5 1.5
    endloop
  endfacet
  facet normal -1 0 0
    outer loop
      vertex 23.5 26.5 4
      vertex 23.5 22.5 4.2
      vertex 23.5 26.5 4.2
    endloop
  endfacet
  facet normal 0 -1 0
    outer loop
      vertex 23.5 22.5 1.5
      vertex 27.5 22.5 4.2
      vertex 23.5 22.5 4.2
    endloop
  endfacet
  facet normal 0 -1 -0
    outer loop
      vertex 27.5 22.5 4.2
      vertex 23.5 22.5 1.5
      vertex 27.5 22.5 1.5
    endloop
  endfacet
  facet normal 1 -0 0
    outer loop
      vertex 16.5 1.5 3.7
      vertex 16.5 5.5 1.5
      vertex 16.5 5.5 3.7
    endloop
  endfacet
  facet normal 1 0 0
    outer loop
      vertex 16.5 5.5 1.5
      vertex 16.5 1.5 3.7
      vertex 16.5 1.5 1.5
    endloop
  endfacet
  facet normal -0 0 1
    outer loop
      vertex 12.5 5.5 3.7
      vertex 16.5 1.5 3.7
      vertex 16.5 5.5 3.7
    endloop
  endfacet
  facet normal 0 0 1
    outer loop
      vertex 16.5 1.5 3.7
      vertex 12.5 5.5 3.7
      vertex 12.5 1.5 3.7
    endloop
  endfacet
  facet normal -1 0 0
    outer loop
      vertex 12.5 1.5 1.5
      vertex 12.5 5.5 3.7
      vertex 12.5 5.5 1.5
    endloop
  endfacet
  facet normal -1 -0 0
    outer loop
      vertex 12.5 5.5 3.7
      vertex 12.5 1.5 1.5
      vertex 12.5 1.5 3.7
    endloop
  endfacet
  facet normal 0 1 -0
    outer loop
      vertex 16.5 5.5 1.5
      vertex 12.5 5.5 3.7
      vertex 16.5 5.5 3.7
    endloop
  endfacet
  facet normal 0 1 0
    outer loop
      vertex 12.5 5.5 3.7
      vertex 16.5 5.5 1.5
      vertex 12.5 5.5 1.5
    endloop
  endfacet
  facet normal -0.552379 -0.833593 0
    outer loop
      vertex 3.51789 3.06159 1.5
      vertex 3.6 3.00718 6.4
      vertex 3.51789 3.06159 6.4
    endloop
  endfacet
  facet normal -0.552379 -0.833593 -0
    outer loop
      vertex 3.6 3.00718 6.4
      vertex 3.51789 3.06159 1.5
      vertex 3.6 3.00718 1.5
    endloop
  endfacet
  facet normal -0.44571 0.895177 0
    outer loop
      vertex 3.68817 4.43672 1.5
      vertex 3.6 4.39282 6.4
      vertex 3.68817 4.43672 6.4
    endloop
  endfacet
  facet normal -0.44571 0.895177 0
    outer loop
      vertex 3.6 4.39282 6.4
      vertex 3.68817 4.43672 1.5
      vertex 3.6 4.39282 1.5
    endloop
  endfacet
  facet normal 0.779093 0.626909 0
    outer loop
      vertex 4.65296 4.16222 6.4
      vertex 4.59121 4.23896 1.5
      vertex 4.59121 4.23896 6.4
    endloop
  endfacet
  facet normal 0.779093 0.626909 0
    outer loop
      vertex 4.59121 4.23896 1.5
      vertex 4.65296 4.16222 6.4
      vertex 4.65296 4.16222 1.5
    endloop
  endfacet
  facet normal -0.81623 0.577727 0
    outer loop
      vertex 3.31983 4.12115 1.5
      vertex 3.37673 4.20154 6.4
      vertex 3.37673 4.20154 1.5
    endloop
  endfacet
  facet normal -0.81623 0.577727 0
    outer loop
      vertex 3.37673 4.20154 6.4
      vertex 3.31983 4.12115 1.5
      vertex 3.31983 4.12115 6.4
    endloop
  endfacet
  facet normal 0 0 1
    outer loop
      vertex 4.79394 3.79831 6.4
      vertex 4.79394 3.60169 6.4
      vertex 4.8 3.7 6.4
    endloop
  endfacet
  facet normal 0 0 1
    outer loop
      vertex 4.77584 3.89513 6.4
      vertex 4.79394 3.60169 6.4
      vertex 4.79394 3.79831 6.4
    endloop
  endfacet
  facet normal 0 0 1
    outer loop
      vertex 4.77584 3.89513 6.4
      vertex 4.77584 3.50487 6.4
      vertex 4.79394 3.60169 6.4
    endloop
  endfacet
  facet normal 0 0 1
    outer loop
      vertex 4.74598 3.98899 6.4
      vertex 4.77584 3.50487 6.4
      vertex 4.77584 3.89513 6.4
    endloop
  endfacet
  facet normal 0 0 1
    outer loop
      vertex 4.74598 3.98899 6.4
      vertex 4.74598 3.41101 6.4
      vertex 4.77584 3.50487 6.4
    endloop
  endfacet
  facet normal 0 0 1
    outer loop
      vertex 4.70481 4.07847 6.4
      vertex 4.74598 3.41101 6.4
      vertex 4.74598 3.98899 6.4
    endloop
  endfacet
  facet normal 0 0 1
    outer loop
      vertex 4.70481 4.07847 6.4
      vertex 4.70481 3.32152 6.4
      vertex 4.74598 3.41101 6.4
    endloop
  endfacet
  facet normal 0 0 1
    outer loop
      vertex 4.65296 4.16222 6.4
      vertex 4.70481 3.32152 6.4
      vertex 4.70481 4.07847 6.4
    endloop
  endfacet
  facet normal 0 0 1
    outer loop
      vertex 4.65296 4.16222 6.4
      vertex 4.65296 3.23778 6.4
      vertex 4.70481 3.32152 6.4
    endloop
  endfacet
  facet normal 0 0 1
    outer loop
      vertex 4.59121 4.23896 6.4
      vertex 4.65296 3.23778 6.4
      vertex 4.65296 4.16222 6.4
    endloop
  endfacet
  facet normal 0 0 1
    outer loop
      vertex 4.59121 4.23896 6.4
      vertex 4.59121 3.16104 6.4
      vertex 4.65296 3.23778 6.4
    endloop
  endfacet
  facet normal 0 0 1
    outer loop
      vertex 4.52049 4.30752 6.4
      vertex 4.59121 3.16104 6.4
      vertex 4.59121 4.23896 6.4
    endloop
  endfacet
  facet normal 0 0 1
    outer loop
      vertex 4.52049 4.30752 6.4
      vertex 4.52049 3.09248 6.4
      vertex 4.59121 3.16104 6.4
    endloop
  endfacet
  facet normal 0 0 1
    outer loop
      vertex 4.44189 4.36688 6.4
      vertex 4.52049 3.09248 6.4
      vertex 4.52049 4.30752 6.4
    endloop
  endfacet
  facet normal 0 0 1
    outer loop
      vertex 4.44189 4.36688 6.4
      vertex 4.44189 3.03312 6.4
      vertex 4.52049 3.09248 6.4
    endloop
  endfacet
  facet normal 0 0 1
    outer loop
      vertex 4.35659 4.41613 6.4
      vertex 4.44189 3.03312 6.4
      vertex 4.44189 4.36688 6.4
    endloop
  endfacet
  facet normal 0 0 1
    outer loop
      vertex 4.35659 4.41613 6.4
      vertex 4.35659 2.98387 6.4
      vertex 4.44189 3.03312 6.4
    endloop
  endfacet
  facet normal 0 0 1
    outer loop
      vertex 4.26588 4.45452 6.4
      vertex 4.35659 2.98387 6.4
      vertex 4.35659 4.41613 6.4
    endloop
  endfacet
  facet normal 0 0 1
    outer loop
      vertex 4.26588 4.45452 6.4
      vertex 4.26588 2.94548 6.4
      vertex 4.35659 2.98387 6.4
    endloop
  endfacet
  facet normal 0 0 1
    outer loop
      vertex 4.17115 4.48148 6.4
      vertex 4.26588 2.94548 6.4
      vertex 4.26588 4.45452 6.4
    endloop
  endfacet
  facet normal 0 0 1
    outer loop
      vertex 4.17115 4.48148 6.4
      vertex 4.17115 2.91852 6.4
      vertex 4.26588 2.94548 6.4
    endloop
  endfacet
  facet normal 0 0 1
    outer loop
      vertex 4.07381 4.49659 6.4
      vertex 4.17115 2.91852 6.4
      vertex 4.17115 4.48148 6.4
    endloop
  endfacet
  facet normal 0 0 1
    outer loop
      vertex 4.07381 4.49659 6.4
      vertex 4.07381 2.90341 6.4
      vertex 4.17115 2.91852 6.4
    endloop
  endfacet
  facet normal 0 0 1
    outer loop
      vertex 3.97536 4.49962 6.4
      vertex 4.07381 2.90341 6.4
      vertex 4.07381 4.49659 6.4
    endloop
  endfacet
  facet normal 0 0 1
    outer loop
      vertex 3.97536 4.49962 6.4
      vertex 3.97536 2.90038 6.4
      vertex 4.07381 2.90341 6.4
    endloop
  endfacet
  facet normal -0 0 1
    outer loop
      vertex 3.87729 4.49053 6.4
      vertex 3.97536 2.90038 6.4
      vertex 3.97536 4.49962 6.4
    endloop
  endfacet
  facet normal 0 0 1
    outer loop
      vertex 3.87729 4.49053 6.4
      vertex 3.87729 2.90947 6.4
      vertex 3.97536 2.90038 6.4
    endloop
  endfacet
  facet normal -0 0 1
    outer loop
      vertex 3.78107 4.46946 6.4
      vertex 3.87729 2.90947 6.4
      vertex 3.87729 4.49053 6.4
    endloop
  endfacet
  facet normal 0 0 1
    outer loop
      vertex 3.78107 4.46946 6.4
      vertex 3.78107 2.93054 6.4
      vertex 3.87729 2.90947 6.4
    endloop
  endfacet
  facet normal -0 0 1
    outer loop
      vertex 3.68817 4.43672 6.4
      vertex 3.78107 2.93054 6.4
      vertex 3.78107 4.46946 6.4
    endloop
  endfacet
  facet normal 0 0 1
    outer loop
      vertex 3.68817 4.43672 6.4
      vertex 3.68817 2.96327 6.4
      vertex 3.78107 2.93054 6.4
    endloop
  endfacet
  facet normal -0 0 1
    outer loop
      vertex 3.6 4.39282 6.4
      vertex 3.68817 2.96327 6.4
      vertex 3.68817 4.43672 6.4
    endloop
  endfacet
  facet normal 0 0 1
    outer loop
      vertex 3.6 4.39282 6.4
      vertex 3.6 3.00718 6.4
      vertex 3.68817 2.96327 6.4
    endloop
  endfacet
  facet normal -0 0 1
    outer loop
      vertex 3.51789 4.33841 6.4
      vertex 3.6 3.00718 6.4
      vertex 3.6 4.39282 6.4
    endloop
  endfacet
  facet normal 0 0 1
    outer loop
      vertex 3.51789 4.33841 6.4
      vertex 3.51789 3.06159 6.4
      vertex 3.6 3.00718 6.4
    endloop
  endfacet
  facet normal -0 0 1
    outer loop
      vertex 3.44309 4.27433 6.4
      vertex 3.51789 3.06159 6.4
      vertex 3.51789 4.33841 6.4
    endloop
  endfacet
  facet normal 0 0 1
    outer loop
      vertex 3.44309 4.27433 6.4
      vertex 3.44309 3.12567 6.4
      vertex 3.51789 3.06159 6.4
    endloop
  endfacet
  facet normal -0 0 1
    outer loop
      vertex 3.37673 4.20154 6.4
      vertex 3.44309 3.12567 6.4
      vertex 3.44309 4.27433 6.4
    endloop
  endfacet
  facet normal 0 0 1
    outer loop
      vertex 3.37673 4.20154 6.4
      vertex 3.37673 3.19846 6.4
      vertex 3.44309 3.12567 6.4
    endloop
  endfacet
  facet normal -0 0 1
    outer loop
      vertex 3.31983 4.12115 6.4
      vertex 3.37673 3.19846 6.4
      vertex 3.37673 4.20154 6.4
    endloop
  endfacet
  facet normal 0 0 1
    outer loop
      vertex 3.31983 4.12115 6.4
      vertex 3.31983 3.27885 6.4
      vertex 3.37673 3.19846 6.4
    endloop
  endfacet
  facet normal -0 0 1
    outer loop
      vertex 3.27323 4.03437 6.4
      vertex 3.31983 3.27885 6.4
      vertex 3.31983 4.12115 6.4
    endloop
  endfacet
  facet normal 0 0 1
    outer loop
      vertex 3.27323 4.03437 6.4
      vertex 3.27323 3.36563 6.4
      vertex 3.31983 3.27885 6.4
    endloop
  endfacet
  facet normal -0 0 1
    outer loop
      vertex 3.23765 3.94252 6.4
      vertex 3.27323 3.36563 6.4
      vertex 3.27323 4.03437 6.4
    endloop
  endfacet
  facet normal 0 0 1
    outer loop
      vertex 3.23765 3.94252 6.4
      vertex 3.23765 3.45748 6.4
      vertex 3.27323 3.36563 6.4
    endloop
  endfacet
  facet normal -0 0 1
    outer loop
      vertex 3.21362 3.847 6.4
      vertex 3.23765 3.45748 6.4
      vertex 3.23765 3.94252 6.4
    endloop
  endfacet
  facet normal 0 0 1
    outer loop
      vertex 3.21362 3.847 6.4
      vertex 3.21362 3.553 6.4
      vertex 3.23765 3.45748 6.4
    endloop
  endfacet
  facet normal -0 0 1
    outer loop
      vertex 3.20152 3.74925 6.4
      vertex 3.21362 3.553 6.4
      vertex 3.21362 3.847 6.4
    endloop
  endfacet
  facet normal 0 0 1
    outer loop
      vertex 3.21362 3.553 6.4
      vertex 3.20152 3.74925 6.4
      vertex 3.20152 3.65075 6.4
    endloop
  endfacet
  facet normal 0.602661 -0.797998 0
    outer loop
      vertex 4.44189 3.03312 1.5
      vertex 4.52049 3.09248 6.4
      vertex 4.44189 3.03312 6.4
    endloop
  endfacet
  facet normal 0.602661 -0.797998 0
    outer loop
      vertex 4.52049 3.09248 6.4
      vertex 4.44189 3.03312 1.5
      vertex 4.52049 3.09248 1.5
    endloop
  endfacet
  facet normal 0.602661 0.797998 -0
    outer loop
      vertex 4.52049 4.30752 1.5
      vertex 4.44189 4.36688 6.4
      vertex 4.52049 4.30752 6.4
    endloop
  endfacet
  facet normal 0.602661 0.797998 0
    outer loop
      vertex 4.44189 4.36688 6.4
      vertex 4.52049 4.30752 1.5
      vertex 4.44189 4.36688 1.5
    endloop
  endfacet
  facet normal -0.552379 0.833593 0
    outer loop
      vertex 3.6 4.39282 1.5
      vertex 3.51789 4.33841 6.4
      vertex 3.6 4.39282 6.4
    endloop
  endfacet
  facet normal -0.552379 0.833593 0
    outer loop
      vertex 3.51789 4.33841 6.4
      vertex 3.6 4.39282 1.5
      vertex 3.51789 4.33841 1.5
    endloop
  endfacet
  facet normal -0.213909 -0.976854 0
    outer loop
      vertex 3.78107 2.93054 1.5
      vertex 3.87729 2.90947 6.4
      vertex 3.78107 2.93054 6.4
    endloop
  endfacet
  facet normal -0.213909 -0.976854 -0
    outer loop
      vertex 3.87729 2.90947 6.4
      vertex 3.78107 2.93054 1.5
      vertex 3.87729 2.90947 1.5
    endloop
  endfacet
  facet normal 0.952939 0.303162 0
    outer loop
      vertex 4.77584 3.89513 6.4
      vertex 4.74598 3.98899 1.5
      vertex 4.74598 3.98899 6.4
    endloop
  endfacet
  facet normal 0.952939 0.303162 0
    outer loop
      vertex 4.74598 3.98899 1.5
      vertex 4.77584 3.89513 6.4
      vertex 4.77584 3.89513 1.5
    endloop
  endfacet
  facet normal -0.332294 -0.943176 0
    outer loop
      vertex 3.68817 2.96327 1.5
      vertex 3.78107 2.93054 6.4
      vertex 3.68817 2.96327 6.4
    endloop
  endfacet
  facet normal -0.332294 -0.943176 -0
    outer loop
      vertex 3.78107 2.93054 6.4
      vertex 3.68817 2.96327 1.5
      vertex 3.78107 2.93054 1.5
    endloop
  endfacet
  facet normal 0.779093 -0.626909 0
    outer loop
      vertex 4.59121 3.16104 6.4
      vertex 4.65296 3.23778 1.5
      vertex 4.65296 3.23778 6.4
    endloop
  endfacet
  facet normal 0.779093 -0.626909 0
    outer loop
      vertex 4.65296 3.23778 1.5
      vertex 4.59121 3.16104 6.4
      vertex 4.59121 3.16104 1.5
    endloop
  endfacet
  facet normal 0.908455 0.417983 0
    outer loop
      vertex 4.74598 3.98899 6.4
      vertex 4.70481 4.07847 1.5
      vertex 4.70481 4.07847 6.4
    endloop
  endfacet
  facet normal 0.908455 0.417983 0
    outer loop
      vertex 4.70481 4.07847 1.5
      vertex 4.74598 3.98899 6.4
      vertex 4.74598 3.98899 1.5
    endloop
  endfacet
  facet normal -0.738993 -0.673713 0
    outer loop
      vertex 3.44309 3.12567 1.5
      vertex 3.37673 3.19846 6.4
      vertex 3.37673 3.19846 1.5
    endloop
  endfacet
  facet normal -0.738993 -0.673713 0
    outer loop
      vertex 3.37673 3.19846 6.4
      vertex 3.44309 3.12567 1.5
      vertex 3.44309 3.12567 6.4
    endloop
  endfacet
  facet normal -0.213909 0.976854 0
    outer loop
      vertex 3.87729 4.49053 1.5
      vertex 3.78107 4.46946 6.4
      vertex 3.87729 4.49053 6.4
    endloop
  endfacet
  facet normal -0.213909 0.976854 0
    outer loop
      vertex 3.78107 4.46946 6.4
      vertex 3.87729 4.49053 1.5
      vertex 3.78107 4.46946 1.5
    endloop
  endfacet
  facet normal -0.932482 -0.361216 0
    outer loop
      vertex 3.27323 3.36563 1.5
      vertex 3.23765 3.45748 6.4
      vertex 3.23765 3.45748 1.5
    endloop
  endfacet
  facet normal -0.932482 -0.361216 0
    outer loop
      vertex 3.23765 3.45748 6.4
      vertex 3.27323 3.36563 1.5
      vertex 3.27323 3.36563 6.4
    endloop
  endfacet
  facet normal -0.992426 -0.122848 0
    outer loop
      vertex 3.21362 3.553 1.5
      vertex 3.20152 3.65075 6.4
      vertex 3.20152 3.65075 1.5
    endloop
  endfacet
  facet normal -0.992426 -0.122848 0
    outer loop
      vertex 3.20152 3.65075 6.4
      vertex 3.21362 3.553 1.5
      vertex 3.21362 3.553 6.4
    endloop
  endfacet
  facet normal 0.998106 0.061525 0
    outer loop
      vertex 4.8 3.7 6.4
      vertex 4.79394 3.79831 1.5
      vertex 4.79394 3.79831 6.4
    endloop
  endfacet
  facet normal 0.998106 0.061525 0
    outer loop
      vertex 4.79394 3.79831 1.5
      vertex 4.8 3.7 6.4
      vertex 4.8 3.7 1.5
    endloop
  endfacet
  facet normal 0.0307625 -0.999527 0
    outer loop
      vertex 3.97536 2.90038 1.5
      vertex 4.07381 2.90341 6.4
      vertex 3.97536 2.90038 6.4
    endloop
  endfacet
  facet normal 0.0307625 -0.999527 0
    outer loop
      vertex 4.07381 2.90341 6.4
      vertex 3.97536 2.90038 1.5
      vertex 4.07381 2.90341 1.5
    endloop
  endfacet
  facet normal 0.850244 0.52639 0
    outer loop
      vertex 4.70481 4.07847 6.4
      vertex 4.65296 4.16222 1.5
      vertex 4.65296 4.16222 6.4
    endloop
  endfacet
  facet normal 0.850244 0.52639 0
    outer loop
      vertex 4.65296 4.16222 1.5
      vertex 4.70481 4.07847 6.4
      vertex 4.70481 4.07847 1.5
    endloop
  endfacet
  facet normal 0.908473 -0.417944 0
    outer loop
      vertex 4.70481 3.32152 6.4
      vertex 4.74598 3.41101 1.5
      vertex 4.74598 3.41101 6.4
    endloop
  endfacet
  facet normal 0.908473 -0.417944 0
    outer loop
      vertex 4.74598 3.41101 1.5
      vertex 4.70481 3.32152 6.4
      vertex 4.70481 3.32152 1.5
    endloop
  endfacet
  facet normal 0.982971 0.183761 0
    outer loop
      vertex 4.79394 3.79831 6.4
      vertex 4.77584 3.89513 1.5
      vertex 4.77584 3.89513 6.4
    endloop
  endfacet
  facet normal 0.982971 0.183761 0
    outer loop
      vertex 4.77584 3.89513 1.5
      vertex 4.79394 3.79831 6.4
      vertex 4.79394 3.79831 1.5
    endloop
  endfacet
  facet normal 0.273729 0.961807 -0
    outer loop
      vertex 4.26588 4.45452 1.5
      vertex 4.17115 4.48148 6.4
      vertex 4.26588 4.45452 6.4
    endloop
  endfacet
  facet normal 0.273729 0.961807 0
    outer loop
      vertex 4.17115 4.48148 6.4
      vertex 4.26588 4.45452 1.5
      vertex 4.17115 4.48148 1.5
    endloop
  endfacet
  facet normal 0.696057 -0.717986 0
    outer loop
      vertex 4.52049 3.09248 1.5
      vertex 4.59121 3.16104 6.4
      vertex 4.52049 3.09248 6.4
    endloop
  endfacet
  facet normal 0.696057 -0.717986 0
    outer loop
      vertex 4.59121 3.16104 6.4
      vertex 4.52049 3.09248 1.5
      vertex 4.59121 3.16104 1.5
    endloop
  endfacet
  facet normal 0.696057 0.717986 -0
    outer loop
      vertex 4.59121 4.23896 1.5
      vertex 4.52049 4.30752 6.4
      vertex 4.59121 4.23896 6.4
    endloop
  endfacet
  facet normal 0.696057 0.717986 0
    outer loop
      vertex 4.52049 4.30752 6.4
      vertex 4.59121 4.23896 1.5
      vertex 4.52049 4.30752 1.5
    endloop
  endfacet
  facet normal 0.389749 0.920921 -0
    outer loop
      vertex 4.35659 4.41613 1.5
      vertex 4.26588 4.45452 6.4
      vertex 4.35659 4.41613 6.4
    endloop
  endfacet
  facet normal 0.389749 0.920921 0
    outer loop
      vertex 4.26588 4.45452 6.4
      vertex 4.35659 4.41613 1.5
      vertex 4.26588 4.45452 1.5
    endloop
  endfacet
  facet normal 0.389749 -0.920921 0
    outer loop
      vertex 4.26588 2.94548 1.5
      vertex 4.35659 2.98387 6.4
      vertex 4.26588 2.94548 6.4
    endloop
  endfacet
  facet normal 0.389749 -0.920921 0
    outer loop
      vertex 4.35659 2.98387 6.4
      vertex 4.26588 2.94548 1.5
      vertex 4.35659 2.98387 1.5
    endloop
  endfacet
  facet normal 0.952939 -0.303162 0
    outer loop
      vertex 4.74598 3.41101 6.4
      vertex 4.77584 3.50487 1.5
      vertex 4.77584 3.50487 6.4
    endloop
  endfacet
  facet normal 0.952939 -0.303162 0
    outer loop
      vertex 4.77584 3.50487 1.5
      vertex 4.74598 3.41101 6.4
      vertex 4.74598 3.41101 1.5
    endloop
  endfacet
  facet normal -0.881012 -0.473095 0
    outer loop
      vertex 3.31983 3.27885 1.5
      vertex 3.27323 3.36563 6.4
      vertex 3.27323 3.36563 1.5
    endloop
  endfacet
  facet normal -0.881012 -0.473095 0
    outer loop
      vertex 3.27323 3.36563 6.4
      vertex 3.31983 3.27885 1.5
      vertex 3.31983 3.27885 6.4
    endloop
  endfacet
  facet normal 0.273729 -0.961807 0
    outer loop
      vertex 4.17115 2.91852 1.5
      vertex 4.26588 2.94548 6.4
      vertex 4.17115 2.91852 6.4
    endloop
  endfacet
  facet normal 0.273729 -0.961807 0
    outer loop
      vertex 4.26588 2.94548 6.4
      vertex 4.17115 2.91852 1.5
      vertex 4.26588 2.94548 1.5
    endloop
  endfacet
  facet normal 0.500015 0.866017 -0
    outer loop
      vertex 4.44189 4.36688 1.5
      vertex 4.35659 4.41613 6.4
      vertex 4.44189 4.36688 6.4
    endloop
  endfacet
  facet normal 0.500015 0.866017 0
    outer loop
      vertex 4.35659 4.41613 6.4
      vertex 4.44189 4.36688 1.5
      vertex 4.35659 4.41613 1.5
    endloop
  endfacet
  facet normal 0.153392 -0.988165 0
    outer loop
      vertex 4.07381 2.90341 1.5
      vertex 4.17115 2.91852 6.4
      vertex 4.07381 2.90341 6.4
    endloop
  endfacet
  facet normal 0.153392 -0.988165 0
    outer loop
      vertex 4.17115 2.91852 6.4
      vertex 4.07381 2.90341 1.5
      vertex 4.17115 2.91852 1.5
    endloop
  endfacet
  facet normal -0.881012 0.473095 0
    outer loop
      vertex 3.27323 4.03437 1.5
      vertex 3.31983 4.12115 6.4
      vertex 3.31983 4.12115 1.5
    endloop
  endfacet
  facet normal -0.881012 0.473095 0
    outer loop
      vertex 3.31983 4.12115 6.4
      vertex 3.27323 4.03437 1.5
      vertex 3.27323 4.03437 6.4
    endloop
  endfacet
  facet normal 0.998106 -0.061525 0
    outer loop
      vertex 4.79394 3.60169 6.4
      vertex 4.8 3.7 1.5
      vertex 4.8 3.7 6.4
    endloop
  endfacet
  facet normal 0.998106 -0.061525 0
    outer loop
      vertex 4.8 3.7 1.5
      vertex 4.79394 3.60169 6.4
      vertex 4.79394 3.60169 1.5
    endloop
  endfacet
  facet normal -0.332385 0.943144 0
    outer loop
      vertex 3.78107 4.46946 1.5
      vertex 3.68817 4.43672 6.4
      vertex 3.78107 4.46946 6.4
    endloop
  endfacet
  facet normal -0.332385 0.943144 0
    outer loop
      vertex 3.68817 4.43672 6.4
      vertex 3.78107 4.46946 1.5
      vertex 3.68817 4.43672 1.5
    endloop
  endfacet
  facet normal -0.81623 -0.577727 0
    outer loop
      vertex 3.37673 3.19846 1.5
      vertex 3.31983 3.27885 6.4
      vertex 3.31983 3.27885 1.5
    endloop
  endfacet
  facet normal -0.81623 -0.577727 0
    outer loop
      vertex 3.31983 3.27885 6.4
      vertex 3.37673 3.19846 1.5
      vertex 3.37673 3.19846 6.4
    endloop
  endfacet
  facet normal -0.969783 0.243969 0
    outer loop
      vertex 3.21362 3.847 1.5
      vertex 3.23765 3.94252 6.4
      vertex 3.23765 3.94252 1.5
    endloop
  endfacet
  facet normal -0.969783 0.243969 0
    outer loop
      vertex 3.23765 3.94252 6.4
      vertex 3.21362 3.847 1.5
      vertex 3.21362 3.847 6.4
    endloop
  endfacet
  facet normal -0.932482 0.361216 0
    outer loop
      vertex 3.23765 3.94252 1.5
      vertex 3.27323 4.03437 6.4
      vertex 3.27323 4.03437 1.5
    endloop
  endfacet
  facet normal -0.932482 0.361216 0
    outer loop
      vertex 3.27323 4.03437 6.4
      vertex 3.23765 3.94252 1.5
      vertex 3.23765 3.94252 6.4
    endloop
  endfacet
  facet normal 0.850215 -0.526435 0
    outer loop
      vertex 4.65296 3.23778 6.4
      vertex 4.70481 3.32152 1.5
      vertex 4.70481 3.32152 6.4
    endloop
  endfacet
  facet normal 0.850215 -0.526435 0
    outer loop
      vertex 4.70481 3.32152 1.5
      vertex 4.65296 3.23778 6.4
      vertex 4.65296 3.23778 1.5
    endloop
  endfacet
  facet normal -0.969783 -0.243969 0
    outer loop
      vertex 3.23765 3.45748 1.5
      vertex 3.21362 3.553 6.4
      vertex 3.21362 3.553 1.5
    endloop
  endfacet
  facet normal -0.969783 -0.243969 0
    outer loop
      vertex 3.21362 3.553 6.4
      vertex 3.23765 3.45748 1.5
      vertex 3.23765 3.45748 6.4
    endloop
  endfacet
  facet normal 0.982971 -0.183761 0
    outer loop
      vertex 4.77584 3.50487 6.4
      vertex 4.79394 3.60169 1.5
      vertex 4.79394 3.60169 6.4
    endloop
  endfacet
  facet normal 0.982971 -0.183761 0
    outer loop
      vertex 4.79394 3.60169 1.5
      vertex 4.77584 3.50487 6.4
      vertex 4.77584 3.50487 1.5
    endloop
  endfacet
  facet normal 0.0307625 0.999527 -0
    outer loop
      vertex 4.07381 4.49659 1.5
      vertex 3.97536 4.49962 6.4
      vertex 4.07381 4.49659 6.4
    endloop
  endfacet
  facet normal 0.0307625 0.999527 0
    outer loop
      vertex 3.97536 4.49962 6.4
      vertex 4.07381 4.49659 1.5
      vertex 3.97536 4.49962 1.5
    endloop
  endfacet
  facet normal -0.0922933 0.995732 0
    outer loop
      vertex 3.97536 4.49962 1.5
      vertex 3.87729 4.49053 6.4
      vertex 3.97536 4.49962 6.4
    endloop
  endfacet
  facet normal -0.0922933 0.995732 0
    outer loop
      vertex 3.87729 4.49053 6.4
      vertex 3.97536 4.49962 1.5
      vertex 3.87729 4.49053 1.5
    endloop
  endfacet
  facet normal -0.738993 0.673713 0
    outer loop
      vertex 3.37673 4.20154 1.5
      vertex 3.44309 4.27433 6.4
      vertex 3.44309 4.27433 1.5
    endloop
  endfacet
  facet normal -0.738993 0.673713 0
    outer loop
      vertex 3.44309 4.27433 6.4
      vertex 3.37673 4.20154 1.5
      vertex 3.37673 4.20154 6.4
    endloop
  endfacet
  facet normal -0.650591 0.759429 0
    outer loop
      vertex 3.51789 4.33841 1.5
      vertex 3.44309 4.27433 6.4
      vertex 3.51789 4.33841 6.4
    endloop
  endfacet
  facet normal -0.650591 0.759429 0
    outer loop
      vertex 3.44309 4.27433 6.4
      vertex 3.51789 4.33841 1.5
      vertex 3.44309 4.27433 1.5
    endloop
  endfacet
  facet normal 0.153392 0.988165 -0
    outer loop
      vertex 4.17115 4.48148 1.5
      vertex 4.07381 4.49659 6.4
      vertex 4.17115 4.48148 6.4
    endloop
  endfacet
  facet normal 0.153392 0.988165 0
    outer loop
      vertex 4.07381 4.49659 6.4
      vertex 4.17115 4.48148 1.5
      vertex 4.07381 4.49659 1.5
    endloop
  endfacet
  facet normal -0.650591 -0.759429 0
    outer loop
      vertex 3.44309 3.12567 1.5
      vertex 3.51789 3.06159 6.4
      vertex 3.44309 3.12567 6.4
    endloop
  endfacet
  facet normal -0.650591 -0.759429 -0
    outer loop
      vertex 3.51789 3.06159 6.4
      vertex 3.44309 3.12567 1.5
      vertex 3.51789 3.06159 1.5
    endloop
  endfacet
  facet normal 0.500015 -0.866017 0
    outer loop
      vertex 4.35659 2.98387 1.5
      vertex 4.44189 3.03312 6.4
      vertex 4.35659 2.98387 6.4
    endloop
  endfacet
  facet normal 0.500015 -0.866017 0
    outer loop
      vertex 4.44189 3.03312 6.4
      vertex 4.35659 2.98387 1.5
      vertex 4.44189 3.03312 1.5
    endloop
  endfacet
  facet normal -0.992426 0.122848 0
    outer loop
      vertex 3.20152 3.74925 1.5
      vertex 3.21362 3.847 6.4
      vertex 3.21362 3.847 1.5
    endloop
  endfacet
  facet normal -0.992426 0.122848 0
    outer loop
      vertex 3.21362 3.847 6.4
      vertex 3.20152 3.74925 1.5
      vertex 3.20152 3.74925 6.4
    endloop
  endfacet
  facet normal -1 0 0
    outer loop
      vertex 3.20152 3.65075 1.5
      vertex 3.20152 3.74925 6.4
      vertex 3.20152 3.74925 1.5
    endloop
  endfacet
  facet normal -1 -0 0
    outer loop
      vertex 3.20152 3.74925 6.4
      vertex 3.20152 3.65075 1.5
      vertex 3.20152 3.65075 6.4
    endloop
  endfacet
  facet normal -0.445792 -0.895137 0
    outer loop
      vertex 3.6 3.00718 1.5
      vertex 3.68817 2.96327 6.4
      vertex 3.6 3.00718 6.4
    endloop
  endfacet
  facet normal -0.445792 -0.895137 -0
    outer loop
      vertex 3.68817 2.96327 6.4
      vertex 3.6 3.00718 1.5
      vertex 3.68817 2.96327 1.5
    endloop
  endfacet
  facet normal -0.0922933 -0.995732 0
    outer loop
      vertex 3.87729 2.90947 1.5
      vertex 3.97536 2.90038 6.4
      vertex 3.87729 2.90947 6.4
    endloop
  endfacet
  facet normal -0.0922933 -0.995732 -0
    outer loop
      vertex 3.97536 2.90038 6.4
      vertex 3.87729 2.90947 1.5
      vertex 3.97536 2.90038 1.5
    endloop
  endfacet
  facet normal -0.552425 -0.833562 0
    outer loop
      vertex 24.5179 3.06159 1.5
      vertex 24.6 3.00718 6.4
      vertex 24.5179 3.06159 6.4
    endloop
  endfacet
  facet normal -0.552425 -0.833562 -0
    outer loop
      vertex 24.6 3.00718 6.4
      vertex 24.5179 3.06159 1.5
      vertex 24.6 3.00718 1.5
    endloop
  endfacet
  facet normal 0.500015 -0.866017 0
    outer loop
      vertex 25.3566 2.98387 1.5
      vertex 25.4419 3.03312 6.4
      vertex 25.3566 2.98387 6.4
    endloop
  endfacet
  facet normal 0.500015 -0.866017 0
    outer loop
      vertex 25.4419 3.03312 6.4
      vertex 25.3566 2.98387 1.5
      vertex 25.4419 3.03312 1.5
    endloop
  endfacet
  facet normal -0.445589 0.895238 0
    outer loop
      vertex 24.6882 4.43672 1.5
      vertex 24.6 4.39282 6.4
      vertex 24.6882 4.43672 6.4
    endloop
  endfacet
  facet normal -0.445589 0.895238 0
    outer loop
      vertex 24.6 4.39282 6.4
      vertex 24.6882 4.43672 1.5
      vertex 24.6 4.39282 1.5
    endloop
  endfacet
  facet normal 0.778845 0.627217 0
    outer loop
      vertex 25.653 4.16222 6.4
      vertex 25.5912 4.23896 1.5
      vertex 25.5912 4.23896 6.4
    endloop
  endfacet
  facet normal 0.778845 0.627217 0
    outer loop
      vertex 25.5912 4.23896 1.5
      vertex 25.653 4.16222 6.4
      vertex 25.653 4.16222 1.5
    endloop
  endfacet
  facet normal -0.81623 0.577727 0
    outer loop
      vertex 24.3198 4.12115 1.5
      vertex 24.3767 4.20154 6.4
      vertex 24.3767 4.20154 1.5
    endloop
  endfacet
  facet normal -0.81623 0.577727 0
    outer loop
      vertex 24.3767 4.20154 6.4
      vertex 24.3198 4.12115 1.5
      vertex 24.3198 4.12115 6.4
    endloop
  endfacet
  facet normal 0 0 1
    outer loop
      vertex 25.7939 3.79831 6.4
      vertex 25.7939 3.60169 6.4
      vertex 25.8 3.7 6.4
    endloop
  endfacet
  facet normal 0 0 1
    outer loop
      vertex 25.7758 3.89513 6.4
      vertex 25.7939 3.60169 6.4
      vertex 25.7939 3.79831 6.4
    endloop
  endfacet
  facet normal 0 0 1
    outer loop
      vertex 25.7758 3.89513 6.4
      vertex 25.7758 3.50487 6.4
      vertex 25.7939 3.60169 6.4
    endloop
  endfacet
  facet normal 0 0 1
    outer loop
      vertex 25.746 3.98899 6.4
      vertex 25.7758 3.50487 6.4
      vertex 25.7758 3.89513 6.4
    endloop
  endfacet
  facet normal 0 0 1
    outer loop
      vertex 25.746 3.98899 6.4
      vertex 25.746 3.41101 6.4
      vertex 25.7758 3.50487 6.4
    endloop
  endfacet
  facet normal 0 0 1
    outer loop
      vertex 25.7048 4.07847 6.4
      vertex 25.746 3.41101 6.4
      vertex 25.746 3.98899 6.4
    endloop
  endfacet
  facet normal 0 0 1
    outer loop
      vertex 25.7048 4.07847 6.4
      vertex 25.7048 3.32152 6.4
      vertex 25.746 3.41101 6.4
    endloop
  endfacet
  facet normal 0 0 1
    outer loop
      vertex 25.653 4.16222 6.4
      vertex 25.7048 3.32152 6.4
      vertex 25.7048 4.07847 6.4
    endloop
  endfacet
  facet normal 0 0 1
    outer loop
      vertex 25.653 4.16222 6.4
      vertex 25.653 3.23778 6.4
      vertex 25.7048 3.32152 6.4
    endloop
  endfacet
  facet normal 0 0 1
    outer loop
      vertex 25.5912 4.23896 6.4
      vertex 25.653 3.23778 6.4
      vertex 25.653 4.16222 6.4
    endloop
  endfacet
  facet normal 0 0 1
    outer loop
      vertex 25.5912 4.23896 6.4
      vertex 25.5912 3.16104 6.4
      vertex 25.653 3.23778 6.4
    endloop
  endfacet
  facet normal 0 0 1
    outer loop
      vertex 25.5205 4.30752 6.4
      vertex 25.5912 3.16104 6.4
      vertex 25.5912 4.23896 6.4
    endloop
  endfacet
  facet normal 0 0 1
    outer loop
      vertex 25.5205 4.30752 6.4
      vertex 25.5205 3.09248 6.4
      vertex 25.5912 3.16104 6.4
    endloop
  endfacet
  facet normal 0 0 1
    outer loop
      vertex 25.4419 4.36688 6.4
      vertex 25.5205 3.09248 6.4
      vertex 25.5205 4.30752 6.4
    endloop
  endfacet
  facet normal 0 0 1
    outer loop
      vertex 25.4419 4.36688 6.4
      vertex 25.4419 3.03312 6.4
      vertex 25.5205 3.09248 6.4
    endloop
  endfacet
  facet normal 0 0 1
    outer loop
      vertex 25.3566 4.41613 6.4
      vertex 25.4419 3.03312 6.4
      vertex 25.4419 4.36688 6.4
    endloop
  endfacet
  facet normal 0 0 1
    outer loop
      vertex 25.3566 4.41613 6.4
      vertex 25.3566 2.98387 6.4
      vertex 25.4419 3.03312 6.4
    endloop
  endfacet
  facet normal 0 0 1
    outer loop
      vertex 25.2659 4.45452 6.4
      vertex 25.3566 2.98387 6.4
      vertex 25.3566 4.41613 6.4
    endloop
  endfacet
  facet normal 0 0 1
    outer loop
      vertex 25.2659 4.45452 6.4
      vertex 25.2659 2.94548 6.4
      vertex 25.3566 2.98387 6.4
    endloop
  endfacet
  facet normal 0 0 1
    outer loop
      vertex 25.1711 4.48148 6.4
      vertex 25.2659 2.94548 6.4
      vertex 25.2659 4.45452 6.4
    endloop
  endfacet
  facet normal 0 0 1
    outer loop
      vertex 25.1711 4.48148 6.4
      vertex 25.1711 2.91852 6.4
      vertex 25.2659 2.94548 6.4
    endloop
  endfacet
  facet normal 0 0 1
    outer loop
      vertex 25.0738 4.49659 6.4
      vertex 25.1711 2.91852 6.4
      vertex 25.1711 4.48148 6.4
    endloop
  endfacet
  facet normal 0 0 1
    outer loop
      vertex 25.0738 4.49659 6.4
      vertex 25.0738 2.90341 6.4
      vertex 25.1711 2.91852 6.4
    endloop
  endfacet
  facet normal 0 0 1
    outer loop
      vertex 24.9754 4.49962 6.4
      vertex 25.0738 2.90341 6.4
      vertex 25.0738 4.49659 6.4
    endloop
  endfacet
  facet normal 0 0 1
    outer loop
      vertex 24.9754 4.49962 6.4
      vertex 24.9754 2.90038 6.4
      vertex 25.0738 2.90341 6.4
    endloop
  endfacet
  facet normal -0 0 1
    outer loop
      vertex 24.8773 4.49053 6.4
      vertex 24.9754 2.90038 6.4
      vertex 24.9754 4.49962 6.4
    endloop
  endfacet
  facet normal 0 0 1
    outer loop
      vertex 24.8773 4.49053 6.4
      vertex 24.8773 2.90947 6.4
      vertex 24.9754 2.90038 6.4
    endloop
  endfacet
  facet normal -0 0 1
    outer loop
      vertex 24.7811 4.46946 6.4
      vertex 24.8773 2.90947 6.4
      vertex 24.8773 4.49053 6.4
    endloop
  endfacet
  facet normal 0 0 1
    outer loop
      vertex 24.7811 4.46946 6.4
      vertex 24.7811 2.93054 6.4
      vertex 24.8773 2.90947 6.4
    endloop
  endfacet
  facet normal -0 0 1
    outer loop
      vertex 24.6882 4.43672 6.4
      vertex 24.7811 2.93054 6.4
      vertex 24.7811 4.46946 6.4
    endloop
  endfacet
  facet normal 0 0 1
    outer loop
      vertex 24.6882 4.43672 6.4
      vertex 24.6882 2.96327 6.4
      vertex 24.7811 2.93054 6.4
    endloop
  endfacet
  facet normal -0 0 1
    outer loop
      vertex 24.6 4.39282 6.4
      vertex 24.6882 2.96327 6.4
      vertex 24.6882 4.43672 6.4
    endloop
  endfacet
  facet normal 0 0 1
    outer loop
      vertex 24.6 4.39282 6.4
      vertex 24.6 3.00718 6.4
      vertex 24.6882 2.96327 6.4
    endloop
  endfacet
  facet normal -0 0 1
    outer loop
      vertex 24.5179 4.33841 6.4
      vertex 24.6 3.00718 6.4
      vertex 24.6 4.39282 6.4
    endloop
  endfacet
  facet normal 0 0 1
    outer loop
      vertex 24.5179 4.33841 6.4
      vertex 24.5179 3.06159 6.4
      vertex 24.6 3.00718 6.4
    endloop
  endfacet
  facet normal -0 0 1
    outer loop
      vertex 24.4431 4.27433 6.4
      vertex 24.5179 3.06159 6.4
      vertex 24.5179 4.33841 6.4
    endloop
  endfacet
  facet normal 0 0 1
    outer loop
      vertex 24.4431 4.27433 6.4
      vertex 24.4431 3.12567 6.4
      vertex 24.5179 3.06159 6.4
    endloop
  endfacet
  facet normal -0 0 1
    outer loop
      vertex 24.3767 4.20154 6.4
      vertex 24.4431 3.12567 6.4
      vertex 24.4431 4.27433 6.4
    endloop
  endfacet
  facet normal 0 0 1
    outer loop
      vertex 24.3767 4.20154 6.4
      vertex 24.3767 3.19846 6.4
      vertex 24.4431 3.12567 6.4
    endloop
  endfacet
  facet normal -0 0 1
    outer loop
      vertex 24.3198 4.12115 6.4
      vertex 24.3767 3.19846 6.4
      vertex 24.3767 4.20154 6.4
    endloop
  endfacet
  facet normal 0 0 1
    outer loop
      vertex 24.3198 4.12115 6.4
      vertex 24.3198 3.27885 6.4
      vertex 24.3767 3.19846 6.4
    endloop
  endfacet
  facet normal -0 0 1
    outer loop
      vertex 24.2732 4.03437 6.4
      vertex 24.3198 3.27885 6.4
      vertex 24.3198 4.12115 6.4
    endloop
  endfacet
  facet normal 0 0 1
    outer loop
      vertex 24.2732 4.03437 6.4
      vertex 24.2732 3.36563 6.4
      vertex 24.3198 3.27885 6.4
    endloop
  endfacet
  facet normal -0 0 1
    outer loop
      vertex 24.2376 3.94252 6.4
      vertex 24.2732 3.36563 6.4
      vertex 24.2732 4.03437 6.4
    endloop
  endfacet
  facet normal 0 0 1
    outer loop
      vertex 24.2376 3.94252 6.4
      vertex 24.2376 3.45748 6.4
      vertex 24.2732 3.36563 6.4
    endloop
  endfacet
  facet normal -0 0 1
    outer loop
      vertex 24.2136 3.847 6.4
      vertex 24.2376 3.45748 6.4
      vertex 24.2376 3.94252 6.4
    endloop
  endfacet
  facet normal 0 0 1
    outer loop
      vertex 24.2136 3.847 6.4
      vertex 24.2136 3.553 6.4
      vertex 24.2376 3.45748 6.4
    endloop
  endfacet
  facet normal -0 0 1
    outer loop
      vertex 24.2015 3.74925 6.4
      vertex 24.2136 3.553 6.4
      vertex 24.2136 3.847 6.4
    endloop
  endfacet
  facet normal 0 0 1
    outer loop
      vertex 24.2136 3.553 6.4
      vertex 24.2015 3.74925 6.4
      vertex 24.2015 3.65075 6.4
    endloop
  endfacet
  facet normal 0.602661 -0.797998 0
    outer loop
      vertex 25.4419 3.03312 1.5
      vertex 25.5205 3.09248 6.4
      vertex 25.4419 3.03312 6.4
    endloop
  endfacet
  facet normal 0.602661 -0.797998 0
    outer loop
      vertex 25.5205 3.09248 6.4
      vertex 25.4419 3.03312 1.5
      vertex 25.5205 3.09248 1.5
    endloop
  endfacet
  facet normal 0.602661 0.797998 -0
    outer loop
      vertex 25.5205 4.30752 1.5
      vertex 25.4419 4.36688 6.4
      vertex 25.5205 4.30752 6.4
    endloop
  endfacet
  facet normal 0.602661 0.797998 0
    outer loop
      vertex 25.4419 4.36688 6.4
      vertex 25.5205 4.30752 1.5
      vertex 25.4419 4.36688 1.5
    endloop
  endfacet
  facet normal -0.552425 0.833562 0
    outer loop
      vertex 24.6 4.39282 1.5
      vertex 24.5179 4.33841 6.4
      vertex 24.6 4.39282 6.4
    endloop
  endfacet
  facet normal -0.552425 0.833562 0
    outer loop
      vertex 24.5179 4.33841 6.4
      vertex 24.6 4.39282 1.5
      vertex 24.5179 4.33841 1.5
    endloop
  endfacet
  facet normal -0.213951 -0.976844 0
    outer loop
      vertex 24.7811 2.93054 1.5
      vertex 24.8773 2.90947 6.4
      vertex 24.7811 2.93054 6.4
    endloop
  endfacet
  facet normal -0.213951 -0.976844 -0
    outer loop
      vertex 24.8773 2.90947 6.4
      vertex 24.7811 2.93054 1.5
      vertex 24.8773 2.90947 1.5
    endloop
  endfacet
  facet normal 0.953115 0.302608 0
    outer loop
      vertex 25.7758 3.89513 6.4
      vertex 25.746 3.98899 1.5
      vertex 25.746 3.98899 6.4
    endloop
  endfacet
  facet normal 0.953115 0.302608 0
    outer loop
      vertex 25.746 3.98899 1.5
      vertex 25.7758 3.89513 6.4
      vertex 25.7758 3.89513 1.5
    endloop
  endfacet
  facet normal -0.332294 -0.943176 0
    outer loop
      vertex 24.6882 2.96327 1.5
      vertex 24.7811 2.93054 6.4
      vertex 24.6882 2.96327 6.4
    endloop
  endfacet
  facet normal -0.332294 -0.943176 -0
    outer loop
      vertex 24.7811 2.93054 6.4
      vertex 24.6882 2.96327 1.5
      vertex 24.7811 2.93054 1.5
    endloop
  endfacet
  facet normal 0.778845 -0.627217 0
    outer loop
      vertex 25.5912 3.16104 6.4
      vertex 25.653 3.23778 1.5
      vertex 25.653 3.23778 6.4
    endloop
  endfacet
  facet normal 0.778845 -0.627217 0
    outer loop
      vertex 25.653 3.23778 1.5
      vertex 25.5912 3.16104 6.4
      vertex 25.5912 3.16104 1.5
    endloop
  endfacet
  facet normal 0.908339 0.418234 0
    outer loop
      vertex 25.746 3.98899 6.4
      vertex 25.7048 4.07847 1.5
      vertex 25.7048 4.07847 6.4
    endloop
  endfacet
  facet normal 0.908339 0.418234 0
    outer loop
      vertex 25.7048 4.07847 1.5
      vertex 25.746 3.98899 6.4
      vertex 25.746 3.98899 1.5
    endloop
  endfacet
  facet normal -0.738791 -0.673935 0
    outer loop
      vertex 24.4431 3.12567 1.5
      vertex 24.3767 3.19846 6.4
      vertex 24.3767 3.19846 1.5
    endloop
  endfacet
  facet normal -0.738791 -0.673935 0
    outer loop
      vertex 24.3767 3.19846 6.4
      vertex 24.4431 3.12567 1.5
      vertex 24.4431 3.12567 6.4
    endloop
  endfacet
  facet normal -0.213951 0.976844 0
    outer loop
      vertex 24.8773 4.49053 1.5
      vertex 24.7811 4.46946 6.4
      vertex 24.8773 4.49053 6.4
    endloop
  endfacet
  facet normal -0.213951 0.976844 0
    outer loop
      vertex 24.7811 4.46946 6.4
      vertex 24.8773 4.49053 1.5
      vertex 24.7811 4.46946 1.5
    endloop
  endfacet
  facet normal -0.932414 -0.361393 0
    outer loop
      vertex 24.2732 3.36563 1.5
      vertex 24.2376 3.45748 6.4
      vertex 24.2376 3.45748 1.5
    endloop
  endfacet
  facet normal -0.932414 -0.361393 0
    outer loop
      vertex 24.2376 3.45748 6.4
      vertex 24.2732 3.36563 1.5
      vertex 24.2732 3.36563 6.4
    endloop
  endfacet
  facet normal -0.992426 -0.122848 0
    outer loop
      vertex 24.2136 3.553 1.5
      vertex 24.2015 3.65075 6.4
      vertex 24.2015 3.65075 1.5
    endloop
  endfacet
  facet normal -0.992426 -0.122848 0
    outer loop
      vertex 24.2015 3.65075 6.4
      vertex 24.2136 3.553 1.5
      vertex 24.2136 3.553 6.4
    endloop
  endfacet
  facet normal 0.998081 0.0619295 0
    outer loop
      vertex 25.8 3.7 6.4
      vertex 25.7939 3.79831 1.5
      vertex 25.7939 3.79831 6.4
    endloop
  endfacet
  facet normal 0.998081 0.0619295 0
    outer loop
      vertex 25.7939 3.79831 1.5
      vertex 25.8 3.7 6.4
      vertex 25.8 3.7 1.5
    endloop
  endfacet
  facet normal 0.0307781 -0.999526 0
    outer loop
      vertex 24.9754 2.90038 1.5
      vertex 25.0738 2.90341 6.4
      vertex 24.9754 2.90038 6.4
    endloop
  endfacet
  facet normal 0.0307781 -0.999526 0
    outer loop
      vertex 25.0738 2.90341 6.4
      vertex 24.9754 2.90038 1.5
      vertex 25.0738 2.90341 1.5
    endloop
  endfacet
  facet normal 0.850471 0.526022 0
    outer loop
      vertex 25.7048 4.07847 6.4
      vertex 25.653 4.16222 1.5
      vertex 25.653 4.16222 6.4
    endloop
  endfacet
  facet normal 0.850471 0.526022 0
    outer loop
      vertex 25.653 4.16222 1.5
      vertex 25.7048 4.07847 6.4
      vertex 25.7048 4.07847 1.5
    endloop
  endfacet
  facet normal 0.908357 -0.418195 0
    outer loop
      vertex 25.7048 3.32152 6.4
      vertex 25.746 3.41101 1.5
      vertex 25.746 3.41101 6.4
    endloop
  endfacet
  facet normal 0.908357 -0.418195 0
    outer loop
      vertex 25.746 3.41101 1.5
      vertex 25.7048 3.32152 6.4
      vertex 25.7048 3.32152 1.5
    endloop
  endfacet
  facet normal 0.982971 0.183761 0
    outer loop
      vertex 25.7939 3.79831 6.4
      vertex 25.7758 3.89513 1.5
      vertex 25.7758 3.89513 6.4
    endloop
  endfacet
  facet normal 0.982971 0.183761 0
    outer loop
      vertex 25.7758 3.89513 1.5
      vertex 25.7939 3.79831 6.4
      vertex 25.7939 3.79831 1.5
    endloop
  endfacet
  facet normal 0.273542 0.96186 -0
    outer loop
      vertex 25.2659 4.45452 1.5
      vertex 25.1711 4.48148 6.4
      vertex 25.2659 4.45452 6.4
    endloop
  endfacet
  facet normal 0.273542 0.96186 0
    outer loop
      vertex 25.1711 4.48148 6.4
      vertex 25.2659 4.45452 1.5
      vertex 25.1711 4.48148 1.5
    endloop
  endfacet
  facet normal 0.696159 0.717888 -0
    outer loop
      vertex 25.5912 4.23896 1.5
      vertex 25.5205 4.30752 6.4
      vertex 25.5912 4.23896 6.4
    endloop
  endfacet
  facet normal 0.696159 0.717888 0
    outer loop
      vertex 25.5205 4.30752 6.4
      vertex 25.5912 4.23896 1.5
      vertex 25.5205 4.30752 1.5
    endloop
  endfacet
  facet normal 0.389786 0.920906 -0
    outer loop
      vertex 25.3566 4.41613 1.5
      vertex 25.2659 4.45452 6.4
      vertex 25.3566 4.41613 6.4
    endloop
  endfacet
  facet normal 0.389786 0.920906 0
    outer loop
      vertex 25.2659 4.45452 6.4
      vertex 25.3566 4.41613 1.5
      vertex 25.2659 4.45452 1.5
    endloop
  endfacet
  facet normal 0.389786 -0.920906 0
    outer loop
      vertex 25.2659 2.94548 1.5
      vertex 25.3566 2.98387 6.4
      vertex 25.2659 2.94548 6.4
    endloop
  endfacet
  facet normal 0.389786 -0.920906 0
    outer loop
      vertex 25.3566 2.98387 6.4
      vertex 25.2659 2.94548 1.5
      vertex 25.3566 2.98387 1.5
    endloop
  endfacet
  facet normal 0.953115 -0.302608 0
    outer loop
      vertex 25.746 3.41101 6.4
      vertex 25.7758 3.50487 1.5
      vertex 25.7758 3.50487 6.4
    endloop
  endfacet
  facet normal 0.953115 -0.302608 0
    outer loop
      vertex 25.7758 3.50487 1.5
      vertex 25.746 3.41101 6.4
      vertex 25.746 3.41101 1.5
    endloop
  endfacet
  facet normal -0.881012 -0.473095 0
    outer loop
      vertex 24.3198 3.27885 1.5
      vertex 24.2732 3.36563 6.4
      vertex 24.2732 3.36563 1.5
    endloop
  endfacet
  facet normal -0.881012 -0.473095 0
    outer loop
      vertex 24.2732 3.36563 6.4
      vertex 24.3198 3.27885 1.5
      vertex 24.3198 3.27885 6.4
    endloop
  endfacet
  facet normal 0.273542 -0.96186 0
    outer loop
      vertex 25.1711 2.91852 1.5
      vertex 25.2659 2.94548 6.4
      vertex 25.1711 2.91852 6.4
    endloop
  endfacet
  facet normal 0.273542 -0.96186 0
    outer loop
      vertex 25.2659 2.94548 6.4
      vertex 25.1711 2.91852 1.5
      vertex 25.2659 2.94548 1.5
    endloop
  endfacet
  facet normal 0.500015 0.866017 -0
    outer loop
      vertex 25.4419 4.36688 1.5
      vertex 25.3566 4.41613 6.4
      vertex 25.4419 4.36688 6.4
    endloop
  endfacet
  facet normal 0.500015 0.866017 0
    outer loop
      vertex 25.3566 4.41613 6.4
      vertex 25.4419 4.36688 1.5
      vertex 25.3566 4.41613 1.5
    endloop
  endfacet
  facet normal 0.153454 -0.988156 0
    outer loop
      vertex 25.0738 2.90341 1.5
      vertex 25.1711 2.91852 6.4
      vertex 25.0738 2.90341 6.4
    endloop
  endfacet
  facet normal 0.153454 -0.988156 0
    outer loop
      vertex 25.1711 2.91852 6.4
      vertex 25.0738 2.90341 1.5
      vertex 25.1711 2.91852 1.5
    endloop
  endfacet
  facet normal -0.881012 0.473095 0
    outer loop
      vertex 24.2732 4.03437 1.5
      vertex 24.3198 4.12115 6.4
      vertex 24.3198 4.12115 1.5
    endloop
  endfacet
  facet normal -0.881012 0.473095 0
    outer loop
      vertex 24.3198 4.12115 6.4
      vertex 24.2732 4.03437 1.5
      vertex 24.2732 4.03437 6.4
    endloop
  endfacet
  facet normal 0.998081 -0.0619295 0
    outer loop
      vertex 25.7939 3.60169 6.4
      vertex 25.8 3.7 1.5
      vertex 25.8 3.7 6.4
    endloop
  endfacet
  facet normal 0.998081 -0.0619295 0
    outer loop
      vertex 25.8 3.7 1.5
      vertex 25.7939 3.60169 6.4
      vertex 25.7939 3.60169 1.5
    endloop
  endfacet
  facet normal -0.332385 0.943144 0
    outer loop
      vertex 24.7811 4.46946 1.5
      vertex 24.6882 4.43672 6.4
      vertex 24.7811 4.46946 6.4
    endloop
  endfacet
  facet normal -0.332385 0.943144 0
    outer loop
      vertex 24.6882 4.43672 6.4
      vertex 24.7811 4.46946 1.5
      vertex 24.6882 4.43672 1.5
    endloop
  endfacet
  facet normal -0.81623 -0.577727 0
    outer loop
      vertex 24.3767 3.19846 1.5
      vertex 24.3198 3.27885 6.4
      vertex 24.3198 3.27885 1.5
    endloop
  endfacet
  facet normal -0.81623 -0.577727 0
    outer loop
      vertex 24.3198 3.27885 6.4
      vertex 24.3767 3.19846 1.5
      vertex 24.3767 3.19846 6.4
    endloop
  endfacet
  facet normal -0.969855 0.243682 0
    outer loop
      vertex 24.2136 3.847 1.5
      vertex 24.2376 3.94252 6.4
      vertex 24.2376 3.94252 1.5
    endloop
  endfacet
  facet normal -0.969855 0.243682 0
    outer loop
      vertex 24.2376 3.94252 6.4
      vertex 24.2136 3.847 1.5
      vertex 24.2136 3.847 6.4
    endloop
  endfacet
  facet normal -0.932414 0.361393 0
    outer loop
      vertex 24.2376 3.94252 1.5
      vertex 24.2732 4.03437 6.4
      vertex 24.2732 4.03437 1.5
    endloop
  endfacet
  facet normal -0.932414 0.361393 0
    outer loop
      vertex 24.2732 4.03437 6.4
      vertex 24.2376 3.94252 1.5
      vertex 24.2376 3.94252 6.4
    endloop
  endfacet
  facet normal 0.850443 -0.526068 0
    outer loop
      vertex 25.653 3.23778 6.4
      vertex 25.7048 3.32152 1.5
      vertex 25.7048 3.32152 6.4
    endloop
  endfacet
  facet normal 0.850443 -0.526068 0
    outer loop
      vertex 25.7048 3.32152 1.5
      vertex 25.653 3.23778 6.4
      vertex 25.653 3.23778 1.5
    endloop
  endfacet
  facet normal -0.969855 -0.243682 0
    outer loop
      vertex 24.2376 3.45748 1.5
      vertex 24.2136 3.553 6.4
      vertex 24.2136 3.553 1.5
    endloop
  endfacet
  facet normal -0.969855 -0.243682 0
    outer loop
      vertex 24.2136 3.553 6.4
      vertex 24.2376 3.45748 1.5
      vertex 24.2376 3.45748 6.4
    endloop
  endfacet
  facet normal 0.982971 -0.183761 0
    outer loop
      vertex 25.7758 3.50487 6.4
      vertex 25.7939 3.60169 1.5
      vertex 25.7939 3.60169 6.4
    endloop
  endfacet
  facet normal 0.982971 -0.183761 0
    outer loop
      vertex 25.7939 3.60169 1.5
      vertex 25.7758 3.50487 6.4
      vertex 25.7758 3.50487 1.5
    endloop
  endfacet
  facet normal 0.0307781 0.999526 -0
    outer loop
      vertex 25.0738 4.49659 1.5
      vertex 24.9754 4.49962 6.4
      vertex 25.0738 4.49659 6.4
    endloop
  endfacet
  facet normal 0.0307781 0.999526 0
    outer loop
      vertex 24.9754 4.49962 6.4
      vertex 25.0738 4.49659 1.5
      vertex 24.9754 4.49962 1.5
    endloop
  endfacet
  facet normal -0.0922653 0.995734 0
    outer loop
      vertex 24.9754 4.49962 1.5
      vertex 24.8773 4.49053 6.4
      vertex 24.9754 4.49962 6.4
    endloop
  endfacet
  facet normal -0.0922653 0.995734 0
    outer loop
      vertex 24.8773 4.49053 6.4
      vertex 24.9754 4.49962 1.5
      vertex 24.8773 4.49053 1.5
    endloop
  endfacet
  facet normal -0.738791 0.673935 0
    outer loop
      vertex 24.3767 4.20154 1.5
      vertex 24.4431 4.27433 6.4
      vertex 24.4431 4.27433 1.5
    endloop
  endfacet
  facet normal -0.738791 0.673935 0
    outer loop
      vertex 24.4431 4.27433 6.4
      vertex 24.3767 4.20154 1.5
      vertex 24.3767 4.20154 6.4
    endloop
  endfacet
  facet normal -0.650591 0.759429 0
    outer loop
      vertex 24.5179 4.33841 1.5
      vertex 24.4431 4.27433 6.4
      vertex 24.5179 4.33841 6.4
    endloop
  endfacet
  facet normal -0.650591 0.759429 0
    outer loop
      vertex 24.4431 4.27433 6.4
      vertex 24.5179 4.33841 1.5
      vertex 24.4431 4.27433 1.5
    endloop
  endfacet
  facet normal 0.153454 0.988156 -0
    outer loop
      vertex 25.1711 4.48148 1.5
      vertex 25.0738 4.49659 6.4
      vertex 25.1711 4.48148 6.4
    endloop
  endfacet
  facet normal 0.153454 0.988156 0
    outer loop
      vertex 25.0738 4.49659 6.4
      vertex 25.1711 4.48148 1.5
      vertex 25.0738 4.49659 1.5
    endloop
  endfacet
  facet normal -0.650591 -0.759429 0
    outer loop
      vertex 24.4431 3.12567 1.5
      vertex 24.5179 3.06159 6.4
      vertex 24.4431 3.12567 6.4
    endloop
  endfacet
  facet normal -0.650591 -0.759429 -0
    outer loop
      vertex 24.5179 3.06159 6.4
      vertex 24.4431 3.12567 1.5
      vertex 24.5179 3.06159 1.5
    endloop
  endfacet
  facet normal -0.992426 0.122848 0
    outer loop
      vertex 24.2015 3.74925 1.5
      vertex 24.2136 3.847 6.4
      vertex 24.2136 3.847 1.5
    endloop
  endfacet
  facet normal -0.992426 0.122848 0
    outer loop
      vertex 24.2136 3.847 6.4
      vertex 24.2015 3.74925 1.5
      vertex 24.2015 3.74925 6.4
    endloop
  endfacet
  facet normal -1 0 0
    outer loop
      vertex 24.2015 3.65075 1.5
      vertex 24.2015 3.74925 6.4
      vertex 24.2015 3.74925 1.5
    endloop
  endfacet
  facet normal -1 -0 0
    outer loop
      vertex 24.2015 3.74925 6.4
      vertex 24.2015 3.65075 1.5
      vertex 24.2015 3.65075 6.4
    endloop
  endfacet
  facet normal -0.44567 -0.895197 0
    outer loop
      vertex 24.6 3.00718 1.5
      vertex 24.6882 2.96327 6.4
      vertex 24.6 3.00718 6.4
    endloop
  endfacet
  facet normal -0.44567 -0.895197 -0
    outer loop
      vertex 24.6882 2.96327 6.4
      vertex 24.6 3.00718 1.5
      vertex 24.6882 2.96327 1.5
    endloop
  endfacet
  facet normal 0.696159 -0.717888 0
    outer loop
      vertex 25.5205 3.09248 1.5
      vertex 25.5912 3.16104 6.4
      vertex 25.5205 3.09248 6.4
    endloop
  endfacet
  facet normal 0.696159 -0.717888 0
    outer loop
      vertex 25.5912 3.16104 6.4
      vertex 25.5205 3.09248 1.5
      vertex 25.5912 3.16104 1.5
    endloop
  endfacet
  facet normal -0.0922653 -0.995734 0
    outer loop
      vertex 24.8773 2.90947 1.5
      vertex 24.9754 2.90038 6.4
      vertex 24.8773 2.90947 6.4
    endloop
  endfacet
  facet normal -0.0922653 -0.995734 -0
    outer loop
      vertex 24.9754 2.90038 6.4
      vertex 24.8773 2.90947 1.5
      vertex 24.9754 2.90038 1.5
    endloop
  endfacet
  facet normal -0.932548 0.361045 0
    outer loop
      vertex 3.23765 16.6425 1.5
      vertex 3.27323 16.7344 6.4
      vertex 3.27323 16.7344 1.5
    endloop
  endfacet
  facet normal -0.932548 0.361045 0
    outer loop
      vertex 3.27323 16.7344 6.4
      vertex 3.23765 16.6425 1.5
      vertex 3.23765 16.6425 6.4
    endloop
  endfacet
  facet normal 0.499635 0.866236 -0
    outer loop
      vertex 4.44189 17.0669 1.5
      vertex 4.35659 17.1161 6.4
      vertex 4.44189 17.0669 6.4
    endloop
  endfacet
  facet normal 0.499635 0.866236 0
    outer loop
      vertex 4.35659 17.1161 6.4
      vertex 4.44189 17.0669 1.5
      vertex 4.35659 17.1161 1.5
    endloop
  endfacet
  facet normal 0.499635 -0.866236 0
    outer loop
      vertex 4.35659 15.6839 1.5
      vertex 4.44189 15.7331 6.4
      vertex 4.35659 15.6839 6.4
    endloop
  endfacet
  facet normal 0.499635 -0.866236 0
    outer loop
      vertex 4.44189 15.7331 6.4
      vertex 4.35659 15.6839 1.5
      vertex 4.44189 15.7331 1.5
    endloop
  endfacet
  facet normal 0.602919 -0.797802 0
    outer loop
      vertex 4.44189 15.7331 1.5
      vertex 4.52049 15.7925 6.4
      vertex 4.44189 15.7331 6.4
    endloop
  endfacet
  facet normal 0.602919 -0.797802 0
    outer loop
      vertex 4.52049 15.7925 6.4
      vertex 4.44189 15.7331 1.5
      vertex 4.52049 15.7925 1.5
    endloop
  endfacet
  facet normal 0.153293 -0.988181 0
    outer loop
      vertex 4.07381 15.6034 1.5
      vertex 4.17115 15.6185 6.4
      vertex 4.07381 15.6034 6.4
    endloop
  endfacet
  facet normal 0.153293 -0.988181 0
    outer loop
      vertex 4.17115 15.6185 6.4
      vertex 4.07381 15.6034 1.5
      vertex 4.17115 15.6185 1.5
    endloop
  endfacet
  facet normal -0.44571 0.895177 0
    outer loop
      vertex 3.68817 17.1367 1.5
      vertex 3.6 17.0928 6.4
      vertex 3.68817 17.1367 6.4
    endloop
  endfacet
  facet normal -0.44571 0.895177 0
    outer loop
      vertex 3.6 17.0928 6.4
      vertex 3.68817 17.1367 1.5
      vertex 3.6 17.0928 1.5
    endloop
  endfacet
  facet normal -0.213231 0.977002 0
    outer loop
      vertex 3.87729 17.1905 1.5
      vertex 3.78107 17.1695 6.4
      vertex 3.87729 17.1905 6.4
    endloop
  endfacet
  facet normal -0.213231 0.977002 0
    outer loop
      vertex 3.78107 17.1695 6.4
      vertex 3.87729 17.1905 1.5
      vertex 3.78107 17.1695 1.5
    endloop
  endfacet
  facet normal -0.816264 0.577679 0
    outer loop
      vertex 3.31983 16.8211 1.5
      vertex 3.37673 16.9015 6.4
      vertex 3.37673 16.9015 1.5
    endloop
  endfacet
  facet normal -0.816264 0.577679 0
    outer loop
      vertex 3.37673 16.9015 6.4
      vertex 3.31983 16.8211 1.5
      vertex 3.31983 16.8211 6.4
    endloop
  endfacet
  facet normal 0.90849 -0.417906 0
    outer loop
      vertex 4.70481 16.0215 6.4
      vertex 4.74598 16.111 1.5
      vertex 4.74598 16.111 6.4
    endloop
  endfacet
  facet normal 0.90849 -0.417906 0
    outer loop
      vertex 4.74598 16.111 1.5
      vertex 4.70481 16.0215 6.4
      vertex 4.70481 16.0215 1.5
    endloop
  endfacet
  facet normal 0.602919 0.797802 -0
    outer loop
      vertex 4.52049 17.0075 1.5
      vertex 4.44189 17.0669 6.4
      vertex 4.52049 17.0075 6.4
    endloop
  endfacet
  facet normal 0.602919 0.797802 0
    outer loop
      vertex 4.44189 17.0669 6.4
      vertex 4.52049 17.0075 1.5
      vertex 4.44189 17.0669 1.5
    endloop
  endfacet
  facet normal 0.998105 -0.0615312 0
    outer loop
      vertex 4.79394 16.3017 6.4
      vertex 4.8 16.4 1.5
      vertex 4.8 16.4 6.4
    endloop
  endfacet
  facet normal 0.998105 -0.0615312 0
    outer loop
      vertex 4.8 16.4 1.5
      vertex 4.79394 16.3017 6.4
      vertex 4.79394 16.3017 1.5
    endloop
  endfacet
  facet normal 0.982964 0.183798 0
    outer loop
      vertex 4.79394 16.4983 6.4
      vertex 4.77584 16.5951 1.5
      vertex 4.77584 16.5951 6.4
    endloop
  endfacet
  facet normal 0.982964 0.183798 0
    outer loop
      vertex 4.77584 16.5951 1.5
      vertex 4.79394 16.4983 6.4
      vertex 4.79394 16.4983 1.5
    endloop
  endfacet
  facet normal 0.695743 -0.718291 0
    outer loop
      vertex 4.52049 15.7925 1.5
      vertex 4.59121 15.861 6.4
      vertex 4.52049 15.7925 6.4
    endloop
  endfacet
  facet normal 0.695743 -0.718291 0
    outer loop
      vertex 4.59121 15.861 6.4
      vertex 4.52049 15.7925 1.5
      vertex 4.59121 15.861 1.5
    endloop
  endfacet
  facet normal -0.932548 -0.361045 0
    outer loop
      vertex 3.27323 16.0656 1.5
      vertex 3.23765 16.1575 6.4
      vertex 3.23765 16.1575 1.5
    endloop
  endfacet
  facet normal -0.932548 -0.361045 0
    outer loop
      vertex 3.23765 16.1575 6.4
      vertex 3.27323 16.0656 1.5
      vertex 3.27323 16.0656 6.4
    endloop
  endfacet
  facet normal 0.779332 0.626611 0
    outer loop
      vertex 4.65296 16.8622 6.4
      vertex 4.59121 16.939 1.5
      vertex 4.59121 16.939 6.4
    endloop
  endfacet
  facet normal 0.779332 0.626611 0
    outer loop
      vertex 4.59121 16.939 1.5
      vertex 4.65296 16.8622 6.4
      vertex 4.65296 16.8622 1.5
    endloop
  endfacet
  facet normal 0.952976 0.303044 0
    outer loop
      vertex 4.77584 16.5951 6.4
      vertex 4.74598 16.689 1.5
      vertex 4.74598 16.689 6.4
    endloop
  endfacet
  facet normal 0.952976 0.303044 0
    outer loop
      vertex 4.74598 16.689 1.5
      vertex 4.77584 16.5951 6.4
      vertex 4.77584 16.5951 1.5
    endloop
  endfacet
  facet normal 0.998105 0.0615312 0
    outer loop
      vertex 4.8 16.4 6.4
      vertex 4.79394 16.4983 1.5
      vertex 4.79394 16.4983 6.4
    endloop
  endfacet
  facet normal 0.998105 0.0615312 0
    outer loop
      vertex 4.79394 16.4983 1.5
      vertex 4.8 16.4 6.4
      vertex 4.8 16.4 1.5
    endloop
  endfacet
  facet normal -0.739039 0.673663 0
    outer loop
      vertex 3.37673 16.9015 1.5
      vertex 3.44309 16.9743 6.4
      vertex 3.44309 16.9743 1.5
    endloop
  endfacet
  facet normal -0.739039 0.673663 0
    outer loop
      vertex 3.44309 16.9743 6.4
      vertex 3.37673 16.9015 1.5
      vertex 3.37673 16.9015 6.4
    endloop
  endfacet
  facet normal -0.332926 -0.942953 0
    outer loop
      vertex 3.68817 15.6633 1.5
      vertex 3.78107 15.6305 6.4
      vertex 3.68817 15.6633 6.4
    endloop
  endfacet
  facet normal -0.332926 -0.942953 -0
    outer loop
      vertex 3.78107 15.6305 6.4
      vertex 3.68817 15.6633 1.5
      vertex 3.78107 15.6305 1.5
    endloop
  endfacet
  facet normal -0.44571 -0.895177 0
    outer loop
      vertex 3.6 15.7072 1.5
      vertex 3.68817 15.6633 6.4
      vertex 3.6 15.7072 6.4
    endloop
  endfacet
  facet normal -0.44571 -0.895177 -0
    outer loop
      vertex 3.68817 15.6633 6.4
      vertex 3.6 15.7072 1.5
      vertex 3.68817 15.6633 1.5
    endloop
  endfacet
  facet normal 0.952976 -0.303044 0
    outer loop
      vertex 4.74598 16.111 6.4
      vertex 4.77584 16.2049 1.5
      vertex 4.77584 16.2049 6.4
    endloop
  endfacet
  facet normal 0.952976 -0.303044 0
    outer loop
      vertex 4.77584 16.2049 1.5
      vertex 4.74598 16.111 6.4
      vertex 4.74598 16.111 1.5
    endloop
  endfacet
  facet normal -0.816264 -0.577679 0
    outer loop
      vertex 3.37673 15.8985 1.5
      vertex 3.31983 15.9789 6.4
      vertex 3.31983 15.9789 1.5
    endloop
  endfacet
  facet normal -0.816264 -0.577679 0
    outer loop
      vertex 3.31983 15.9789 6.4
      vertex 3.37673 15.8985 1.5
      vertex 3.37673 15.8985 6.4
    endloop
  endfacet
  facet normal 0.850103 0.526617 0
    outer loop
      vertex 4.70481 16.7785 6.4
      vertex 4.65296 16.8622 1.5
      vertex 4.65296 16.8622 6.4
    endloop
  endfacet
  facet normal 0.850103 0.526617 0
    outer loop
      vertex 4.65296 16.8622 1.5
      vertex 4.70481 16.7785 6.4
      vertex 4.70481 16.7785 1.5
    endloop
  endfacet
  facet normal -0.969771 0.244017 0
    outer loop
      vertex 3.21362 16.547 1.5
      vertex 3.23765 16.6425 6.4
      vertex 3.23765 16.6425 1.5
    endloop
  endfacet
  facet normal -0.969771 0.244017 0
    outer loop
      vertex 3.23765 16.6425 6.4
      vertex 3.21362 16.547 1.5
      vertex 3.21362 16.547 6.4
    endloop
  endfacet
  facet normal 0.389835 0.920885 -0
    outer loop
      vertex 4.35659 17.1161 1.5
      vertex 4.26588 17.1545 6.4
      vertex 4.35659 17.1161 6.4
    endloop
  endfacet
  facet normal 0.389835 0.920885 0
    outer loop
      vertex 4.26588 17.1545 6.4
      vertex 4.35659 17.1161 1.5
      vertex 4.26588 17.1545 1.5
    endloop
  endfacet
  facet normal 0.779332 -0.626611 0
    outer loop
      vertex 4.59121 15.861 6.4
      vertex 4.65296 15.9378 1.5
      vertex 4.65296 15.9378 6.4
    endloop
  endfacet
  facet normal 0.779332 -0.626611 0
    outer loop
      vertex 4.65296 15.9378 1.5
      vertex 4.59121 15.861 6.4
      vertex 4.59121 15.861 1.5
    endloop
  endfacet
  facet normal 0.0304582 0.999536 -0
    outer loop
      vertex 4.07381 17.1966 1.5
      vertex 3.97536 17.1996 6.4
      vertex 4.07381 17.1966 6.4
    endloop
  endfacet
  facet normal 0.0304582 0.999536 0
    outer loop
      vertex 3.97536 17.1996 6.4
      vertex 4.07381 17.1966 1.5
      vertex 3.97536 17.1996 1.5
    endloop
  endfacet
  facet normal 0.850103 -0.526617 0
    outer loop
      vertex 4.65296 15.9378 6.4
      vertex 4.70481 16.0215 1.5
      vertex 4.70481 16.0215 6.4
    endloop
  endfacet
  facet normal 0.850103 -0.526617 0
    outer loop
      vertex 4.70481 16.0215 1.5
      vertex 4.65296 15.9378 6.4
      vertex 4.65296 15.9378 1.5
    endloop
  endfacet
  facet normal -0.739039 -0.673663 0
    outer loop
      vertex 3.44309 15.8257 1.5
      vertex 3.37673 15.8985 6.4
      vertex 3.37673 15.8985 1.5
    endloop
  endfacet
  facet normal -0.739039 -0.673663 0
    outer loop
      vertex 3.37673 15.8985 6.4
      vertex 3.44309 15.8257 1.5
      vertex 3.44309 15.8257 6.4
    endloop
  endfacet
  facet normal -0.992418 -0.122909 0
    outer loop
      vertex 3.21362 16.253 1.5
      vertex 3.20152 16.3507 6.4
      vertex 3.20152 16.3507 1.5
    endloop
  endfacet
  facet normal -0.992418 -0.122909 0
    outer loop
      vertex 3.20152 16.3507 6.4
      vertex 3.21362 16.253 1.5
      vertex 3.21362 16.253 6.4
    endloop
  endfacet
  facet normal 0.982964 -0.183798 0
    outer loop
      vertex 4.77584 16.2049 6.4
      vertex 4.79394 16.3017 1.5
      vertex 4.79394 16.3017 6.4
    endloop
  endfacet
  facet normal 0.982964 -0.183798 0
    outer loop
      vertex 4.79394 16.3017 1.5
      vertex 4.77584 16.2049 6.4
      vertex 4.77584 16.2049 1.5
    endloop
  endfacet
  facet normal 0.274104 0.9617 -0
    outer loop
      vertex 4.26588 17.1545 1.5
      vertex 4.17115 17.1815 6.4
      vertex 4.26588 17.1545 6.4
    endloop
  endfacet
  facet normal 0.274104 0.9617 0
    outer loop
      vertex 4.17115 17.1815 6.4
      vertex 4.26588 17.1545 1.5
      vertex 4.17115 17.1815 1.5
    endloop
  endfacet
  facet normal -0.552308 0.83364 0
    outer loop
      vertex 3.6 17.0928 1.5
      vertex 3.51789 17.0384 6.4
      vertex 3.6 17.0928 6.4
    endloop
  endfacet
  facet normal -0.552308 0.83364 0
    outer loop
      vertex 3.51789 17.0384 6.4
      vertex 3.6 17.0928 1.5
      vertex 3.51789 17.0384 1.5
    endloop
  endfacet
  facet normal 0.0304582 -0.999536 0
    outer loop
      vertex 3.97536 15.6004 1.5
      vertex 4.07381 15.6034 6.4
      vertex 3.97536 15.6004 6.4
    endloop
  endfacet
  facet normal 0.0304582 -0.999536 0
    outer loop
      vertex 4.07381 15.6034 6.4
      vertex 3.97536 15.6004 1.5
      vertex 4.07381 15.6034 1.5
    endloop
  endfacet
  facet normal 0.90849 0.417906 0
    outer loop
      vertex 4.74598 16.689 6.4
      vertex 4.70481 16.7785 1.5
      vertex 4.70481 16.7785 6.4
    endloop
  endfacet
  facet normal 0.90849 0.417906 0
    outer loop
      vertex 4.70481 16.7785 1.5
      vertex 4.74598 16.689 6.4
      vertex 4.74598 16.689 1.5
    endloop
  endfacet
  facet normal 0.153293 0.988181 -0
    outer loop
      vertex 4.17115 17.1815 1.5
      vertex 4.07381 17.1966 6.4
      vertex 4.17115 17.1815 6.4
    endloop
  endfacet
  facet normal 0.153293 0.988181 0
    outer loop
      vertex 4.07381 17.1966 6.4
      vertex 4.17115 17.1815 1.5
      vertex 4.07381 17.1966 1.5
    endloop
  endfacet
  facet normal -0.650708 0.759328 0
    outer loop
      vertex 3.51789 17.0384 1.5
      vertex 3.44309 16.9743 6.4
      vertex 3.51789 17.0384 6.4
    endloop
  endfacet
  facet normal -0.650708 0.759328 0
    outer loop
      vertex 3.44309 16.9743 6.4
      vertex 3.51789 17.0384 1.5
      vertex 3.44309 16.9743 1.5
    endloop
  endfacet
  facet normal -0.332926 0.942953 0
    outer loop
      vertex 3.78107 17.1695 1.5
      vertex 3.68817 17.1367 6.4
      vertex 3.78107 17.1695 6.4
    endloop
  endfacet
  facet normal -0.332926 0.942953 0
    outer loop
      vertex 3.68817 17.1367 6.4
      vertex 3.78107 17.1695 1.5
      vertex 3.68817 17.1367 1.5
    endloop
  endfacet
  facet normal -0.092394 0.995723 0
    outer loop
      vertex 3.97536 17.1996 1.5
      vertex 3.87729 17.1905 6.4
      vertex 3.97536 17.1996 6.4
    endloop
  endfacet
  facet normal -0.092394 0.995723 0
    outer loop
      vertex 3.87729 17.1905 6.4
      vertex 3.97536 17.1996 1.5
      vertex 3.87729 17.1905 1.5
    endloop
  endfacet
  facet normal 0.695743 0.718291 -0
    outer loop
      vertex 4.59121 16.939 1.5
      vertex 4.52049 17.0075 6.4
      vertex 4.59121 16.939 6.4
    endloop
  endfacet
  facet normal 0.695743 0.718291 0
    outer loop
      vertex 4.52049 17.0075 6.4
      vertex 4.59121 16.939 1.5
      vertex 4.52049 17.0075 1.5
    endloop
  endfacet
  facet normal 0.389835 -0.920885 0
    outer loop
      vertex 4.26588 15.6455 1.5
      vertex 4.35659 15.6839 6.4
      vertex 4.26588 15.6455 6.4
    endloop
  endfacet
  facet normal 0.389835 -0.920885 0
    outer loop
      vertex 4.35659 15.6839 6.4
      vertex 4.26588 15.6455 1.5
      vertex 4.35659 15.6839 1.5
    endloop
  endfacet
  facet normal -0.969771 -0.244017 0
    outer loop
      vertex 3.23765 16.1575 1.5
      vertex 3.21362 16.253 6.4
      vertex 3.21362 16.253 1.5
    endloop
  endfacet
  facet normal -0.969771 -0.244017 0
    outer loop
      vertex 3.21362 16.253 6.4
      vertex 3.23765 16.1575 1.5
      vertex 3.23765 16.1575 6.4
    endloop
  endfacet
  facet normal -0.092394 -0.995723 0
    outer loop
      vertex 3.87729 15.6095 1.5
      vertex 3.97536 15.6004 6.4
      vertex 3.87729 15.6095 6.4
    endloop
  endfacet
  facet normal -0.092394 -0.995723 -0
    outer loop
      vertex 3.97536 15.6004 6.4
      vertex 3.87729 15.6095 1.5
      vertex 3.97536 15.6004 1.5
    endloop
  endfacet
  facet normal -0.88083 -0.473433 0
    outer loop
      vertex 3.31983 15.9789 1.5
      vertex 3.27323 16.0656 6.4
      vertex 3.27323 16.0656 1.5
    endloop
  endfacet
  facet normal -0.88083 -0.473433 0
    outer loop
      vertex 3.27323 16.0656 6.4
      vertex 3.31983 15.9789 1.5
      vertex 3.31983 15.9789 6.4
    endloop
  endfacet
  facet normal -0.650708 -0.759328 0
    outer loop
      vertex 3.44309 15.8257 1.5
      vertex 3.51789 15.7616 6.4
      vertex 3.44309 15.8257 6.4
    endloop
  endfacet
  facet normal -0.650708 -0.759328 -0
    outer loop
      vertex 3.51789 15.7616 6.4
      vertex 3.44309 15.8257 1.5
      vertex 3.51789 15.7616 1.5
    endloop
  endfacet
  facet normal -0.992433 0.122786 0
    outer loop
      vertex 3.20152 16.4492 1.5
      vertex 3.21362 16.547 6.4
      vertex 3.21362 16.547 1.5
    endloop
  endfacet
  facet normal -0.992433 0.122786 0
    outer loop
      vertex 3.21362 16.547 6.4
      vertex 3.20152 16.4492 1.5
      vertex 3.20152 16.4492 6.4
    endloop
  endfacet
  facet normal -1 0 0
    outer loop
      vertex 3.20152 16.3507 1.5
      vertex 3.20152 16.4492 6.4
      vertex 3.20152 16.4492 1.5
    endloop
  endfacet
  facet normal -1 -0 0
    outer loop
      vertex 3.20152 16.4492 6.4
      vertex 3.20152 16.3507 1.5
      vertex 3.20152 16.3507 6.4
    endloop
  endfacet
  facet normal 0 0 1
    outer loop
      vertex 4.79394 16.4983 6.4
      vertex 4.79394 16.3017 6.4
      vertex 4.8 16.4 6.4
    endloop
  endfacet
  facet normal 0 0 1
    outer loop
      vertex 4.77584 16.5951 6.4
      vertex 4.79394 16.3017 6.4
      vertex 4.79394 16.4983 6.4
    endloop
  endfacet
  facet normal 0 0 1
    outer loop
      vertex 4.77584 16.5951 6.4
      vertex 4.77584 16.2049 6.4
      vertex 4.79394 16.3017 6.4
    endloop
  endfacet
  facet normal 0 0 1
    outer loop
      vertex 4.74598 16.689 6.4
      vertex 4.77584 16.2049 6.4
      vertex 4.77584 16.5951 6.4
    endloop
  endfacet
  facet normal 0 0 1
    outer loop
      vertex 4.74598 16.689 6.4
      vertex 4.74598 16.111 6.4
      vertex 4.77584 16.2049 6.4
    endloop
  endfacet
  facet normal 0 0 1
    outer loop
      vertex 4.70481 16.7785 6.4
      vertex 4.74598 16.111 6.4
      vertex 4.74598 16.689 6.4
    endloop
  endfacet
  facet normal 0 0 1
    outer loop
      vertex 4.70481 16.7785 6.4
      vertex 4.70481 16.0215 6.4
      vertex 4.74598 16.111 6.4
    endloop
  endfacet
  facet normal 0 0 1
    outer loop
      vertex 4.65296 16.8622 6.4
      vertex 4.70481 16.0215 6.4
      vertex 4.70481 16.7785 6.4
    endloop
  endfacet
  facet normal 0 0 1
    outer loop
      vertex 4.65296 16.8622 6.4
      vertex 4.65296 15.9378 6.4
      vertex 4.70481 16.0215 6.4
    endloop
  endfacet
  facet normal 0 0 1
    outer loop
      vertex 4.59121 16.939 6.4
      vertex 4.65296 15.9378 6.4
      vertex 4.65296 16.8622 6.4
    endloop
  endfacet
  facet normal 0 0 1
    outer loop
      vertex 4.59121 16.939 6.4
      vertex 4.59121 15.861 6.4
      vertex 4.65296 15.9378 6.4
    endloop
  endfacet
  facet normal 0 0 1
    outer loop
      vertex 4.52049 17.0075 6.4
      vertex 4.59121 15.861 6.4
      vertex 4.59121 16.939 6.4
    endloop
  endfacet
  facet normal 0 0 1
    outer loop
      vertex 4.52049 17.0075 6.4
      vertex 4.52049 15.7925 6.4
      vertex 4.59121 15.861 6.4
    endloop
  endfacet
  facet normal 0 0 1
    outer loop
      vertex 4.44189 17.0669 6.4
      vertex 4.52049 15.7925 6.4
      vertex 4.52049 17.0075 6.4
    endloop
  endfacet
  facet normal 0 0 1
    outer loop
      vertex 4.44189 17.0669 6.4
      vertex 4.44189 15.7331 6.4
      vertex 4.52049 15.7925 6.4
    endloop
  endfacet
  facet normal 0 0 1
    outer loop
      vertex 4.35659 17.1161 6.4
      vertex 4.44189 15.7331 6.4
      vertex 4.44189 17.0669 6.4
    endloop
  endfacet
  facet normal 0 0 1
    outer loop
      vertex 4.35659 17.1161 6.4
      vertex 4.35659 15.6839 6.4
      vertex 4.44189 15.7331 6.4
    endloop
  endfacet
  facet normal 0 0 1
    outer loop
      vertex 4.26588 17.1545 6.4
      vertex 4.35659 15.6839 6.4
      vertex 4.35659 17.1161 6.4
    endloop
  endfacet
  facet normal 0 0 1
    outer loop
      vertex 4.26588 17.1545 6.4
      vertex 4.26588 15.6455 6.4
      vertex 4.35659 15.6839 6.4
    endloop
  endfacet
  facet normal 0 0 1
    outer loop
      vertex 4.17115 17.1815 6.4
      vertex 4.26588 15.6455 6.4
      vertex 4.26588 17.1545 6.4
    endloop
  endfacet
  facet normal 0 0 1
    outer loop
      vertex 4.17115 17.1815 6.4
      vertex 4.17115 15.6185 6.4
      vertex 4.26588 15.6455 6.4
    endloop
  endfacet
  facet normal 0 0 1
    outer loop
      vertex 4.07381 17.1966 6.4
      vertex 4.17115 15.6185 6.4
      vertex 4.17115 17.1815 6.4
    endloop
  endfacet
  facet normal 0 0 1
    outer loop
      vertex 4.07381 17.1966 6.4
      vertex 4.07381 15.6034 6.4
      vertex 4.17115 15.6185 6.4
    endloop
  endfacet
  facet normal 0 0 1
    outer loop
      vertex 3.97536 17.1996 6.4
      vertex 4.07381 15.6034 6.4
      vertex 4.07381 17.1966 6.4
    endloop
  endfacet
  facet normal 0 0 1
    outer loop
      vertex 3.97536 17.1996 6.4
      vertex 3.97536 15.6004 6.4
      vertex 4.07381 15.6034 6.4
    endloop
  endfacet
  facet normal -0 0 1
    outer loop
      vertex 3.87729 17.1905 6.4
      vertex 3.97536 15.6004 6.4
      vertex 3.97536 17.1996 6.4
    endloop
  endfacet
  facet normal 0 0 1
    outer loop
      vertex 3.87729 17.1905 6.4
      vertex 3.87729 15.6095 6.4
      vertex 3.97536 15.6004 6.4
    endloop
  endfacet
  facet normal -0 0 1
    outer loop
      vertex 3.78107 17.1695 6.4
      vertex 3.87729 15.6095 6.4
      vertex 3.87729 17.1905 6.4
    endloop
  endfacet
  facet normal 0 0 1
    outer loop
      vertex 3.78107 17.1695 6.4
      vertex 3.78107 15.6305 6.4
      vertex 3.87729 15.6095 6.4
    endloop
  endfacet
  facet normal -0 0 1
    outer loop
      vertex 3.68817 17.1367 6.4
      vertex 3.78107 15.6305 6.4
      vertex 3.78107 17.1695 6.4
    endloop
  endfacet
  facet normal 0 0 1
    outer loop
      vertex 3.68817 17.1367 6.4
      vertex 3.68817 15.6633 6.4
      vertex 3.78107 15.6305 6.4
    endloop
  endfacet
  facet normal -0 0 1
    outer loop
      vertex 3.6 17.0928 6.4
      vertex 3.68817 15.6633 6.4
      vertex 3.68817 17.1367 6.4
    endloop
  endfacet
  facet normal 0 0 1
    outer loop
      vertex 3.6 17.0928 6.4
      vertex 3.6 15.7072 6.4
      vertex 3.68817 15.6633 6.4
    endloop
  endfacet
  facet normal -0 0 1
    outer loop
      vertex 3.51789 17.0384 6.4
      vertex 3.6 15.7072 6.4
      vertex 3.6 17.0928 6.4
    endloop
  endfacet
  facet normal 0 0 1
    outer loop
      vertex 3.51789 17.0384 6.4
      vertex 3.51789 15.7616 6.4
      vertex 3.6 15.7072 6.4
    endloop
  endfacet
  facet normal -0 0 1
    outer loop
      vertex 3.44309 16.9743 6.4
      vertex 3.51789 15.7616 6.4
      vertex 3.51789 17.0384 6.4
    endloop
  endfacet
  facet normal 0 0 1
    outer loop
      vertex 3.44309 16.9743 6.4
      vertex 3.44309 15.8257 6.4
      vertex 3.51789 15.7616 6.4
    endloop
  endfacet
  facet normal -0 0 1
    outer loop
      vertex 3.37673 16.9015 6.4
      vertex 3.44309 15.8257 6.4
      vertex 3.44309 16.9743 6.4
    endloop
  endfacet
  facet normal 0 0 1
    outer loop
      vertex 3.37673 16.9015 6.4
      vertex 3.37673 15.8985 6.4
      vertex 3.44309 15.8257 6.4
    endloop
  endfacet
  facet normal -0 0 1
    outer loop
      vertex 3.31983 16.8211 6.4
      vertex 3.37673 15.8985 6.4
      vertex 3.37673 16.9015 6.4
    endloop
  endfacet
  facet normal 0 0 1
    outer loop
      vertex 3.31983 16.8211 6.4
      vertex 3.31983 15.9789 6.4
      vertex 3.37673 15.8985 6.4
    endloop
  endfacet
  facet normal -0 0 1
    outer loop
      vertex 3.27323 16.7344 6.4
      vertex 3.31983 15.9789 6.4
      vertex 3.31983 16.8211 6.4
    endloop
  endfacet
  facet normal 0 0 1
    outer loop
      vertex 3.27323 16.7344 6.4
      vertex 3.27323 16.0656 6.4
      vertex 3.31983 15.9789 6.4
    endloop
  endfacet
  facet normal -0 0 1
    outer loop
      vertex 3.23765 16.6425 6.4
      vertex 3.27323 16.0656 6.4
      vertex 3.27323 16.7344 6.4
    endloop
  endfacet
  facet normal 0 0 1
    outer loop
      vertex 3.23765 16.6425 6.4
      vertex 3.23765 16.1575 6.4
      vertex 3.27323 16.0656 6.4
    endloop
  endfacet
  facet normal -0 0 1
    outer loop
      vertex 3.21362 16.547 6.4
      vertex 3.23765 16.1575 6.4
      vertex 3.23765 16.6425 6.4
    endloop
  endfacet
  facet normal 0 0 1
    outer loop
      vertex 3.21362 16.547 6.4
      vertex 3.21362 16.253 6.4
      vertex 3.23765 16.1575 6.4
    endloop
  endfacet
  facet normal -0 0 1
    outer loop
      vertex 3.20152 16.4492 6.4
      vertex 3.21362 16.253 6.4
      vertex 3.21362 16.547 6.4
    endloop
  endfacet
  facet normal 0 0 1
    outer loop
      vertex 3.21362 16.253 6.4
      vertex 3.20152 16.4492 6.4
      vertex 3.20152 16.3507 6.4
    endloop
  endfacet
  facet normal -0.213231 -0.977002 0
    outer loop
      vertex 3.78107 15.6305 1.5
      vertex 3.87729 15.6095 6.4
      vertex 3.78107 15.6305 6.4
    endloop
  endfacet
  facet normal -0.213231 -0.977002 -0
    outer loop
      vertex 3.87729 15.6095 6.4
      vertex 3.78107 15.6305 1.5
      vertex 3.87729 15.6095 1.5
    endloop
  endfacet
  facet normal 0.274104 -0.9617 0
    outer loop
      vertex 4.17115 15.6185 1.5
      vertex 4.26588 15.6455 6.4
      vertex 4.17115 15.6185 6.4
    endloop
  endfacet
  facet normal 0.274104 -0.9617 0
    outer loop
      vertex 4.26588 15.6455 6.4
      vertex 4.17115 15.6185 1.5
      vertex 4.26588 15.6455 1.5
    endloop
  endfacet
  facet normal -0.552308 -0.83364 0
    outer loop
      vertex 3.51789 15.7616 1.5
      vertex 3.6 15.7072 6.4
      vertex 3.51789 15.7616 6.4
    endloop
  endfacet
  facet normal -0.552308 -0.83364 -0
    outer loop
      vertex 3.6 15.7072 6.4
      vertex 3.51789 15.7616 1.5
      vertex 3.6 15.7072 1.5
    endloop
  endfacet
  facet normal -0.88083 0.473433 0
    outer loop
      vertex 3.27323 16.7344 1.5
      vertex 3.31983 16.8211 6.4
      vertex 3.31983 16.8211 1.5
    endloop
  endfacet
  facet normal -0.88083 0.473433 0
    outer loop
      vertex 3.31983 16.8211 6.4
      vertex 3.27323 16.7344 1.5
      vertex 3.27323 16.7344 6.4
    endloop
  endfacet
  facet normal -0.93248 0.361222 0
    outer loop
      vertex 24.2376 16.6425 1.5
      vertex 24.2732 16.7344 6.4
      vertex 24.2732 16.7344 1.5
    endloop
  endfacet
  facet normal -0.93248 0.361222 0
    outer loop
      vertex 24.2732 16.7344 6.4
      vertex 24.2376 16.6425 1.5
      vertex 24.2376 16.6425 6.4
    endloop
  endfacet
  facet normal 0.499635 0.866236 -0
    outer loop
      vertex 25.4419 17.0669 1.5
      vertex 25.3566 17.1161 6.4
      vertex 25.4419 17.0669 6.4
    endloop
  endfacet
  facet normal 0.499635 0.866236 0
    outer loop
      vertex 25.3566 17.1161 6.4
      vertex 25.4419 17.0669 1.5
      vertex 25.3566 17.1161 1.5
    endloop
  endfacet
  facet normal 0.499635 -0.866236 0
    outer loop
      vertex 25.3566 15.6839 1.5
      vertex 25.4419 15.7331 6.4
      vertex 25.3566 15.6839 6.4
    endloop
  endfacet
  facet normal 0.499635 -0.866236 0
    outer loop
      vertex 25.4419 15.7331 6.4
      vertex 25.3566 15.6839 1.5
      vertex 25.4419 15.7331 1.5
    endloop
  endfacet
  facet normal 0.602919 -0.797802 0
    outer loop
      vertex 25.4419 15.7331 1.5
      vertex 25.5205 15.7925 6.4
      vertex 25.4419 15.7331 6.4
    endloop
  endfacet
  facet normal 0.602919 -0.797802 0
    outer loop
      vertex 25.5205 15.7925 6.4
      vertex 25.4419 15.7331 1.5
      vertex 25.5205 15.7925 1.5
    endloop
  endfacet
  facet normal 0.153354 -0.988171 0
    outer loop
      vertex 25.0738 15.6034 1.5
      vertex 25.1711 15.6185 6.4
      vertex 25.0738 15.6034 6.4
    endloop
  endfacet
  facet normal 0.153354 -0.988171 0
    outer loop
      vertex 25.1711 15.6185 6.4
      vertex 25.0738 15.6034 1.5
      vertex 25.1711 15.6185 1.5
    endloop
  endfacet
  facet normal -0.445589 0.895238 0
    outer loop
      vertex 24.6882 17.1367 1.5
      vertex 24.6 17.0928 6.4
      vertex 24.6882 17.1367 6.4
    endloop
  endfacet
  facet normal -0.445589 0.895238 0
    outer loop
      vertex 24.6 17.0928 6.4
      vertex 24.6882 17.1367 1.5
      vertex 24.6 17.0928 1.5
    endloop
  endfacet
  facet normal -0.213273 0.976993 0
    outer loop
      vertex 24.8773 17.1905 1.5
      vertex 24.7811 17.1695 6.4
      vertex 24.8773 17.1905 6.4
    endloop
  endfacet
  facet normal -0.213273 0.976993 0
    outer loop
      vertex 24.7811 17.1695 6.4
      vertex 24.8773 17.1905 1.5
      vertex 24.7811 17.1695 1.5
    endloop
  endfacet
  facet normal -0.816264 0.577679 0
    outer loop
      vertex 24.3198 16.8211 1.5
      vertex 24.3767 16.9015 6.4
      vertex 24.3767 16.9015 1.5
    endloop
  endfacet
  facet normal -0.816264 0.577679 0
    outer loop
      vertex 24.3767 16.9015 6.4
      vertex 24.3198 16.8211 1.5
      vertex 24.3198 16.8211 6.4
    endloop
  endfacet
  facet normal 0.908375 -0.418157 0
    outer loop
      vertex 25.7048 16.0215 6.4
      vertex 25.746 16.111 1.5
      vertex 25.746 16.111 6.4
    endloop
  endfacet
  facet normal 0.908375 -0.418157 0
    outer loop
      vertex 25.746 16.111 1.5
      vertex 25.7048 16.0215 6.4
      vertex 25.7048 16.0215 1.5
    endloop
  endfacet
  facet normal 0.602919 0.797802 -0
    outer loop
      vertex 25.5205 17.0075 1.5
      vertex 25.4419 17.0669 6.4
      vertex 25.5205 17.0075 6.4
    endloop
  endfacet
  facet normal 0.602919 0.797802 0
    outer loop
      vertex 25.4419 17.0669 6.4
      vertex 25.5205 17.0075 1.5
      vertex 25.4419 17.0669 1.5
    endloop
  endfacet
  facet normal 0.99808 -0.0619358 0
    outer loop
      vertex 25.7939 16.3017 6.4
      vertex 25.8 16.4 1.5
      vertex 25.8 16.4 6.4
    endloop
  endfacet
  facet normal 0.99808 -0.0619358 0
    outer loop
      vertex 25.8 16.4 1.5
      vertex 25.7939 16.3017 6.4
      vertex 25.7939 16.3017 1.5
    endloop
  endfacet
  facet normal 0.982964 0.183798 0
    outer loop
      vertex 25.7939 16.4983 6.4
      vertex 25.7758 16.5951 1.5
      vertex 25.7758 16.5951 6.4
    endloop
  endfacet
  facet normal 0.982964 0.183798 0
    outer loop
      vertex 25.7758 16.5951 1.5
      vertex 25.7939 16.4983 6.4
      vertex 25.7939 16.4983 1.5
    endloop
  endfacet
  facet normal 0.695844 -0.718193 0
    outer loop
      vertex 25.5205 15.7925 1.5
      vertex 25.5912 15.861 6.4
      vertex 25.5205 15.7925 6.4
    endloop
  endfacet
  facet normal 0.695844 -0.718193 0
    outer loop
      vertex 25.5912 15.861 6.4
      vertex 25.5205 15.7925 1.5
      vertex 25.5912 15.861 1.5
    endloop
  endfacet
  facet normal -0.93248 -0.361222 0
    outer loop
      vertex 24.2732 16.0656 1.5
      vertex 24.2376 16.1575 6.4
      vertex 24.2376 16.1575 1.5
    endloop
  endfacet
  facet normal -0.93248 -0.361222 0
    outer loop
      vertex 24.2376 16.1575 6.4
      vertex 24.2732 16.0656 1.5
      vertex 24.2732 16.0656 6.4
    endloop
  endfacet
  facet normal 0.779084 0.626919 0
    outer loop
      vertex 25.653 16.8622 6.4
      vertex 25.5912 16.939 1.5
      vertex 25.5912 16.939 6.4
    endloop
  endfacet
  facet normal 0.779084 0.626919 0
    outer loop
      vertex 25.5912 16.939 1.5
      vertex 25.653 16.8622 6.4
      vertex 25.653 16.8622 1.5
    endloop
  endfacet
  facet normal 0.953152 0.302491 0
    outer loop
      vertex 25.7758 16.5951 6.4
      vertex 25.746 16.689 1.5
      vertex 25.746 16.689 6.4
    endloop
  endfacet
  facet normal 0.953152 0.302491 0
    outer loop
      vertex 25.746 16.689 1.5
      vertex 25.7758 16.5951 6.4
      vertex 25.7758 16.5951 1.5
    endloop
  endfacet
  facet normal 0.99808 0.0619358 0
    outer loop
      vertex 25.8 16.4 6.4
      vertex 25.7939 16.4983 1.5
      vertex 25.7939 16.4983 6.4
    endloop
  endfacet
  facet normal 0.99808 0.0619358 0
    outer loop
      vertex 25.7939 16.4983 1.5
      vertex 25.8 16.4 6.4
      vertex 25.8 16.4 1.5
    endloop
  endfacet
  facet normal -0.738837 0.673884 0
    outer loop
      vertex 24.3767 16.9015 1.5
      vertex 24.4431 16.9743 6.4
      vertex 24.4431 16.9743 1.5
    endloop
  endfacet
  facet normal -0.738837 0.673884 0
    outer loop
      vertex 24.4431 16.9743 6.4
      vertex 24.3767 16.9015 1.5
      vertex 24.3767 16.9015 6.4
    endloop
  endfacet
  facet normal -0.332926 -0.942953 0
    outer loop
      vertex 24.6882 15.6633 1.5
      vertex 24.7811 15.6305 6.4
      vertex 24.6882 15.6633 6.4
    endloop
  endfacet
  facet normal -0.332926 -0.942953 -0
    outer loop
      vertex 24.7811 15.6305 6.4
      vertex 24.6882 15.6633 1.5
      vertex 24.7811 15.6305 1.5
    endloop
  endfacet
  facet normal 0.953152 -0.302491 0
    outer loop
      vertex 25.746 16.111 6.4
      vertex 25.7758 16.2049 1.5
      vertex 25.7758 16.2049 6.4
    endloop
  endfacet
  facet normal 0.953152 -0.302491 0
    outer loop
      vertex 25.7758 16.2049 1.5
      vertex 25.746 16.111 6.4
      vertex 25.746 16.111 1.5
    endloop
  endfacet
  facet normal -0.816264 -0.577679 0
    outer loop
      vertex 24.3767 15.8985 1.5
      vertex 24.3198 15.9789 6.4
      vertex 24.3198 15.9789 1.5
    endloop
  endfacet
  facet normal -0.816264 -0.577679 0
    outer loop
      vertex 24.3198 15.9789 6.4
      vertex 24.3767 15.8985 1.5
      vertex 24.3767 15.8985 6.4
    endloop
  endfacet
  facet normal 0.85033 0.52625 0
    outer loop
      vertex 25.7048 16.7785 6.4
      vertex 25.653 16.8622 1.5
      vertex 25.653 16.8622 6.4
    endloop
  endfacet
  facet normal 0.85033 0.52625 0
    outer loop
      vertex 25.653 16.8622 1.5
      vertex 25.7048 16.7785 6.4
      vertex 25.7048 16.7785 1.5
    endloop
  endfacet
  facet normal -0.969843 0.24373 0
    outer loop
      vertex 24.2136 16.547 1.5
      vertex 24.2376 16.6425 6.4
      vertex 24.2376 16.6425 1.5
    endloop
  endfacet
  facet normal -0.969843 0.24373 0
    outer loop
      vertex 24.2376 16.6425 6.4
      vertex 24.2136 16.547 1.5
      vertex 24.2136 16.547 6.4
    endloop
  endfacet
  facet normal 0.389872 0.920869 -0
    outer loop
      vertex 25.3566 17.1161 1.5
      vertex 25.2659 17.1545 6.4
      vertex 25.3566 17.1161 6.4
    endloop
  endfacet
  facet normal 0.389872 0.920869 0
    outer loop
      vertex 25.2659 17.1545 6.4
      vertex 25.3566 17.1161 1.5
      vertex 25.2659 17.1545 1.5
    endloop
  endfacet
  facet normal 0.779084 -0.626919 0
    outer loop
      vertex 25.5912 15.861 6.4
      vertex 25.653 15.9378 1.5
      vertex 25.653 15.9378 6.4
    endloop
  endfacet
  facet normal 0.779084 -0.626919 0
    outer loop
      vertex 25.653 15.9378 1.5
      vertex 25.5912 15.861 6.4
      vertex 25.5912 15.861 1.5
    endloop
  endfacet
  facet normal 0.0304736 0.999536 -0
    outer loop
      vertex 25.0738 17.1966 1.5
      vertex 24.9754 17.1996 6.4
      vertex 25.0738 17.1966 6.4
    endloop
  endfacet
  facet normal 0.0304736 0.999536 0
    outer loop
      vertex 24.9754 17.1996 6.4
      vertex 25.0738 17.1966 1.5
      vertex 24.9754 17.1996 1.5
    endloop
  endfacet
  facet normal -0.88083 -0.473433 0
    outer loop
      vertex 24.3198 15.9789 1.5
      vertex 24.2732 16.0656 6.4
      vertex 24.2732 16.0656 1.5
    endloop
  endfacet
  facet normal -0.88083 -0.473433 0
    outer loop
      vertex 24.2732 16.0656 6.4
      vertex 24.3198 15.9789 1.5
      vertex 24.3198 15.9789 6.4
    endloop
  endfacet
  facet normal 0.85033 -0.52625 0
    outer loop
      vertex 25.653 15.9378 6.4
      vertex 25.7048 16.0215 1.5
      vertex 25.7048 16.0215 6.4
    endloop
  endfacet
  facet normal 0.85033 -0.52625 0
    outer loop
      vertex 25.7048 16.0215 1.5
      vertex 25.653 15.9378 6.4
      vertex 25.653 15.9378 1.5
    endloop
  endfacet
  facet normal -0.738837 -0.673884 0
    outer loop
      vertex 24.4431 15.8257 1.5
      vertex 24.3767 15.8985 6.4
      vertex 24.3767 15.8985 1.5
    endloop
  endfacet
  facet normal -0.738837 -0.673884 0
    outer loop
      vertex 24.3767 15.8985 6.4
      vertex 24.4431 15.8257 1.5
      vertex 24.4431 15.8257 6.4
    endloop
  endfacet
  facet normal -0.992418 -0.122909 0
    outer loop
      vertex 24.2136 16.253 1.5
      vertex 24.2015 16.3507 6.4
      vertex 24.2015 16.3507 1.5
    endloop
  endfacet
  facet normal -0.992418 -0.122909 0
    outer loop
      vertex 24.2015 16.3507 6.4
      vertex 24.2136 16.253 1.5
      vertex 24.2136 16.253 6.4
    endloop
  endfacet
  facet normal 0.982964 -0.183798 0
    outer loop
      vertex 25.7758 16.2049 6.4
      vertex 25.7939 16.3017 1.5
      vertex 25.7939 16.3017 6.4
    endloop
  endfacet
  facet normal 0.982964 -0.183798 0
    outer loop
      vertex 25.7939 16.3017 1.5
      vertex 25.7758 16.2049 6.4
      vertex 25.7758 16.2049 1.5
    endloop
  endfacet
  facet normal 0.273917 0.961753 -0
    outer loop
      vertex 25.2659 17.1545 1.5
      vertex 25.1711 17.1815 6.4
      vertex 25.2659 17.1545 6.4
    endloop
  endfacet
  facet normal 0.273917 0.961753 0
    outer loop
      vertex 25.1711 17.1815 6.4
      vertex 25.2659 17.1545 1.5
      vertex 25.1711 17.1815 1.5
    endloop
  endfacet
  facet normal -0.552355 0.833609 0
    outer loop
      vertex 24.6 17.0928 1.5
      vertex 24.5179 17.0384 6.4
      vertex 24.6 17.0928 6.4
    endloop
  endfacet
  facet normal -0.552355 0.833609 0
    outer loop
      vertex 24.5179 17.0384 6.4
      vertex 24.6 17.0928 1.5
      vertex 24.5179 17.0384 1.5
    endloop
  endfacet
  facet normal 0.0304736 -0.999536 0
    outer loop
      vertex 24.9754 15.6004 1.5
      vertex 25.0738 15.6034 6.4
      vertex 24.9754 15.6004 6.4
    endloop
  endfacet
  facet normal 0.0304736 -0.999536 0
    outer loop
      vertex 25.0738 15.6034 6.4
      vertex 24.9754 15.6004 1.5
      vertex 25.0738 15.6034 1.5
    endloop
  endfacet
  facet normal 0.908375 0.418157 0
    outer loop
      vertex 25.746 16.689 6.4
      vertex 25.7048 16.7785 1.5
      vertex 25.7048 16.7785 6.4
    endloop
  endfacet
  facet normal 0.908375 0.418157 0
    outer loop
      vertex 25.7048 16.7785 1.5
      vertex 25.746 16.689 6.4
      vertex 25.746 16.689 1.5
    endloop
  endfacet
  facet normal 0.153354 0.988171 -0
    outer loop
      vertex 25.1711 17.1815 1.5
      vertex 25.0738 17.1966 6.4
      vertex 25.1711 17.1815 6.4
    endloop
  endfacet
  facet normal 0.153354 0.988171 0
    outer loop
      vertex 25.0738 17.1966 6.4
      vertex 25.1711 17.1815 1.5
      vertex 25.0738 17.1966 1.5
    endloop
  endfacet
  facet normal -0.650708 0.759328 0
    outer loop
      vertex 24.5179 17.0384 1.5
      vertex 24.4431 16.9743 6.4
      vertex 24.5179 17.0384 6.4
    endloop
  endfacet
  facet normal -0.650708 0.759328 0
    outer loop
      vertex 24.4431 16.9743 6.4
      vertex 24.5179 17.0384 1.5
      vertex 24.4431 16.9743 1.5
    endloop
  endfacet
  facet normal -0.332926 0.942953 0
    outer loop
      vertex 24.7811 17.1695 1.5
      vertex 24.6882 17.1367 6.4
      vertex 24.7811 17.1695 6.4
    endloop
  endfacet
  facet normal -0.332926 0.942953 0
    outer loop
      vertex 24.6882 17.1367 6.4
      vertex 24.7811 17.1695 1.5
      vertex 24.6882 17.1367 1.5
    endloop
  endfacet
  facet normal -0.0923659 0.995725 0
    outer loop
      vertex 24.9754 17.1996 1.5
      vertex 24.8773 17.1905 6.4
      vertex 24.9754 17.1996 6.4
    endloop
  endfacet
  facet normal -0.0923659 0.995725 0
    outer loop
      vertex 24.8773 17.1905 6.4
      vertex 24.9754 17.1996 1.5
      vertex 24.8773 17.1905 1.5
    endloop
  endfacet
  facet normal 0.695844 0.718193 -0
    outer loop
      vertex 25.5912 16.939 1.5
      vertex 25.5205 17.0075 6.4
      vertex 25.5912 16.939 6.4
    endloop
  endfacet
  facet normal 0.695844 0.718193 0
    outer loop
      vertex 25.5205 17.0075 6.4
      vertex 25.5912 16.939 1.5
      vertex 25.5205 17.0075 1.5
    endloop
  endfacet
  facet normal 0.389872 -0.920869 0
    outer loop
      vertex 25.2659 15.6455 1.5
      vertex 25.3566 15.6839 6.4
      vertex 25.2659 15.6455 6.4
    endloop
  endfacet
  facet normal 0.389872 -0.920869 0
    outer loop
      vertex 25.3566 15.6839 6.4
      vertex 25.2659 15.6455 1.5
      vertex 25.3566 15.6839 1.5
    endloop
  endfacet
  facet normal -0.969843 -0.24373 0
    outer loop
      vertex 24.2376 16.1575 1.5
      vertex 24.2136 16.253 6.4
      vertex 24.2136 16.253 1.5
    endloop
  endfacet
  facet normal -0.969843 -0.24373 0
    outer loop
      vertex 24.2136 16.253 6.4
      vertex 24.2376 16.1575 1.5
      vertex 24.2376 16.1575 6.4
    endloop
  endfacet
  facet normal -0.0923659 -0.995725 0
    outer loop
      vertex 24.8773 15.6095 1.5
      vertex 24.9754 15.6004 6.4
      vertex 24.8773 15.6095 6.4
    endloop
  endfacet
  facet normal -0.0923659 -0.995725 -0
    outer loop
      vertex 24.9754 15.6004 6.4
      vertex 24.8773 15.6095 1.5
      vertex 24.9754 15.6004 1.5
    endloop
  endfacet
  facet normal -0.445589 -0.895238 0
    outer loop
      vertex 24.6 15.7072 1.5
      vertex 24.6882 15.6633 6.4
      vertex 24.6 15.7072 6.4
    endloop
  endfacet
  facet normal -0.445589 -0.895238 -0
    outer loop
      vertex 24.6882 15.6633 6.4
      vertex 24.6 15.7072 1.5
      vertex 24.6882 15.6633 1.5
    endloop
  endfacet
  facet normal -0.650708 -0.759328 0
    outer loop
      vertex 24.4431 15.8257 1.5
      vertex 24.5179 15.7616 6.4
      vertex 24.4431 15.8257 6.4
    endloop
  endfacet
  facet normal -0.650708 -0.759328 -0
    outer loop
      vertex 24.5179 15.7616 6.4
      vertex 24.4431 15.8257 1.5
      vertex 24.5179 15.7616 1.5
    endloop
  endfacet
  facet normal -0.992433 0.122786 0
    outer loop
      vertex 24.2015 16.4492 1.5
      vertex 24.2136 16.547 6.4
      vertex 24.2136 16.547 1.5
    endloop
  endfacet
  facet normal -0.992433 0.122786 0
    outer loop
      vertex 24.2136 16.547 6.4
      vertex 24.2015 16.4492 1.5
      vertex 24.2015 16.4492 6.4
    endloop
  endfacet
  facet normal -1 0 0
    outer loop
      vertex 24.2015 16.3507 1.5
      vertex 24.2015 16.4492 6.4
      vertex 24.2015 16.4492 1.5
    endloop
  endfacet
  facet normal -1 -0 0
    outer loop
      vertex 24.2015 16.4492 6.4
      vertex 24.2015 16.3507 1.5
      vertex 24.2015 16.3507 6.4
    endloop
  endfacet
  facet normal 0 0 1
    outer loop
      vertex 25.7939 16.4983 6.4
      vertex 25.7939 16.3017 6.4
      vertex 25.8 16.4 6.4
    endloop
  endfacet
  facet normal 0 0 1
    outer loop
      vertex 25.7758 16.5951 6.4
      vertex 25.7939 16.3017 6.4
      vertex 25.7939 16.4983 6.4
    endloop
  endfacet
  facet normal 0 0 1
    outer loop
      vertex 25.7758 16.5951 6.4
      vertex 25.7758 16.2049 6.4
      vertex 25.7939 16.3017 6.4
    endloop
  endfacet
  facet normal 0 0 1
    outer loop
      vertex 25.746 16.689 6.4
      vertex 25.7758 16.2049 6.4
      vertex 25.7758 16.5951 6.4
    endloop
  endfacet
  facet normal 0 0 1
    outer loop
      vertex 25.746 16.689 6.4
      vertex 25.746 16.111 6.4
      vertex 25.7758 16.2049 6.4
    endloop
  endfacet
  facet normal 0 0 1
    outer loop
      vertex 25.7048 16.7785 6.4
      vertex 25.746 16.111 6.4
      vertex 25.746 16.689 6.4
    endloop
  endfacet
  facet normal 0 0 1
    outer loop
      vertex 25.7048 16.7785 6.4
      vertex 25.7048 16.0215 6.4
      vertex 25.746 16.111 6.4
    endloop
  endfacet
  facet normal 0 0 1
    outer loop
      vertex 25.653 16.8622 6.4
      vertex 25.7048 16.0215 6.4
      vertex 25.7048 16.7785 6.4
    endloop
  endfacet
  facet normal 0 0 1
    outer loop
      vertex 25.653 16.8622 6.4
      vertex 25.653 15.9378 6.4
      vertex 25.7048 16.0215 6.4
    endloop
  endfacet
  facet normal 0 0 1
    outer loop
      vertex 25.5912 16.939 6.4
      vertex 25.653 15.9378 6.4
      vertex 25.653 16.8622 6.4
    endloop
  endfacet
  facet normal 0 0 1
    outer loop
      vertex 25.5912 16.939 6.4
      vertex 25.5912 15.861 6.4
      vertex 25.653 15.9378 6.4
    endloop
  endfacet
  facet normal 0 0 1
    outer loop
      vertex 25.5205 17.0075 6.4
      vertex 25.5912 15.861 6.4
      vertex 25.5912 16.939 6.4
    endloop
  endfacet
  facet normal 0 0 1
    outer loop
      vertex 25.5205 17.0075 6.4
      vertex 25.5205 15.7925 6.4
      vertex 25.5912 15.861 6.4
    endloop
  endfacet
  facet normal 0 0 1
    outer loop
      vertex 25.4419 17.0669 6.4
      vertex 25.5205 15.7925 6.4
      vertex 25.5205 17.0075 6.4
    endloop
  endfacet
  facet normal 0 0 1
    outer loop
      vertex 25.4419 17.0669 6.4
      vertex 25.4419 15.7331 6.4
      vertex 25.5205 15.7925 6.4
    endloop
  endfacet
  facet normal 0 0 1
    outer loop
      vertex 25.3566 17.1161 6.4
      vertex 25.4419 15.7331 6.4
      vertex 25.4419 17.0669 6.4
    endloop
  endfacet
  facet normal 0 0 1
    outer loop
      vertex 25.3566 17.1161 6.4
      vertex 25.3566 15.6839 6.4
      vertex 25.4419 15.7331 6.4
    endloop
  endfacet
  facet normal 0 0 1
    outer loop
      vertex 25.2659 17.1545 6.4
      vertex 25.3566 15.6839 6.4
      vertex 25.3566 17.1161 6.4
    endloop
  endfacet
  facet normal 0 0 1
    outer loop
      vertex 25.2659 17.1545 6.4
      vertex 25.2659 15.6455 6.4
      vertex 25.3566 15.6839 6.4
    endloop
  endfacet
  facet normal 0 0 1
    outer loop
      vertex 25.1711 17.1815 6.4
      vertex 25.2659 15.6455 6.4
      vertex 25.2659 17.1545 6.4
    endloop
  endfacet
  facet normal 0 0 1
    outer loop
      vertex 25.1711 17.1815 6.4
      vertex 25.1711 15.6185 6.4
      vertex 25.2659 15.6455 6.4
    endloop
  endfacet
  facet normal 0 0 1
    outer loop
      vertex 25.0738 17.1966 6.4
      vertex 25.1711 15.6185 6.4
      vertex 25.1711 17.1815 6.4
    endloop
  endfacet
  facet normal 0 0 1
    outer loop
      vertex 25.0738 17.1966 6.4
      vertex 25.0738 15.6034 6.4
      vertex 25.1711 15.6185 6.4
    endloop
  endfacet
  facet normal 0 0 1
    outer loop
      vertex 24.9754 17.1996 6.4
      vertex 25.0738 15.6034 6.4
      vertex 25.0738 17.1966 6.4
    endloop
  endfacet
  facet normal 0 0 1
    outer loop
      vertex 24.9754 17.1996 6.4
      vertex 24.9754 15.6004 6.4
      vertex 25.0738 15.6034 6.4
    endloop
  endfacet
  facet normal -0 0 1
    outer loop
      vertex 24.8773 17.1905 6.4
      vertex 24.9754 15.6004 6.4
      vertex 24.9754 17.1996 6.4
    endloop
  endfacet
  facet normal 0 0 1
    outer loop
      vertex 24.8773 17.1905 6.4
      vertex 24.8773 15.6095 6.4
      vertex 24.9754 15.6004 6.4
    endloop
  endfacet
  facet normal -0 0 1
    outer loop
      vertex 24.7811 17.1695 6.4
      vertex 24.8773 15.6095 6.4
      vertex 24.8773 17.1905 6.4
    endloop
  endfacet
  facet normal 0 0 1
    outer loop
      vertex 24.7811 17.1695 6.4
      vertex 24.7811 15.6305 6.4
      vertex 24.8773 15.6095 6.4
    endloop
  endfacet
  facet normal -0 0 1
    outer loop
      vertex 24.6882 17.1367 6.4
      vertex 24.7811 15.6305 6.4
      vertex 24.7811 17.1695 6.4
    endloop
  endfacet
  facet normal 0 0 1
    outer loop
      vertex 24.6882 17.1367 6.4
      vertex 24.6882 15.6633 6.4
      vertex 24.7811 15.6305 6.4
    endloop
  endfacet
  facet normal -0 0 1
    outer loop
      vertex 24.6 17.0928 6.4
      vertex 24.6882 15.6633 6.4
      vertex 24.6882 17.1367 6.4
    endloop
  endfacet
  facet normal 0 0 1
    outer loop
      vertex 24.6 17.0928 6.4
      vertex 24.6 15.7072 6.4
      vertex 24.6882 15.6633 6.4
    endloop
  endfacet
  facet normal -0 0 1
    outer loop
      vertex 24.5179 17.0384 6.4
      vertex 24.6 15.7072 6.4
      vertex 24.6 17.0928 6.4
    endloop
  endfacet
  facet normal 0 0 1
    outer loop
      vertex 24.5179 17.0384 6.4
      vertex 24.5179 15.7616 6.4
      vertex 24.6 15.7072 6.4
    endloop
  endfacet
  facet normal -0 0 1
    outer loop
      vertex 24.4431 16.9743 6.4
      vertex 24.5179 15.7616 6.4
      vertex 24.5179 17.0384 6.4
    endloop
  endfacet
  facet normal 0 0 1
    outer loop
      vertex 24.4431 16.9743 6.4
      vertex 24.4431 15.8257 6.4
      vertex 24.5179 15.7616 6.4
    endloop
  endfacet
  facet normal -0 0 1
    outer loop
      vertex 24.3767 16.9015 6.4
      vertex 24.4431 15.8257 6.4
      vertex 24.4431 16.9743 6.4
    endloop
  endfacet
  facet normal 0 0 1
    outer loop
      vertex 24.3767 16.9015 6.4
      vertex 24.3767 15.8985 6.4
      vertex 24.4431 15.8257 6.4
    endloop
  endfacet
  facet normal -0 0 1
    outer loop
      vertex 24.3198 16.8211 6.4
      vertex 24.3767 15.8985 6.4
      vertex 24.3767 16.9015 6.4
    endloop
  endfacet
  facet normal 0 0 1
    outer loop
      vertex 24.3198 16.8211 6.4
      vertex 24.3198 15.9789 6.4
      vertex 24.3767 15.8985 6.4
    endloop
  endfacet
  facet normal -0 0 1
    outer loop
      vertex 24.2732 16.7344 6.4
      vertex 24.3198 15.9789 6.4
      vertex 24.3198 16.8211 6.4
    endloop
  endfacet
  facet normal 0 0 1
    outer loop
      vertex 24.2732 16.7344 6.4
      vertex 24.2732 16.0656 6.4
      vertex 24.3198 15.9789 6.4
    endloop
  endfacet
  facet normal -0 0 1
    outer loop
      vertex 24.2376 16.6425 6.4
      vertex 24.2732 16.0656 6.4
      vertex 24.2732 16.7344 6.4
    endloop
  endfacet
  facet normal 0 0 1
    outer loop
      vertex 24.2376 16.6425 6.4
      vertex 24.2376 16.1575 6.4
      vertex 24.2732 16.0656 6.4
    endloop
  endfacet
  facet normal -0 0 1
    outer loop
      vertex 24.2136 16.547 6.4
      vertex 24.2376 16.1575 6.4
      vertex 24.2376 16.6425 6.4
    endloop
  endfacet
  facet normal 0 0 1
    outer loop
      vertex 24.2136 16.547 6.4
      vertex 24.2136 16.253 6.4
      vertex 24.2376 16.1575 6.4
    endloop
  endfacet
  facet normal -0 0 1
    outer loop
      vertex 24.2015 16.4492 6.4
      vertex 24.2136 16.253 6.4
      vertex 24.2136 16.547 6.4
    endloop
  endfacet
  facet normal 0 0 1
    outer loop
      vertex 24.2136 16.253 6.4
      vertex 24.2015 16.4492 6.4
      vertex 24.2015 16.3507 6.4
    endloop
  endfacet
  facet normal -0.213273 -0.976993 0
    outer loop
      vertex 24.7811 15.6305 1.5
      vertex 24.8773 15.6095 6.4
      vertex 24.7811 15.6305 6.4
    endloop
  endfacet
  facet normal -0.213273 -0.976993 -0
    outer loop
      vertex 24.8773 15.6095 6.4
      vertex 24.7811 15.6305 1.5
      vertex 24.8773 15.6095 1.5
    endloop
  endfacet
  facet normal 0.273917 -0.961753 0
    outer loop
      vertex 25.1711 15.6185 1.5
      vertex 25.2659 15.6455 6.4
      vertex 25.1711 15.6185 6.4
    endloop
  endfacet
  facet normal 0.273917 -0.961753 0
    outer loop
      vertex 25.2659 15.6455 6.4
      vertex 25.1711 15.6185 1.5
      vertex 25.2659 15.6455 1.5
    endloop
  endfacet
  facet normal -0.552355 -0.833609 0
    outer loop
      vertex 24.5179 15.7616 1.5
      vertex 24.6 15.7072 6.4
      vertex 24.5179 15.7616 6.4
    endloop
  endfacet
  facet normal -0.552355 -0.833609 -0
    outer loop
      vertex 24.6 15.7072 6.4
      vertex 24.5179 15.7616 1.5
      vertex 24.6 15.7072 1.5
    endloop
  endfacet
  facet normal -0.88083 0.473433 0
    outer loop
      vertex 24.2732 16.7344 1.5
      vertex 24.3198 16.8211 6.4
      vertex 24.3198 16.8211 1.5
    endloop
  endfacet
  facet normal -0.88083 0.473433 0
    outer loop
      vertex 24.3198 16.8211 6.4
      vertex 24.2732 16.7344 1.5
      vertex 24.2732 16.7344 6.4
    endloop
  endfacet
endsolid OpenSCAD_Model
